;SLICER:       Fractal Cortex
;FIRMWARE:     Klipper
;FILE:         L boites / 2 dir (marchait)
;--------------------------
;PRINT SETTINGS:
;--------------------------
;initialNozzleTemp:   215.0
;nozzleTemp:          210.0
;initialBedTemp:      60.0
;bedTemp:             60.0
;infillPercentage:    0.2
;shellThickness:      2
;layerHeight:         0.2
;lineWidth:           0.4
;initialPrintSpeed:   25.0
;printSpeed:          50.0
;initialTravelSpeed:  120.0
;travelSpeed:         120.0
;enableZHop:          False
;enableRetraction:    True
;retractionDistance:  5.0
;retractionSpeed:     40.0
;enableSupports:      False
;enableBrim:          False
;--------------------------
G28                   ;Home X, Y, & Z axes
home_ab               ;Home B Axis and Enable A Axis
M140 S60.0            ;Set initial bed temp
M105                  ;Get nozzle temp
M190 S60.0            ;Set initial bed temperature and wait
M104 S215.0           ;Set initial nozzle temperature
M105                  ;Get nozzle temp
M109 S215.0           ;Set initial nozzle temperature and wait
M82                   ;Absolute extrusion mode
Z_TILT_ADJUST         ;Z Tilt the Bed
G0 F3000.0 Z30.0
G0 X0.0 Y0.0
DIAG_CENTRALIZE
G0 X0.0 Y0.0
G92 E0                ;Reset extruder position
G1 F2700 E-5
;END OF HEADER
;Chunk 0
;Layer 0
G0 F1440.0 Z0.2
;Shell(s)
G1 F2400.0 E-5.0 ; Retraction
G0 F7200.0 X-7.3 Y-7.3
G1 F2400.0 E0 ; Reversed Retraction
G1 F1500.0 X-7.3 Y7.3 E0.4856
G1 F1500.0 X7.3 Y7.3 E0.9712
G1 F1500.0 X7.3 Y-7.3 E1.45679
G1 F1500.0 X-7.3 Y-7.3 E1.94239
G1 F2400.0 E-3.05761 ; Retraction
G0 F7200.0 X-6.9 Y-6.9
G1 F2400.0 E1.94239 ; Reversed Retraction
G1 F1500.0 X-6.9 Y6.9 E2.40138
G1 F1500.0 X6.9 Y6.9 E2.86037
G1 F1500.0 X6.9 Y-6.9 E3.31936
G1 F1500.0 X-6.9 Y-6.9 E3.77835
;Solid Infill
G1 F2400.0 E-1.22165 ; Retraction
G0 F7200.0 X-6.90001 Y-6.90001
G1 F2400.0 E3.77835 ; Reversed Retraction
G1 F1500.0 X6.90001 Y6.90001 E4.42746
G1 F2400.0 E-0.57254 ; Retraction
G0 F7200.0 X6.33432 Y6.90001
G1 F2400.0 E4.42746 ; Reversed Retraction
G1 F1500.0 X-6.90001 Y-6.33432 E5.04996
G1 F2400.0 E0.04996 ; Retraction
G0 F7200.0 X-6.90001 Y-5.76864
G1 F2400.0 E5.04996 ; Reversed Retraction
G1 F1500.0 X5.76864 Y6.90001 E5.64586
G1 F2400.0 E0.64586 ; Retraction
G0 F7200.0 X5.20295 Y6.90001
G1 F2400.0 E5.64586 ; Reversed Retraction
G1 F1500.0 X-6.90001 Y-5.20295 E6.21514
G1 F2400.0 E1.21514 ; Retraction
G0 F7200.0 X-6.90001 Y-4.63727
G1 F2400.0 E6.21514 ; Reversed Retraction
G1 F1500.0 X4.63727 Y6.90001 E6.75782
G1 F2400.0 E1.75782 ; Retraction
G0 F7200.0 X4.07158 Y6.90001
G1 F2400.0 E6.75782 ; Reversed Retraction
G1 F1500.0 X-6.90001 Y-4.07158 E7.27389
G1 F2400.0 E2.27389 ; Retraction
G0 F7200.0 X-6.90001 Y-3.5059
G1 F2400.0 E7.27389 ; Reversed Retraction
G1 F1500.0 X3.5059 Y6.90001 E7.76336
G1 F2400.0 E2.76336 ; Retraction
G0 F7200.0 X2.94021 Y6.90001
G1 F2400.0 E7.76336 ; Reversed Retraction
G1 F1500.0 X-6.90001 Y-2.94021 E8.22621
G1 F2400.0 E3.22621 ; Retraction
G0 F7200.0 X-6.90001 Y-2.37453
G1 F2400.0 E8.22621 ; Reversed Retraction
G1 F1500.0 X2.37453 Y6.90001 E8.66245
G1 F2400.0 E3.66245 ; Retraction
G0 F7200.0 X1.80884 Y6.90001
G1 F2400.0 E8.66245 ; Reversed Retraction
G1 F1500.0 X-6.90001 Y-1.80884 E9.07209
G1 F2400.0 E4.07209 ; Retraction
G0 F7200.0 X-6.90001 Y-1.24316
G1 F2400.0 E9.07209 ; Reversed Retraction
G1 F1500.0 X1.24316 Y6.90001 E9.45512
G1 F2400.0 E4.45512 ; Retraction
G0 F7200.0 X0.67747 Y6.90001
G1 F2400.0 E9.45512 ; Reversed Retraction
G1 F1500.0 X-6.90001 Y-0.67747 E9.81154
G1 F2400.0 E4.81154 ; Retraction
G0 F7200.0 X-6.90001 Y-0.11178
G1 F2400.0 E9.81154 ; Reversed Retraction
G1 F1500.0 X0.11178 Y6.90001 E10.14136
G1 F2400.0 E5.14136 ; Retraction
G0 F7200.0 X-0.4539 Y6.90001
G1 F2400.0 E10.14136 ; Reversed Retraction
G1 F1500.0 X-6.90001 Y0.4539 E10.44456
G1 F2400.0 E5.44456 ; Retraction
G0 F7200.0 X-6.90001 Y1.01959
G1 F2400.0 E10.44456 ; Reversed Retraction
G1 F1500.0 X-1.01959 Y6.90001 E10.72116
G1 F2400.0 E5.72116 ; Retraction
G0 F7200.0 X-1.58527 Y6.90001
G1 F2400.0 E10.72116 ; Reversed Retraction
G1 F1500.0 X-6.90001 Y1.58527 E10.97115
G1 F2400.0 E5.97115 ; Retraction
G0 F7200.0 X-6.90001 Y2.15096
G1 F2400.0 E10.97115 ; Reversed Retraction
G1 F1500.0 X-2.15096 Y6.90001 E11.19453
G1 F2400.0 E6.19453 ; Retraction
G0 F7200.0 X-2.71664 Y6.90001
G1 F2400.0 E11.19453 ; Reversed Retraction
G1 F1500.0 X-6.90001 Y2.71664 E11.3913
G1 F2400.0 E6.3913 ; Retraction
G0 F7200.0 X-6.90001 Y3.28233
G1 F2400.0 E11.3913 ; Reversed Retraction
G1 F1500.0 X-3.28233 Y6.90001 E11.56147
G1 F2400.0 E6.56147 ; Retraction
G0 F7200.0 X-3.84801 Y6.90001
G1 F2400.0 E11.56147 ; Reversed Retraction
G1 F1500.0 X-6.90001 Y3.84801 E11.70502
G1 F2400.0 E6.70502 ; Retraction
G0 F7200.0 X-6.90001 Y4.4137
G1 F2400.0 E11.70502 ; Reversed Retraction
G1 F1500.0 X-4.4137 Y6.90001 E11.82197
G1 F2400.0 E6.82197 ; Retraction
G0 F7200.0 X-4.97938 Y6.90001
G1 F2400.0 E11.82197 ; Reversed Retraction
G1 F1500.0 X-6.90001 Y4.97938 E11.91231
G1 F2400.0 E6.91231 ; Retraction
G0 F7200.0 X-6.90001 Y5.54507
G1 F2400.0 E11.91231 ; Reversed Retraction
G1 F1500.0 X-5.54507 Y6.90001 E11.97604
G1 F2400.0 E6.97604 ; Retraction
G0 F7200.0 X-6.11075 Y6.90001
G1 F2400.0 E11.97604 ; Reversed Retraction
G1 F1500.0 X-6.90001 Y6.11075 E12.01317
G1 F2400.0 E7.01317 ; Retraction
G0 F7200.0 X-6.33432 Y-6.90001
G1 F2400.0 E12.01317 ; Reversed Retraction
G1 F1500.0 X6.90001 Y6.33432 E12.63567
G1 F2400.0 E7.63567 ; Retraction
G0 F7200.0 X6.90001 Y5.76864
G1 F2400.0 E12.63567 ; Reversed Retraction
G1 F1500.0 X-5.76864 Y-6.90001 E13.23157
G1 F2400.0 E8.23157 ; Retraction
G0 F7200.0 X-5.20295 Y-6.90001
G1 F2400.0 E13.23157 ; Reversed Retraction
G1 F1500.0 X6.90001 Y5.20295 E13.80085
G1 F2400.0 E8.80085 ; Retraction
G0 F7200.0 X6.90001 Y4.63727
G1 F2400.0 E13.80085 ; Reversed Retraction
G1 F1500.0 X-4.63727 Y-6.90001 E14.34353
G1 F2400.0 E9.34353 ; Retraction
G0 F7200.0 X-4.07158 Y-6.90001
G1 F2400.0 E14.34353 ; Reversed Retraction
G1 F1500.0 X6.90001 Y4.07158 E14.8596
G1 F2400.0 E9.8596 ; Retraction
G0 F7200.0 X6.90001 Y3.5059
G1 F2400.0 E14.8596 ; Reversed Retraction
G1 F1500.0 X-3.5059 Y-6.90001 E15.34906
G1 F2400.0 E10.34906 ; Retraction
G0 F7200.0 X-2.94021 Y-6.90001
G1 F2400.0 E15.34906 ; Reversed Retraction
G1 F1500.0 X6.90001 Y2.94021 E15.81192
G1 F2400.0 E10.81192 ; Retraction
G0 F7200.0 X6.90001 Y2.37453
G1 F2400.0 E15.81192 ; Reversed Retraction
G1 F1500.0 X-2.37453 Y-6.90001 E16.24816
G1 F2400.0 E11.24816 ; Retraction
G0 F7200.0 X-1.80884 Y-6.90001
G1 F2400.0 E16.24816 ; Reversed Retraction
G1 F1500.0 X6.90001 Y1.80884 E16.6578
G1 F2400.0 E11.6578 ; Retraction
G0 F7200.0 X6.90001 Y1.24316
G1 F2400.0 E16.6578 ; Reversed Retraction
G1 F1500.0 X-1.24316 Y-6.90001 E17.04083
G1 F2400.0 E12.04083 ; Retraction
G0 F7200.0 X-0.67747 Y-6.90001
G1 F2400.0 E17.04083 ; Reversed Retraction
G1 F1500.0 X6.90001 Y0.67747 E17.39725
G1 F2400.0 E12.39725 ; Retraction
G0 F7200.0 X6.90001 Y0.11178
G1 F2400.0 E17.39725 ; Reversed Retraction
G1 F1500.0 X-0.11178 Y-6.90001 E17.72706
G1 F2400.0 E12.72706 ; Retraction
G0 F7200.0 X0.4539 Y-6.90001
G1 F2400.0 E17.72706 ; Reversed Retraction
G1 F1500.0 X6.90001 Y-0.4539 E18.03027
G1 F2400.0 E13.03027 ; Retraction
G0 F7200.0 X6.90001 Y-1.01959
G1 F2400.0 E18.03027 ; Reversed Retraction
G1 F1500.0 X1.01959 Y-6.90001 E18.30687
G1 F2400.0 E13.30687 ; Retraction
G0 F7200.0 X1.58527 Y-6.90001
G1 F2400.0 E18.30687 ; Reversed Retraction
G1 F1500.0 X6.90001 Y-1.58527 E18.55685
G1 F2400.0 E13.55685 ; Retraction
G0 F7200.0 X6.90001 Y-2.15096
G1 F2400.0 E18.55685 ; Reversed Retraction
G1 F1500.0 X2.15096 Y-6.90001 E18.78024
G1 F2400.0 E13.78024 ; Retraction
G0 F7200.0 X2.71664 Y-6.90001
G1 F2400.0 E18.78024 ; Reversed Retraction
G1 F1500.0 X6.90001 Y-2.71664 E18.97701
G1 F2400.0 E13.97701 ; Retraction
G0 F7200.0 X6.90001 Y-3.28233
G1 F2400.0 E18.97701 ; Reversed Retraction
G1 F1500.0 X3.28233 Y-6.90001 E19.14717
G1 F2400.0 E14.14717 ; Retraction
G0 F7200.0 X3.84801 Y-6.90001
G1 F2400.0 E19.14717 ; Reversed Retraction
G1 F1500.0 X6.90001 Y-3.84801 E19.29073
G1 F2400.0 E14.29073 ; Retraction
G0 F7200.0 X6.90001 Y-4.4137
G1 F2400.0 E19.29073 ; Reversed Retraction
G1 F1500.0 X4.4137 Y-6.90001 E19.40768
G1 F2400.0 E14.40768 ; Retraction
G0 F7200.0 X4.97938 Y-6.90001
G1 F2400.0 E19.40768 ; Reversed Retraction
G1 F1500.0 X6.90001 Y-4.97938 E19.49802
G1 F2400.0 E14.49802 ; Retraction
G0 F7200.0 X6.90001 Y-5.54507
G1 F2400.0 E19.49802 ; Reversed Retraction
G1 F1500.0 X5.54507 Y-6.90001 E19.56175
G1 F2400.0 E14.56175 ; Retraction
G0 F7200.0 X6.11075 Y-6.90001
G1 F2400.0 E19.56175 ; Reversed Retraction
G1 F1500.0 X6.90001 Y-6.11075 E19.59888
;Layer 1
M104 S210.0   ;Set nozzle temperature for remainder of print
M140 S60.0    ;Set bed temp for remainder of print
G0 F1440.0 Z0.4
;Shell(s)
G1 F2400.0 E14.59888 ; Retraction
G0 F7200.0 X-7.3 Y-7.3
G1 F2400.0 E19.59888 ; Reversed Retraction
G1 F3000.0 X-7.3 Y7.3 E20.08447
G1 F3000.0 X7.3 Y7.3 E20.57007
G1 F3000.0 X7.3 Y-7.3 E21.05567
G1 F3000.0 X-7.3 Y-7.3 E21.54127
G1 F2400.0 E16.54127 ; Retraction
G0 F7200.0 X-6.9 Y-6.9
G1 F2400.0 E21.54127 ; Reversed Retraction
G1 F3000.0 X-6.9 Y6.9 E22.00026
G1 F3000.0 X6.9 Y6.9 E22.45925
G1 F3000.0 X6.9 Y-6.9 E22.91824
G1 F3000.0 X-6.9 Y-6.9 E23.37723
;Solid Infill
G1 F2400.0 E18.37723 ; Retraction
G0 F7200.0 X-6.90001 Y-6.11075
G1 F2400.0 E23.37723 ; Reversed Retraction
G1 F3000.0 X-6.11075 Y-6.90001 E23.41435
G1 F2400.0 E18.41435 ; Retraction
G0 F7200.0 X-5.54507 Y-6.90001
G1 F2400.0 E23.41435 ; Reversed Retraction
G1 F3000.0 X-6.90001 Y-5.54507 E23.47808
G1 F2400.0 E18.47808 ; Retraction
G0 F7200.0 X-6.90001 Y-4.97938
G1 F2400.0 E23.47808 ; Reversed Retraction
G1 F3000.0 X-4.97938 Y-6.90001 E23.56842
G1 F2400.0 E18.56842 ; Retraction
G0 F7200.0 X-4.4137 Y-6.90001
G1 F2400.0 E23.56842 ; Reversed Retraction
G1 F3000.0 X-6.90001 Y-4.4137 E23.68537
G1 F2400.0 E18.68537 ; Retraction
G0 F7200.0 X-6.90001 Y-3.84801
G1 F2400.0 E23.68537 ; Reversed Retraction
G1 F3000.0 X-3.84801 Y-6.90001 E23.82893
G1 F2400.0 E18.82893 ; Retraction
G0 F7200.0 X-3.28233 Y-6.90001
G1 F2400.0 E23.82893 ; Reversed Retraction
G1 F3000.0 X-6.90001 Y-3.28233 E23.99909
G1 F2400.0 E18.99909 ; Retraction
G0 F7200.0 X-6.90001 Y-2.71664
G1 F2400.0 E23.99909 ; Reversed Retraction
G1 F3000.0 X-2.71664 Y-6.90001 E24.19587
G1 F2400.0 E19.19587 ; Retraction
G0 F7200.0 X-2.15096 Y-6.90001
G1 F2400.0 E24.19587 ; Reversed Retraction
G1 F3000.0 X-6.90001 Y-2.15096 E24.41925
G1 F2400.0 E19.41925 ; Retraction
G0 F7200.0 X-6.90001 Y-1.58527
G1 F2400.0 E24.41925 ; Reversed Retraction
G1 F3000.0 X-1.58527 Y-6.90001 E24.66924
G1 F2400.0 E19.66924 ; Retraction
G0 F7200.0 X-1.01959 Y-6.90001
G1 F2400.0 E24.66924 ; Reversed Retraction
G1 F3000.0 X-6.90001 Y-1.01959 E24.94583
G1 F2400.0 E19.94583 ; Retraction
G0 F7200.0 X-6.90001 Y-0.4539
G1 F2400.0 E24.94583 ; Reversed Retraction
G1 F3000.0 X-0.4539 Y-6.90001 E25.24904
G1 F2400.0 E20.24904 ; Retraction
G0 F7200.0 X0.11178 Y-6.90001
G1 F2400.0 E25.24904 ; Reversed Retraction
G1 F3000.0 X-6.90001 Y0.11178 E25.57885
G1 F2400.0 E20.57885 ; Retraction
G0 F7200.0 X-6.90001 Y0.67747
G1 F2400.0 E25.57885 ; Reversed Retraction
G1 F3000.0 X0.67747 Y-6.90001 E25.93527
G1 F2400.0 E20.93527 ; Retraction
G0 F7200.0 X1.24316 Y-6.90001
G1 F2400.0 E25.93527 ; Reversed Retraction
G1 F3000.0 X-6.90001 Y1.24316 E26.3183
G1 F2400.0 E21.3183 ; Retraction
G0 F7200.0 X-6.90001 Y1.80884
G1 F2400.0 E26.3183 ; Reversed Retraction
G1 F3000.0 X1.80884 Y-6.90001 E26.72794
G1 F2400.0 E21.72794 ; Retraction
G0 F7200.0 X2.37453 Y-6.90001
G1 F2400.0 E26.72794 ; Reversed Retraction
G1 F3000.0 X-6.90001 Y2.37453 E27.16419
G1 F2400.0 E22.16419 ; Retraction
G0 F7200.0 X-6.90001 Y2.94021
G1 F2400.0 E27.16419 ; Reversed Retraction
G1 F3000.0 X2.94021 Y-6.90001 E27.62704
G1 F2400.0 E22.62704 ; Retraction
G0 F7200.0 X3.5059 Y-6.90001
G1 F2400.0 E27.62704 ; Reversed Retraction
G1 F3000.0 X-6.90001 Y3.5059 E28.1165
G1 F2400.0 E23.1165 ; Retraction
G0 F7200.0 X-6.90001 Y4.07158
G1 F2400.0 E28.1165 ; Reversed Retraction
G1 F3000.0 X4.07158 Y-6.90001 E28.63257
G1 F2400.0 E23.63257 ; Retraction
G0 F7200.0 X4.63727 Y-6.90001
G1 F2400.0 E28.63257 ; Reversed Retraction
G1 F3000.0 X-6.90001 Y4.63727 E29.17525
G1 F2400.0 E24.17525 ; Retraction
G0 F7200.0 X-6.90001 Y5.20295
G1 F2400.0 E29.17525 ; Reversed Retraction
G1 F3000.0 X5.20295 Y-6.90001 E29.74454
G1 F2400.0 E24.74454 ; Retraction
G0 F7200.0 X5.76864 Y-6.90001
G1 F2400.0 E29.74454 ; Reversed Retraction
G1 F3000.0 X-6.90001 Y5.76864 E30.34043
G1 F2400.0 E25.34043 ; Retraction
G0 F7200.0 X-6.90001 Y6.33432
G1 F2400.0 E30.34043 ; Reversed Retraction
G1 F3000.0 X6.33432 Y-6.90001 E30.96293
G1 F2400.0 E25.96293 ; Retraction
G0 F7200.0 X6.90001 Y-6.90001
G1 F2400.0 E30.96293 ; Reversed Retraction
G1 F3000.0 X-6.90001 Y6.90001 E31.61204
G1 F2400.0 E26.61204 ; Retraction
G0 F7200.0 X-6.33432 Y6.90001
G1 F2400.0 E31.61204 ; Reversed Retraction
G1 F3000.0 X6.90001 Y-6.33432 E32.23455
G1 F2400.0 E27.23455 ; Retraction
G0 F7200.0 X6.90001 Y-5.76864
G1 F2400.0 E32.23455 ; Reversed Retraction
G1 F3000.0 X-5.76864 Y6.90001 E32.83044
G1 F2400.0 E27.83044 ; Retraction
G0 F7200.0 X-5.20295 Y6.90001
G1 F2400.0 E32.83044 ; Reversed Retraction
G1 F3000.0 X6.90001 Y-5.20295 E33.39973
G1 F2400.0 E28.39973 ; Retraction
G0 F7200.0 X6.90001 Y-4.63727
G1 F2400.0 E33.39973 ; Reversed Retraction
G1 F3000.0 X-4.63727 Y6.90001 E33.9424
G1 F2400.0 E28.9424 ; Retraction
G0 F7200.0 X-4.07158 Y6.90001
G1 F2400.0 E33.9424 ; Reversed Retraction
G1 F3000.0 X6.90001 Y-4.07158 E34.45847
G1 F2400.0 E29.45847 ; Retraction
G0 F7200.0 X6.90001 Y-3.5059
G1 F2400.0 E34.45847 ; Reversed Retraction
G1 F3000.0 X-3.5059 Y6.90001 E34.94794
G1 F2400.0 E29.94794 ; Retraction
G0 F7200.0 X-2.94021 Y6.90001
G1 F2400.0 E34.94794 ; Reversed Retraction
G1 F3000.0 X6.90001 Y-2.94021 E35.41079
G1 F2400.0 E30.41079 ; Retraction
G0 F7200.0 X6.90001 Y-2.37453
G1 F2400.0 E35.41079 ; Reversed Retraction
G1 F3000.0 X-2.37453 Y6.90001 E35.84704
G1 F2400.0 E30.84704 ; Retraction
G0 F7200.0 X-1.80884 Y6.90001
G1 F2400.0 E35.84704 ; Reversed Retraction
G1 F3000.0 X6.90001 Y-1.80884 E36.25667
G1 F2400.0 E31.25667 ; Retraction
G0 F7200.0 X6.90001 Y-1.24316
G1 F2400.0 E36.25667 ; Reversed Retraction
G1 F3000.0 X-1.24316 Y6.90001 E36.6397
G1 F2400.0 E31.6397 ; Retraction
G0 F7200.0 X-0.67747 Y6.90001
G1 F2400.0 E36.6397 ; Reversed Retraction
G1 F3000.0 X6.90001 Y-0.67747 E36.99613
G1 F2400.0 E31.99613 ; Retraction
G0 F7200.0 X6.90001 Y-0.11178
G1 F2400.0 E36.99613 ; Reversed Retraction
G1 F3000.0 X-0.11178 Y6.90001 E37.32594
G1 F2400.0 E32.32594 ; Retraction
G0 F7200.0 X0.4539 Y6.90001
G1 F2400.0 E37.32594 ; Reversed Retraction
G1 F3000.0 X6.90001 Y0.4539 E37.62914
G1 F2400.0 E32.62914 ; Retraction
G0 F7200.0 X6.90001 Y1.01959
G1 F2400.0 E37.62914 ; Reversed Retraction
G1 F3000.0 X1.01959 Y6.90001 E37.90574
G1 F2400.0 E32.90574 ; Retraction
G0 F7200.0 X1.58527 Y6.90001
G1 F2400.0 E37.90574 ; Reversed Retraction
G1 F3000.0 X6.90001 Y1.58527 E38.15573
G1 F2400.0 E33.15573 ; Retraction
G0 F7200.0 X6.90001 Y2.15096
G1 F2400.0 E38.15573 ; Reversed Retraction
G1 F3000.0 X2.15096 Y6.90001 E38.37911
G1 F2400.0 E33.37911 ; Retraction
G0 F7200.0 X2.71664 Y6.90001
G1 F2400.0 E38.37911 ; Reversed Retraction
G1 F3000.0 X6.90001 Y2.71664 E38.57588
G1 F2400.0 E33.57588 ; Retraction
G0 F7200.0 X6.90001 Y3.28233
G1 F2400.0 E38.57588 ; Reversed Retraction
G1 F3000.0 X3.28233 Y6.90001 E38.74605
G1 F2400.0 E33.74605 ; Retraction
G0 F7200.0 X3.84801 Y6.90001
G1 F2400.0 E38.74605 ; Reversed Retraction
G1 F3000.0 X6.90001 Y3.84801 E38.8896
G1 F2400.0 E33.8896 ; Retraction
G0 F7200.0 X6.90001 Y4.4137
G1 F2400.0 E38.8896 ; Reversed Retraction
G1 F3000.0 X4.4137 Y6.90001 E39.00655
G1 F2400.0 E34.00655 ; Retraction
G0 F7200.0 X4.97938 Y6.90001
G1 F2400.0 E39.00655 ; Reversed Retraction
G1 F3000.0 X6.90001 Y4.97938 E39.09689
G1 F2400.0 E34.09689 ; Retraction
G0 F7200.0 X6.90001 Y5.54507
G1 F2400.0 E39.09689 ; Reversed Retraction
G1 F3000.0 X5.54507 Y6.90001 E39.16063
G1 F2400.0 E34.16063 ; Retraction
G0 F7200.0 X6.11075 Y6.90001
G1 F2400.0 E39.16063 ; Reversed Retraction
G1 F3000.0 X6.90001 Y6.11075 E39.19775
;Layer 2
G0 F1440.0 Z0.6
;Shell(s)
G1 F2400.0 E34.19775 ; Retraction
G0 F7200.0 X-7.3 Y-7.3
G1 F2400.0 E39.19775 ; Reversed Retraction
G1 F3000.0 X-7.3 Y7.3 E39.68335
G1 F3000.0 X7.3 Y7.3 E40.16895
G1 F3000.0 X7.3 Y-7.3 E40.65454
G1 F3000.0 X-7.3 Y-7.3 E41.14014
G1 F2400.0 E36.14014 ; Retraction
G0 F7200.0 X-6.9 Y-6.9
G1 F2400.0 E41.14014 ; Reversed Retraction
G1 F3000.0 X-6.9 Y6.9 E41.59913
G1 F3000.0 X6.9 Y6.9 E42.05812
G1 F3000.0 X6.9 Y-6.9 E42.51711
G1 F3000.0 X-6.9 Y-6.9 E42.9761
;Internal Infill
G1 F2400.0 E37.9761 ; Retraction
G0 F7200.0 X-6.90003 Y-6.0
G1 F2400.0 E42.9761 ; Reversed Retraction
G1 F3000.0 X6.90003 Y-6.0 E43.43509
G1 F2400.0 E38.43509 ; Retraction
G0 F7200.0 X2.94447 Y-6.90003
G1 F2400.0 E43.43509 ; Reversed Retraction
G1 F3000.0 X6.90003 Y-0.0488 E43.69822
G1 F2400.0 E38.69822 ; Retraction
G0 F7200.0 X6.90003 Y0.0
G1 F2400.0 E43.69822 ; Reversed Retraction
G1 F3000.0 X-6.90003 Y0.0 E44.15721
G1 F2400.0 E39.15721 ; Retraction
G0 F7200.0 X-6.90003 Y0.0488
G1 F2400.0 E44.15721 ; Reversed Retraction
G1 F3000.0 X-2.94447 Y6.90003 E44.42034
G1 F2400.0 E39.42034 ; Retraction
G0 F7200.0 X-3.98373 Y6.90003
G1 F2400.0 E44.42034 ; Reversed Retraction
G1 F3000.0 X3.98373 Y-6.90003 E44.95033
G1 F2400.0 E39.95033 ; Retraction
G0 F7200.0 X-3.98373 Y-6.90003
G1 F2400.0 E44.95033 ; Reversed Retraction
G1 F3000.0 X3.98373 Y6.90003 E45.48033
G1 F2400.0 E40.48033 ; Retraction
G0 F7200.0 X2.94447 Y6.90003
G1 F2400.0 E45.48033 ; Reversed Retraction
G1 F3000.0 X6.90003 Y0.0488 E45.74346
G1 F2400.0 E40.74346 ; Retraction
G0 F7200.0 X6.90003 Y6.0
G1 F2400.0 E45.74346 ; Reversed Retraction
G1 F3000.0 X-6.90003 Y6.0 E46.20245
G1 F2400.0 E41.20245 ; Retraction
G0 F7200.0 X-6.90003 Y-0.0488
G1 F2400.0 E46.20245 ; Reversed Retraction
G1 F3000.0 X-2.94447 Y-6.90003 E46.46557
;Layer 3
G0 F1440.0 Z0.8
;Shell(s)
G1 F2400.0 E41.46557 ; Retraction
G0 F7200.0 X-7.3 Y-7.3
G1 F2400.0 E46.46557 ; Reversed Retraction
G1 F3000.0 X-7.3 Y7.3 E46.95117
G1 F3000.0 X7.3 Y7.3 E47.43677
G1 F3000.0 X7.3 Y-7.3 E47.92237
G1 F3000.0 X-7.3 Y-7.3 E48.40796
G1 F2400.0 E43.40796 ; Retraction
G0 F7200.0 X-6.9 Y-6.9
G1 F2400.0 E48.40796 ; Reversed Retraction
G1 F3000.0 X-6.9 Y6.9 E48.86695
G1 F3000.0 X6.9 Y6.9 E49.32594
G1 F3000.0 X6.9 Y-6.9 E49.78493
G1 F3000.0 X-6.9 Y-6.9 E50.24392
;Internal Infill
G1 F2400.0 E45.24392 ; Retraction
G0 F7200.0 X-6.90003 Y-6.0
G1 F2400.0 E50.24392 ; Reversed Retraction
G1 F3000.0 X6.90003 Y-6.0 E50.70292
G1 F2400.0 E45.70292 ; Retraction
G0 F7200.0 X2.94447 Y-6.90003
G1 F2400.0 E50.70292 ; Reversed Retraction
G1 F3000.0 X6.90003 Y-0.0488 E50.96604
G1 F2400.0 E45.96604 ; Retraction
G0 F7200.0 X6.90003 Y0.0
G1 F2400.0 E50.96604 ; Reversed Retraction
G1 F3000.0 X-6.90003 Y0.0 E51.42503
G1 F2400.0 E46.42503 ; Retraction
G0 F7200.0 X-6.90003 Y0.0488
G1 F2400.0 E51.42503 ; Reversed Retraction
G1 F3000.0 X-2.94447 Y6.90003 E51.68816
G1 F2400.0 E46.68816 ; Retraction
G0 F7200.0 X-3.98373 Y6.90003
G1 F2400.0 E51.68816 ; Reversed Retraction
G1 F3000.0 X3.98373 Y-6.90003 E52.21816
G1 F2400.0 E47.21816 ; Retraction
G0 F7200.0 X-3.98373 Y-6.90003
G1 F2400.0 E52.21816 ; Reversed Retraction
G1 F3000.0 X3.98373 Y6.90003 E52.74815
G1 F2400.0 E47.74815 ; Retraction
G0 F7200.0 X2.94447 Y6.90003
G1 F2400.0 E52.74815 ; Reversed Retraction
G1 F3000.0 X6.90003 Y0.0488 E53.01128
G1 F2400.0 E48.01128 ; Retraction
G0 F7200.0 X6.90003 Y6.0
G1 F2400.0 E53.01128 ; Reversed Retraction
G1 F3000.0 X-6.90003 Y6.0 E53.47027
G1 F2400.0 E48.47027 ; Retraction
G0 F7200.0 X-6.90003 Y-0.0488
G1 F2400.0 E53.47027 ; Reversed Retraction
G1 F3000.0 X-2.94447 Y-6.90003 E53.7334
;Layer 4
G0 F1440.0 Z1.0
;Shell(s)
G1 F2400.0 E48.7334 ; Retraction
G0 F7200.0 X-7.3 Y-7.3
G1 F2400.0 E53.7334 ; Reversed Retraction
G1 F3000.0 X-7.3 Y7.3 E54.21899
G1 F3000.0 X7.3 Y7.3 E54.70459
G1 F3000.0 X7.3 Y-7.3 E55.19019
G1 F3000.0 X-7.3 Y-7.3 E55.67579
G1 F2400.0 E50.67579 ; Retraction
G0 F7200.0 X-6.9 Y-6.9
G1 F2400.0 E55.67579 ; Reversed Retraction
G1 F3000.0 X-6.9 Y6.9 E56.13478
G1 F3000.0 X6.9 Y6.9 E56.59377
G1 F3000.0 X6.9 Y-6.9 E57.05276
G1 F3000.0 X-6.9 Y-6.9 E57.51175
;Internal Infill
G1 F2400.0 E52.51175 ; Retraction
G0 F7200.0 X-6.90003 Y-6.0
G1 F2400.0 E57.51175 ; Reversed Retraction
G1 F3000.0 X6.90003 Y-6.0 E57.97074
G1 F2400.0 E52.97074 ; Retraction
G0 F7200.0 X2.94447 Y-6.90003
G1 F2400.0 E57.97074 ; Reversed Retraction
G1 F3000.0 X6.90003 Y-0.0488 E58.23386
G1 F2400.0 E53.23386 ; Retraction
G0 F7200.0 X6.90003 Y0.0
G1 F2400.0 E58.23386 ; Reversed Retraction
G1 F3000.0 X-6.90003 Y0.0 E58.69286
G1 F2400.0 E53.69286 ; Retraction
G0 F7200.0 X-6.90003 Y0.0488
G1 F2400.0 E58.69286 ; Reversed Retraction
G1 F3000.0 X-2.94447 Y6.90003 E58.95598
G1 F2400.0 E53.95598 ; Retraction
G0 F7200.0 X-3.98373 Y6.90003
G1 F2400.0 E58.95598 ; Reversed Retraction
G1 F3000.0 X3.98373 Y-6.90003 E59.48598
G1 F2400.0 E54.48598 ; Retraction
G0 F7200.0 X-3.98373 Y-6.90003
G1 F2400.0 E59.48598 ; Reversed Retraction
G1 F3000.0 X3.98373 Y6.90003 E60.01598
G1 F2400.0 E55.01598 ; Retraction
G0 F7200.0 X2.94447 Y6.90003
G1 F2400.0 E60.01598 ; Reversed Retraction
G1 F3000.0 X6.90003 Y0.0488 E60.2791
G1 F2400.0 E55.2791 ; Retraction
G0 F7200.0 X6.90003 Y6.0
G1 F2400.0 E60.2791 ; Reversed Retraction
G1 F3000.0 X-6.90003 Y6.0 E60.73809
G1 F2400.0 E55.73809 ; Retraction
G0 F7200.0 X-6.90003 Y-0.0488
G1 F2400.0 E60.73809 ; Reversed Retraction
G1 F3000.0 X-2.94447 Y-6.90003 E61.00122
;Layer 5
G0 F1440.0 Z1.2
;Shell(s)
G1 F2400.0 E56.00122 ; Retraction
G0 F7200.0 X-7.3 Y-7.3
G1 F2400.0 E61.00122 ; Reversed Retraction
G1 F3000.0 X-7.3 Y7.3 E61.48682
G1 F3000.0 X7.3 Y7.3 E61.97241
G1 F3000.0 X7.3 Y-7.3 E62.45801
G1 F3000.0 X-7.3 Y-7.3 E62.94361
G1 F2400.0 E57.94361 ; Retraction
G0 F7200.0 X-6.9 Y-6.9
G1 F2400.0 E62.94361 ; Reversed Retraction
G1 F3000.0 X-6.9 Y6.9 E63.4026
G1 F3000.0 X6.9 Y6.9 E63.86159
G1 F3000.0 X6.9 Y-6.9 E64.32058
G1 F3000.0 X-6.9 Y-6.9 E64.77957
;Internal Infill
G1 F2400.0 E59.77957 ; Retraction
G0 F7200.0 X-6.90003 Y-6.0
G1 F2400.0 E64.77957 ; Reversed Retraction
G1 F3000.0 X6.90003 Y-6.0 E65.23856
G1 F2400.0 E60.23856 ; Retraction
G0 F7200.0 X2.94447 Y-6.90003
G1 F2400.0 E65.23856 ; Reversed Retraction
G1 F3000.0 X6.90003 Y-0.0488 E65.50169
G1 F2400.0 E60.50169 ; Retraction
G0 F7200.0 X6.90003 Y0.0
G1 F2400.0 E65.50169 ; Reversed Retraction
G1 F3000.0 X-6.90003 Y0.0 E65.96068
G1 F2400.0 E60.96068 ; Retraction
G0 F7200.0 X-6.90003 Y0.0488
G1 F2400.0 E65.96068 ; Reversed Retraction
G1 F3000.0 X-2.94447 Y6.90003 E66.2238
G1 F2400.0 E61.2238 ; Retraction
G0 F7200.0 X-3.98373 Y6.90003
G1 F2400.0 E66.2238 ; Reversed Retraction
G1 F3000.0 X3.98373 Y-6.90003 E66.7538
G1 F2400.0 E61.7538 ; Retraction
G0 F7200.0 X-3.98373 Y-6.90003
G1 F2400.0 E66.7538 ; Reversed Retraction
G1 F3000.0 X3.98373 Y6.90003 E67.2838
G1 F2400.0 E62.2838 ; Retraction
G0 F7200.0 X2.94447 Y6.90003
G1 F2400.0 E67.2838 ; Reversed Retraction
G1 F3000.0 X6.90003 Y0.0488 E67.54692
G1 F2400.0 E62.54692 ; Retraction
G0 F7200.0 X6.90003 Y6.0
G1 F2400.0 E67.54692 ; Reversed Retraction
G1 F3000.0 X-6.90003 Y6.0 E68.00592
G1 F2400.0 E63.00592 ; Retraction
G0 F7200.0 X-6.90003 Y-0.0488
G1 F2400.0 E68.00592 ; Reversed Retraction
G1 F3000.0 X-2.94447 Y-6.90003 E68.26904
;Layer 6
G0 F1440.0 Z1.4
;Shell(s)
G1 F2400.0 E63.26904 ; Retraction
G0 F7200.0 X-7.3 Y-7.3
G1 F2400.0 E68.26904 ; Reversed Retraction
G1 F3000.0 X-7.3 Y7.3 E68.75464
G1 F3000.0 X7.3 Y7.3 E69.24024
G1 F3000.0 X7.3 Y-7.3 E69.72583
G1 F3000.0 X-7.3 Y-7.3 E70.21143
G1 F2400.0 E65.21143 ; Retraction
G0 F7200.0 X-6.9 Y-6.9
G1 F2400.0 E70.21143 ; Reversed Retraction
G1 F3000.0 X-6.9 Y6.9 E70.67042
G1 F3000.0 X6.9 Y6.9 E71.12941
G1 F3000.0 X6.9 Y-6.9 E71.5884
G1 F3000.0 X-6.9 Y-6.9 E72.04739
;Internal Infill
G1 F2400.0 E67.04739 ; Retraction
G0 F7200.0 X-6.90003 Y-6.0
G1 F2400.0 E72.04739 ; Reversed Retraction
G1 F3000.0 X6.90003 Y-6.0 E72.50638
G1 F2400.0 E67.50638 ; Retraction
G0 F7200.0 X2.94447 Y-6.90003
G1 F2400.0 E72.50638 ; Reversed Retraction
G1 F3000.0 X6.90003 Y-0.0488 E72.76951
G1 F2400.0 E67.76951 ; Retraction
G0 F7200.0 X6.90003 Y0.0
G1 F2400.0 E72.76951 ; Reversed Retraction
G1 F3000.0 X-6.90003 Y0.0 E73.2285
G1 F2400.0 E68.2285 ; Retraction
G0 F7200.0 X-6.90003 Y0.0488
G1 F2400.0 E73.2285 ; Reversed Retraction
G1 F3000.0 X-2.94447 Y6.90003 E73.49163
G1 F2400.0 E68.49163 ; Retraction
G0 F7200.0 X-3.98373 Y6.90003
G1 F2400.0 E73.49163 ; Reversed Retraction
G1 F3000.0 X3.98373 Y-6.90003 E74.02162
G1 F2400.0 E69.02162 ; Retraction
G0 F7200.0 X-3.98373 Y-6.90003
G1 F2400.0 E74.02162 ; Reversed Retraction
G1 F3000.0 X3.98373 Y6.90003 E74.55162
G1 F2400.0 E69.55162 ; Retraction
G0 F7200.0 X2.94447 Y6.90003
G1 F2400.0 E74.55162 ; Reversed Retraction
G1 F3000.0 X6.90003 Y0.0488 E74.81475
G1 F2400.0 E69.81475 ; Retraction
G0 F7200.0 X6.90003 Y6.0
G1 F2400.0 E74.81475 ; Reversed Retraction
G1 F3000.0 X-6.90003 Y6.0 E75.27374
G1 F2400.0 E70.27374 ; Retraction
G0 F7200.0 X-6.90003 Y-0.0488
G1 F2400.0 E75.27374 ; Reversed Retraction
G1 F3000.0 X-2.94447 Y-6.90003 E75.53686
;Layer 7
G0 F1440.0 Z1.6
;Shell(s)
G1 F2400.0 E70.53686 ; Retraction
G0 F7200.0 X-7.3 Y-7.3
G1 F2400.0 E75.53686 ; Reversed Retraction
G1 F3000.0 X-7.3 Y7.3 E76.02246
G1 F3000.0 X7.3 Y7.3 E76.50806
G1 F3000.0 X7.3 Y-7.3 E76.99366
G1 F3000.0 X-7.3 Y-7.3 E77.47925
G1 F2400.0 E72.47925 ; Retraction
G0 F7200.0 X-6.9 Y-6.9
G1 F2400.0 E77.47925 ; Reversed Retraction
G1 F3000.0 X-6.9 Y6.9 E77.93824
G1 F3000.0 X6.9 Y6.9 E78.39723
G1 F3000.0 X6.9 Y-6.9 E78.85622
G1 F3000.0 X-6.9 Y-6.9 E79.31521
;Internal Infill
G1 F2400.0 E74.31521 ; Retraction
G0 F7200.0 X-6.90003 Y-6.0
G1 F2400.0 E79.31521 ; Reversed Retraction
G1 F3000.0 X6.90003 Y-6.0 E79.77421
G1 F2400.0 E74.77421 ; Retraction
G0 F7200.0 X2.94447 Y-6.90003
G1 F2400.0 E79.77421 ; Reversed Retraction
G1 F3000.0 X6.90003 Y-0.0488 E80.03733
G1 F2400.0 E75.03733 ; Retraction
G0 F7200.0 X6.90003 Y0.0
G1 F2400.0 E80.03733 ; Reversed Retraction
G1 F3000.0 X-6.90003 Y0.0 E80.49632
G1 F2400.0 E75.49632 ; Retraction
G0 F7200.0 X-6.90003 Y0.0488
G1 F2400.0 E80.49632 ; Reversed Retraction
G1 F3000.0 X-2.94447 Y6.90003 E80.75945
G1 F2400.0 E75.75945 ; Retraction
G0 F7200.0 X-3.98373 Y6.90003
G1 F2400.0 E80.75945 ; Reversed Retraction
G1 F3000.0 X3.98373 Y-6.90003 E81.28945
G1 F2400.0 E76.28945 ; Retraction
G0 F7200.0 X-3.98373 Y-6.90003
G1 F2400.0 E81.28945 ; Reversed Retraction
G1 F3000.0 X3.98373 Y6.90003 E81.81944
G1 F2400.0 E76.81944 ; Retraction
G0 F7200.0 X2.94447 Y6.90003
G1 F2400.0 E81.81944 ; Reversed Retraction
G1 F3000.0 X6.90003 Y0.0488 E82.08257
G1 F2400.0 E77.08257 ; Retraction
G0 F7200.0 X6.90003 Y6.0
G1 F2400.0 E82.08257 ; Reversed Retraction
G1 F3000.0 X-6.90003 Y6.0 E82.54156
G1 F2400.0 E77.54156 ; Retraction
G0 F7200.0 X-6.90003 Y-0.0488
G1 F2400.0 E82.54156 ; Reversed Retraction
G1 F3000.0 X-2.94447 Y-6.90003 E82.80469
;Layer 8
G0 F1440.0 Z1.8
;Shell(s)
G1 F2400.0 E77.80469 ; Retraction
G0 F7200.0 X-7.3 Y-7.3
G1 F2400.0 E82.80469 ; Reversed Retraction
G1 F3000.0 X-7.3 Y7.3 E83.29028
G1 F3000.0 X7.3 Y7.3 E83.77588
G1 F3000.0 X7.3 Y-7.3 E84.26148
G1 F3000.0 X-7.3 Y-7.3 E84.74708
G1 F2400.0 E79.74708 ; Retraction
G0 F7200.0 X-6.9 Y-6.9
G1 F2400.0 E84.74708 ; Reversed Retraction
G1 F3000.0 X-6.9 Y6.9 E85.20607
G1 F3000.0 X6.9 Y6.9 E85.66506
G1 F3000.0 X6.9 Y-6.9 E86.12405
G1 F3000.0 X-6.9 Y-6.9 E86.58304
;Internal Infill
G1 F2400.0 E81.58304 ; Retraction
G0 F7200.0 X-6.90003 Y-6.0
G1 F2400.0 E86.58304 ; Reversed Retraction
G1 F3000.0 X6.90003 Y-6.0 E87.04203
G1 F2400.0 E82.04203 ; Retraction
G0 F7200.0 X2.94447 Y-6.90003
G1 F2400.0 E87.04203 ; Reversed Retraction
G1 F3000.0 X6.90003 Y-0.0488 E87.30515
G1 F2400.0 E82.30515 ; Retraction
G0 F7200.0 X6.90003 Y0.0
G1 F2400.0 E87.30515 ; Reversed Retraction
G1 F3000.0 X-6.90003 Y0.0 E87.76415
G1 F2400.0 E82.76415 ; Retraction
G0 F7200.0 X-6.90003 Y0.0488
G1 F2400.0 E87.76415 ; Reversed Retraction
G1 F3000.0 X-2.94447 Y6.90003 E88.02727
G1 F2400.0 E83.02727 ; Retraction
G0 F7200.0 X-3.98373 Y6.90003
G1 F2400.0 E88.02727 ; Reversed Retraction
G1 F3000.0 X3.98373 Y-6.90003 E88.55727
G1 F2400.0 E83.55727 ; Retraction
G0 F7200.0 X-3.98373 Y-6.90003
G1 F2400.0 E88.55727 ; Reversed Retraction
G1 F3000.0 X3.98373 Y6.90003 E89.08727
G1 F2400.0 E84.08727 ; Retraction
G0 F7200.0 X2.94447 Y6.90003
G1 F2400.0 E89.08727 ; Reversed Retraction
G1 F3000.0 X6.90003 Y0.0488 E89.35039
G1 F2400.0 E84.35039 ; Retraction
G0 F7200.0 X6.90003 Y6.0
G1 F2400.0 E89.35039 ; Reversed Retraction
G1 F3000.0 X-6.90003 Y6.0 E89.80938
G1 F2400.0 E84.80938 ; Retraction
G0 F7200.0 X-6.90003 Y-0.0488
G1 F2400.0 E89.80938 ; Reversed Retraction
G1 F3000.0 X-2.94447 Y-6.90003 E90.07251
;Layer 9
G0 F1440.0 Z2.0
;Shell(s)
G1 F2400.0 E85.07251 ; Retraction
G0 F7200.0 X-7.3 Y-7.3
G1 F2400.0 E90.07251 ; Reversed Retraction
G1 F3000.0 X-7.3 Y7.3 E90.55811
G1 F3000.0 X7.3 Y7.3 E91.0437
G1 F3000.0 X7.3 Y-7.3 E91.5293
G1 F3000.0 X-7.3 Y-7.3 E92.0149
G1 F2400.0 E87.0149 ; Retraction
G0 F7200.0 X-6.9 Y-6.9
G1 F2400.0 E92.0149 ; Reversed Retraction
G1 F3000.0 X-6.9 Y6.9 E92.47389
G1 F3000.0 X6.9 Y6.9 E92.93288
G1 F3000.0 X6.9 Y-6.9 E93.39187
G1 F3000.0 X-6.9 Y-6.9 E93.85086
;Internal Infill
G1 F2400.0 E88.85086 ; Retraction
G0 F7200.0 X-6.90003 Y-6.0
G1 F2400.0 E93.85086 ; Reversed Retraction
G1 F3000.0 X6.90003 Y-6.0 E94.30985
G1 F2400.0 E89.30985 ; Retraction
G0 F7200.0 X2.94447 Y-6.90003
G1 F2400.0 E94.30985 ; Reversed Retraction
G1 F3000.0 X6.90003 Y-0.0488 E94.57298
G1 F2400.0 E89.57298 ; Retraction
G0 F7200.0 X6.90003 Y0.0
G1 F2400.0 E94.57298 ; Reversed Retraction
G1 F3000.0 X-6.90003 Y0.0 E95.03197
G1 F2400.0 E90.03197 ; Retraction
G0 F7200.0 X-6.90003 Y0.0488
G1 F2400.0 E95.03197 ; Reversed Retraction
G1 F3000.0 X-2.94447 Y6.90003 E95.29509
G1 F2400.0 E90.29509 ; Retraction
G0 F7200.0 X-3.98373 Y6.90003
G1 F2400.0 E95.29509 ; Reversed Retraction
G1 F3000.0 X3.98373 Y-6.90003 E95.82509
G1 F2400.0 E90.82509 ; Retraction
G0 F7200.0 X-3.98373 Y-6.90003
G1 F2400.0 E95.82509 ; Reversed Retraction
G1 F3000.0 X3.98373 Y6.90003 E96.35509
G1 F2400.0 E91.35509 ; Retraction
G0 F7200.0 X2.94447 Y6.90003
G1 F2400.0 E96.35509 ; Reversed Retraction
G1 F3000.0 X6.90003 Y0.0488 E96.61821
G1 F2400.0 E91.61821 ; Retraction
G0 F7200.0 X6.90003 Y6.0
G1 F2400.0 E96.61821 ; Reversed Retraction
G1 F3000.0 X-6.90003 Y6.0 E97.07721
G1 F2400.0 E92.07721 ; Retraction
G0 F7200.0 X-6.90003 Y-0.0488
G1 F2400.0 E97.07721 ; Reversed Retraction
G1 F3000.0 X-2.94447 Y-6.90003 E97.34033
;Layer 10
G0 F1440.0 Z2.2
;Shell(s)
G1 F2400.0 E92.34033 ; Retraction
G0 F7200.0 X-7.3 Y-7.3
G1 F2400.0 E97.34033 ; Reversed Retraction
G1 F3000.0 X-7.3 Y7.3 E97.82593
G1 F3000.0 X7.3 Y7.3 E98.31153
G1 F3000.0 X7.3 Y-7.3 E98.79712
G1 F3000.0 X-7.3 Y-7.3 E99.28272
G1 F2400.0 E94.28272 ; Retraction
G0 F7200.0 X-6.9 Y-6.9
G1 F2400.0 E99.28272 ; Reversed Retraction
G1 F3000.0 X-6.9 Y6.9 E99.74171
G1 F3000.0 X6.9 Y6.9 E100.2007
G1 F3000.0 X6.9 Y-6.9 E100.65969
G1 F3000.0 X-6.9 Y-6.9 E101.11868
;Internal Infill
G1 F2400.0 E96.11868 ; Retraction
G0 F7200.0 X-6.90003 Y-6.0
G1 F2400.0 E101.11868 ; Reversed Retraction
G1 F3000.0 X6.90003 Y-6.0 E101.57767
G1 F2400.0 E96.57767 ; Retraction
G0 F7200.0 X2.94447 Y-6.90003
G1 F2400.0 E101.57767 ; Reversed Retraction
G1 F3000.0 X6.90003 Y-0.0488 E101.8408
G1 F2400.0 E96.8408 ; Retraction
G0 F7200.0 X6.90003 Y0.0
G1 F2400.0 E101.8408 ; Reversed Retraction
G1 F3000.0 X-6.90003 Y0.0 E102.29979
G1 F2400.0 E97.29979 ; Retraction
G0 F7200.0 X-6.90003 Y0.0488
G1 F2400.0 E102.29979 ; Reversed Retraction
G1 F3000.0 X-2.94447 Y6.90003 E102.56292
G1 F2400.0 E97.56292 ; Retraction
G0 F7200.0 X-3.98373 Y6.90003
G1 F2400.0 E102.56292 ; Reversed Retraction
G1 F3000.0 X3.98373 Y-6.90003 E103.09291
G1 F2400.0 E98.09291 ; Retraction
G0 F7200.0 X-3.98373 Y-6.90003
G1 F2400.0 E103.09291 ; Reversed Retraction
G1 F3000.0 X3.98373 Y6.90003 E103.62291
G1 F2400.0 E98.62291 ; Retraction
G0 F7200.0 X2.94447 Y6.90003
G1 F2400.0 E103.62291 ; Reversed Retraction
G1 F3000.0 X6.90003 Y0.0488 E103.88604
G1 F2400.0 E98.88604 ; Retraction
G0 F7200.0 X6.90003 Y6.0
G1 F2400.0 E103.88604 ; Reversed Retraction
G1 F3000.0 X-6.90003 Y6.0 E104.34503
G1 F2400.0 E99.34503 ; Retraction
G0 F7200.0 X-6.90003 Y-0.0488
G1 F2400.0 E104.34503 ; Reversed Retraction
G1 F3000.0 X-2.94447 Y-6.90003 E104.60815
;Layer 11
G0 F1440.0 Z2.4
;Shell(s)
G1 F2400.0 E99.60815 ; Retraction
G0 F7200.0 X-7.3 Y-7.3
G1 F2400.0 E104.60815 ; Reversed Retraction
G1 F3000.0 X-7.3 Y7.3 E105.09375
G1 F3000.0 X7.3 Y7.3 E105.57935
G1 F3000.0 X7.3 Y-7.3 E106.06495
G1 F3000.0 X-7.3 Y-7.3 E106.55054
G1 F2400.0 E101.55054 ; Retraction
G0 F7200.0 X-6.9 Y-6.9
G1 F2400.0 E106.55054 ; Reversed Retraction
G1 F3000.0 X-6.9 Y6.9 E107.00953
G1 F3000.0 X6.9 Y6.9 E107.46852
G1 F3000.0 X6.9 Y-6.9 E107.92751
G1 F3000.0 X-6.9 Y-6.9 E108.3865
;Internal Infill
G1 F2400.0 E103.3865 ; Retraction
G0 F7200.0 X-6.90003 Y-6.0
G1 F2400.0 E108.3865 ; Reversed Retraction
G1 F3000.0 X6.90003 Y-6.0 E108.8455
G1 F2400.0 E103.8455 ; Retraction
G0 F7200.0 X2.94447 Y-6.90003
G1 F2400.0 E108.8455 ; Reversed Retraction
G1 F3000.0 X6.90003 Y-0.0488 E109.10862
G1 F2400.0 E104.10862 ; Retraction
G0 F7200.0 X6.90003 Y0.0
G1 F2400.0 E109.10862 ; Reversed Retraction
G1 F3000.0 X-6.90003 Y0.0 E109.56761
G1 F2400.0 E104.56761 ; Retraction
G0 F7200.0 X-6.90003 Y0.0488
G1 F2400.0 E109.56761 ; Reversed Retraction
G1 F3000.0 X-2.94447 Y6.90003 E109.83074
G1 F2400.0 E104.83074 ; Retraction
G0 F7200.0 X-3.98373 Y6.90003
G1 F2400.0 E109.83074 ; Reversed Retraction
G1 F3000.0 X3.98373 Y-6.90003 E110.36074
G1 F2400.0 E105.36074 ; Retraction
G0 F7200.0 X-3.98373 Y-6.90003
G1 F2400.0 E110.36074 ; Reversed Retraction
G1 F3000.0 X3.98373 Y6.90003 E110.89073
G1 F2400.0 E105.89073 ; Retraction
G0 F7200.0 X2.94447 Y6.90003
G1 F2400.0 E110.89073 ; Reversed Retraction
G1 F3000.0 X6.90003 Y0.0488 E111.15386
G1 F2400.0 E106.15386 ; Retraction
G0 F7200.0 X6.90003 Y6.0
G1 F2400.0 E111.15386 ; Reversed Retraction
G1 F3000.0 X-6.90003 Y6.0 E111.61285
G1 F2400.0 E106.61285 ; Retraction
G0 F7200.0 X-6.90003 Y-0.0488
G1 F2400.0 E111.61285 ; Reversed Retraction
G1 F3000.0 X-2.94447 Y-6.90003 E111.87598
;Layer 12
G0 F1440.0 Z2.6
;Shell(s)
G1 F2400.0 E106.87598 ; Retraction
G0 F7200.0 X-7.3 Y-7.3
G1 F2400.0 E111.87598 ; Reversed Retraction
G1 F3000.0 X-7.3 Y7.3 E112.36157
G1 F3000.0 X7.3 Y7.3 E112.84717
G1 F3000.0 X7.3 Y-7.3 E113.33277
G1 F3000.0 X-7.3 Y-7.3 E113.81837
G1 F2400.0 E108.81837 ; Retraction
G0 F7200.0 X-6.9 Y-6.9
G1 F2400.0 E113.81837 ; Reversed Retraction
G1 F3000.0 X-6.9 Y6.9 E114.27736
G1 F3000.0 X6.9 Y6.9 E114.73635
G1 F3000.0 X6.9 Y-6.9 E115.19534
G1 F3000.0 X-6.9 Y-6.9 E115.65433
;Internal Infill
G1 F2400.0 E110.65433 ; Retraction
G0 F7200.0 X-6.90003 Y-6.0
G1 F2400.0 E115.65433 ; Reversed Retraction
G1 F3000.0 X6.90003 Y-6.0 E116.11332
G1 F2400.0 E111.11332 ; Retraction
G0 F7200.0 X2.94447 Y-6.90003
G1 F2400.0 E116.11332 ; Reversed Retraction
G1 F3000.0 X6.90003 Y-0.0488 E116.37644
G1 F2400.0 E111.37644 ; Retraction
G0 F7200.0 X6.90003 Y0.0
G1 F2400.0 E116.37644 ; Reversed Retraction
G1 F3000.0 X-6.90003 Y0.0 E116.83544
G1 F2400.0 E111.83544 ; Retraction
G0 F7200.0 X-6.90003 Y0.0488
G1 F2400.0 E116.83544 ; Reversed Retraction
G1 F3000.0 X-2.94447 Y6.90003 E117.09856
G1 F2400.0 E112.09856 ; Retraction
G0 F7200.0 X-3.98373 Y6.90003
G1 F2400.0 E117.09856 ; Reversed Retraction
G1 F3000.0 X3.98373 Y-6.90003 E117.62856
G1 F2400.0 E112.62856 ; Retraction
G0 F7200.0 X-3.98373 Y-6.90003
G1 F2400.0 E117.62856 ; Reversed Retraction
G1 F3000.0 X3.98373 Y6.90003 E118.15856
G1 F2400.0 E113.15856 ; Retraction
G0 F7200.0 X2.94447 Y6.90003
G1 F2400.0 E118.15856 ; Reversed Retraction
G1 F3000.0 X6.90003 Y0.0488 E118.42168
G1 F2400.0 E113.42168 ; Retraction
G0 F7200.0 X6.90003 Y6.0
G1 F2400.0 E118.42168 ; Reversed Retraction
G1 F3000.0 X-6.90003 Y6.0 E118.88067
G1 F2400.0 E113.88067 ; Retraction
G0 F7200.0 X-6.90003 Y-0.0488
G1 F2400.0 E118.88067 ; Reversed Retraction
G1 F3000.0 X-2.94447 Y-6.90003 E119.1438
;Layer 13
G0 F1440.0 Z2.8
;Shell(s)
G1 F2400.0 E114.1438 ; Retraction
G0 F7200.0 X-7.3 Y-7.3
G1 F2400.0 E119.1438 ; Reversed Retraction
G1 F3000.0 X-7.3 Y7.3 E119.6294
G1 F3000.0 X7.3 Y7.3 E120.11499
G1 F3000.0 X7.3 Y-7.3 E120.60059
G1 F3000.0 X-7.3 Y-7.3 E121.08619
G1 F2400.0 E116.08619 ; Retraction
G0 F7200.0 X-6.9 Y-6.9
G1 F2400.0 E121.08619 ; Reversed Retraction
G1 F3000.0 X-6.9 Y6.9 E121.54518
G1 F3000.0 X6.9 Y6.9 E122.00417
G1 F3000.0 X6.9 Y-6.9 E122.46316
G1 F3000.0 X-6.9 Y-6.9 E122.92215
;Internal Infill
G1 F2400.0 E117.92215 ; Retraction
G0 F7200.0 X-6.90003 Y-6.0
G1 F2400.0 E122.92215 ; Reversed Retraction
G1 F3000.0 X6.90003 Y-6.0 E123.38114
G1 F2400.0 E118.38114 ; Retraction
G0 F7200.0 X2.94447 Y-6.90003
G1 F2400.0 E123.38114 ; Reversed Retraction
G1 F3000.0 X6.90003 Y-0.0488 E123.64427
G1 F2400.0 E118.64427 ; Retraction
G0 F7200.0 X6.90003 Y0.0
G1 F2400.0 E123.64427 ; Reversed Retraction
G1 F3000.0 X-6.90003 Y0.0 E124.10326
G1 F2400.0 E119.10326 ; Retraction
G0 F7200.0 X-6.90003 Y0.0488
G1 F2400.0 E124.10326 ; Reversed Retraction
G1 F3000.0 X-2.94447 Y6.90003 E124.36638
G1 F2400.0 E119.36638 ; Retraction
G0 F7200.0 X-3.98373 Y6.90003
G1 F2400.0 E124.36638 ; Reversed Retraction
G1 F3000.0 X3.98373 Y-6.90003 E124.89638
G1 F2400.0 E119.89638 ; Retraction
G0 F7200.0 X-3.98373 Y-6.90003
G1 F2400.0 E124.89638 ; Reversed Retraction
G1 F3000.0 X3.98373 Y6.90003 E125.42638
G1 F2400.0 E120.42638 ; Retraction
G0 F7200.0 X2.94447 Y6.90003
G1 F2400.0 E125.42638 ; Reversed Retraction
G1 F3000.0 X6.90003 Y0.0488 E125.6895
G1 F2400.0 E120.6895 ; Retraction
G0 F7200.0 X6.90003 Y6.0
G1 F2400.0 E125.6895 ; Reversed Retraction
G1 F3000.0 X-6.90003 Y6.0 E126.1485
G1 F2400.0 E121.1485 ; Retraction
G0 F7200.0 X-6.90003 Y-0.0488
G1 F2400.0 E126.1485 ; Reversed Retraction
G1 F3000.0 X-2.94447 Y-6.90003 E126.41162
;Layer 14
G0 F1440.0 Z3.0
;Shell(s)
G1 F2400.0 E121.41162 ; Retraction
G0 F7200.0 X-7.3 Y-7.3
G1 F2400.0 E126.41162 ; Reversed Retraction
G1 F3000.0 X-7.3 Y7.3 E126.89722
G1 F3000.0 X7.3 Y7.3 E127.38282
G1 F3000.0 X7.3 Y-7.3 E127.86841
G1 F3000.0 X-7.3 Y-7.3 E128.35401
G1 F2400.0 E123.35401 ; Retraction
G0 F7200.0 X-6.9 Y-6.9
G1 F2400.0 E128.35401 ; Reversed Retraction
G1 F3000.0 X-6.9 Y6.9 E128.813
G1 F3000.0 X6.9 Y6.9 E129.27199
G1 F3000.0 X6.9 Y-6.9 E129.73098
G1 F3000.0 X-6.9 Y-6.9 E130.18997
;Internal Infill
G1 F2400.0 E125.18997 ; Retraction
G0 F7200.0 X-6.90003 Y-6.0
G1 F2400.0 E130.18997 ; Reversed Retraction
G1 F3000.0 X6.90003 Y-6.0 E130.64896
G1 F2400.0 E125.64896 ; Retraction
G0 F7200.0 X2.94447 Y-6.90003
G1 F2400.0 E130.64896 ; Reversed Retraction
G1 F3000.0 X6.90003 Y-0.0488 E130.91209
G1 F2400.0 E125.91209 ; Retraction
G0 F7200.0 X6.90003 Y0.0
G1 F2400.0 E130.91209 ; Reversed Retraction
G1 F3000.0 X-6.90003 Y0.0 E131.37108
G1 F2400.0 E126.37108 ; Retraction
G0 F7200.0 X-6.90003 Y0.0488
G1 F2400.0 E131.37108 ; Reversed Retraction
G1 F3000.0 X-2.94447 Y6.90003 E131.63421
G1 F2400.0 E126.63421 ; Retraction
G0 F7200.0 X-3.98373 Y6.90003
G1 F2400.0 E131.63421 ; Reversed Retraction
G1 F3000.0 X3.98373 Y-6.90003 E132.1642
G1 F2400.0 E127.1642 ; Retraction
G0 F7200.0 X-3.98373 Y-6.90003
G1 F2400.0 E132.1642 ; Reversed Retraction
G1 F3000.0 X3.98373 Y6.90003 E132.6942
G1 F2400.0 E127.6942 ; Retraction
G0 F7200.0 X2.94447 Y6.90003
G1 F2400.0 E132.6942 ; Reversed Retraction
G1 F3000.0 X6.90003 Y0.0488 E132.95733
G1 F2400.0 E127.95733 ; Retraction
G0 F7200.0 X6.90003 Y6.0
G1 F2400.0 E132.95733 ; Reversed Retraction
G1 F3000.0 X-6.90003 Y6.0 E133.41632
G1 F2400.0 E128.41632 ; Retraction
G0 F7200.0 X-6.90003 Y-0.0488
G1 F2400.0 E133.41632 ; Reversed Retraction
G1 F3000.0 X-2.94447 Y-6.90003 E133.67944
;Layer 15
G0 F1440.0 Z3.2
;Shell(s)
G1 F2400.0 E128.67944 ; Retraction
G0 F7200.0 X-7.3 Y-7.3
G1 F2400.0 E133.67944 ; Reversed Retraction
G1 F3000.0 X-7.3 Y7.3 E134.16504
G1 F3000.0 X7.3 Y7.3 E134.65064
G1 F3000.0 X7.3 Y-7.3 E135.13624
G1 F3000.0 X-7.3 Y-7.3 E135.62183
G1 F2400.0 E130.62183 ; Retraction
G0 F7200.0 X-6.9 Y-6.9
G1 F2400.0 E135.62183 ; Reversed Retraction
G1 F3000.0 X-6.9 Y6.9 E136.08082
G1 F3000.0 X6.9 Y6.9 E136.53981
G1 F3000.0 X6.9 Y-6.9 E136.9988
G1 F3000.0 X-6.9 Y-6.9 E137.45779
;Internal Infill
G1 F2400.0 E132.45779 ; Retraction
G0 F7200.0 X-6.90003 Y-6.0
G1 F2400.0 E137.45779 ; Reversed Retraction
G1 F3000.0 X6.90003 Y-6.0 E137.91679
G1 F2400.0 E132.91679 ; Retraction
G0 F7200.0 X2.94447 Y-6.90003
G1 F2400.0 E137.91679 ; Reversed Retraction
G1 F3000.0 X6.90003 Y-0.0488 E138.17991
G1 F2400.0 E133.17991 ; Retraction
G0 F7200.0 X6.90003 Y0.0
G1 F2400.0 E138.17991 ; Reversed Retraction
G1 F3000.0 X-6.90003 Y0.0 E138.6389
G1 F2400.0 E133.6389 ; Retraction
G0 F7200.0 X-6.90003 Y0.0488
G1 F2400.0 E138.6389 ; Reversed Retraction
G1 F3000.0 X-2.94447 Y6.90003 E138.90203
G1 F2400.0 E133.90203 ; Retraction
G0 F7200.0 X-3.98373 Y6.90003
G1 F2400.0 E138.90203 ; Reversed Retraction
G1 F3000.0 X3.98373 Y-6.90003 E139.43203
G1 F2400.0 E134.43203 ; Retraction
G0 F7200.0 X-3.98373 Y-6.90003
G1 F2400.0 E139.43203 ; Reversed Retraction
G1 F3000.0 X3.98373 Y6.90003 E139.96202
G1 F2400.0 E134.96202 ; Retraction
G0 F7200.0 X2.94447 Y6.90003
G1 F2400.0 E139.96202 ; Reversed Retraction
G1 F3000.0 X6.90003 Y0.0488 E140.22515
G1 F2400.0 E135.22515 ; Retraction
G0 F7200.0 X6.90003 Y6.0
G1 F2400.0 E140.22515 ; Reversed Retraction
G1 F3000.0 X-6.90003 Y6.0 E140.68414
G1 F2400.0 E135.68414 ; Retraction
G0 F7200.0 X-6.90003 Y-0.0488
G1 F2400.0 E140.68414 ; Reversed Retraction
G1 F3000.0 X-2.94447 Y-6.90003 E140.94727
;Layer 16
G0 F1440.0 Z3.4
;Shell(s)
G1 F2400.0 E135.94727 ; Retraction
G0 F7200.0 X-7.3 Y-7.3
G1 F2400.0 E140.94727 ; Reversed Retraction
G1 F3000.0 X-7.3 Y7.3 E141.43286
G1 F3000.0 X7.3 Y7.3 E141.91846
G1 F3000.0 X7.3 Y-7.3 E142.40406
G1 F3000.0 X-7.3 Y-7.3 E142.88966
G1 F2400.0 E137.88966 ; Retraction
G0 F7200.0 X-6.9 Y-6.9
G1 F2400.0 E142.88966 ; Reversed Retraction
G1 F3000.0 X-6.9 Y6.9 E143.34865
G1 F3000.0 X6.9 Y6.9 E143.80764
G1 F3000.0 X6.9 Y-6.9 E144.26663
G1 F3000.0 X-6.9 Y-6.9 E144.72562
;Internal Infill
G1 F2400.0 E139.72562 ; Retraction
G0 F7200.0 X-6.90003 Y-6.0
G1 F2400.0 E144.72562 ; Reversed Retraction
G1 F3000.0 X6.90003 Y-6.0 E145.18461
G1 F2400.0 E140.18461 ; Retraction
G0 F7200.0 X2.94447 Y-6.90003
G1 F2400.0 E145.18461 ; Reversed Retraction
G1 F3000.0 X6.90003 Y-0.0488 E145.44773
G1 F2400.0 E140.44773 ; Retraction
G0 F7200.0 X6.90003 Y0.0
G1 F2400.0 E145.44773 ; Reversed Retraction
G1 F3000.0 X-6.90003 Y0.0 E145.90673
G1 F2400.0 E140.90673 ; Retraction
G0 F7200.0 X-6.90003 Y0.0488
G1 F2400.0 E145.90673 ; Reversed Retraction
G1 F3000.0 X-2.94447 Y6.90003 E146.16985
G1 F2400.0 E141.16985 ; Retraction
G0 F7200.0 X-3.98373 Y6.90003
G1 F2400.0 E146.16985 ; Reversed Retraction
G1 F3000.0 X3.98373 Y-6.90003 E146.69985
G1 F2400.0 E141.69985 ; Retraction
G0 F7200.0 X-3.98373 Y-6.90003
G1 F2400.0 E146.69985 ; Reversed Retraction
G1 F3000.0 X3.98373 Y6.90003 E147.22985
G1 F2400.0 E142.22985 ; Retraction
G0 F7200.0 X2.94447 Y6.90003
G1 F2400.0 E147.22985 ; Reversed Retraction
G1 F3000.0 X6.90003 Y0.0488 E147.49297
G1 F2400.0 E142.49297 ; Retraction
G0 F7200.0 X6.90003 Y6.0
G1 F2400.0 E147.49297 ; Reversed Retraction
G1 F3000.0 X-6.90003 Y6.0 E147.95196
G1 F2400.0 E142.95196 ; Retraction
G0 F7200.0 X-6.90003 Y-0.0488
G1 F2400.0 E147.95196 ; Reversed Retraction
G1 F3000.0 X-2.94447 Y-6.90003 E148.21509
;Layer 17
G0 F1440.0 Z3.6
;Shell(s)
G1 F2400.0 E143.21509 ; Retraction
G0 F7200.0 X-7.3 Y-7.3
G1 F2400.0 E148.21509 ; Reversed Retraction
G1 F3000.0 X-7.3 Y7.3 E148.70069
G1 F3000.0 X7.3 Y7.3 E149.18628
G1 F3000.0 X7.3 Y-7.3 E149.67188
G1 F3000.0 X-7.3 Y-7.3 E150.15748
G1 F2400.0 E145.15748 ; Retraction
G0 F7200.0 X-6.9 Y-6.9
G1 F2400.0 E150.15748 ; Reversed Retraction
G1 F3000.0 X-6.9 Y6.9 E150.61647
G1 F3000.0 X6.9 Y6.9 E151.07546
G1 F3000.0 X6.9 Y-6.9 E151.53445
G1 F3000.0 X-6.9 Y-6.9 E151.99344
;Internal Infill
G1 F2400.0 E146.99344 ; Retraction
G0 F7200.0 X-6.90003 Y-6.0
G1 F2400.0 E151.99344 ; Reversed Retraction
G1 F3000.0 X6.90003 Y-6.0 E152.45243
G1 F2400.0 E147.45243 ; Retraction
G0 F7200.0 X2.94447 Y-6.90003
G1 F2400.0 E152.45243 ; Reversed Retraction
G1 F3000.0 X6.90003 Y-0.0488 E152.71556
G1 F2400.0 E147.71556 ; Retraction
G0 F7200.0 X6.90003 Y0.0
G1 F2400.0 E152.71556 ; Reversed Retraction
G1 F3000.0 X-6.90003 Y0.0 E153.17455
G1 F2400.0 E148.17455 ; Retraction
G0 F7200.0 X-6.90003 Y0.0488
G1 F2400.0 E153.17455 ; Reversed Retraction
G1 F3000.0 X-2.94447 Y6.90003 E153.43767
G1 F2400.0 E148.43767 ; Retraction
G0 F7200.0 X-3.98373 Y6.90003
G1 F2400.0 E153.43767 ; Reversed Retraction
G1 F3000.0 X3.98373 Y-6.90003 E153.96767
G1 F2400.0 E148.96767 ; Retraction
G0 F7200.0 X-3.98373 Y-6.90003
G1 F2400.0 E153.96767 ; Reversed Retraction
G1 F3000.0 X3.98373 Y6.90003 E154.49767
G1 F2400.0 E149.49767 ; Retraction
G0 F7200.0 X2.94447 Y6.90003
G1 F2400.0 E154.49767 ; Reversed Retraction
G1 F3000.0 X6.90003 Y0.0488 E154.76079
G1 F2400.0 E149.76079 ; Retraction
G0 F7200.0 X6.90003 Y6.0
G1 F2400.0 E154.76079 ; Reversed Retraction
G1 F3000.0 X-6.90003 Y6.0 E155.21979
G1 F2400.0 E150.21979 ; Retraction
G0 F7200.0 X-6.90003 Y-0.0488
G1 F2400.0 E155.21979 ; Reversed Retraction
G1 F3000.0 X-2.94447 Y-6.90003 E155.48291
;Layer 18
G0 F1440.0 Z3.8
;Shell(s)
G1 F2400.0 E150.48291 ; Retraction
G0 F7200.0 X-7.3 Y-7.3
G1 F2400.0 E155.48291 ; Reversed Retraction
G1 F3000.0 X-7.3 Y7.3 E155.96851
G1 F3000.0 X7.3 Y7.3 E156.45411
G1 F3000.0 X7.3 Y-7.3 E156.9397
G1 F3000.0 X-7.3 Y-7.3 E157.4253
G1 F2400.0 E152.4253 ; Retraction
G0 F7200.0 X-6.9 Y-6.9
G1 F2400.0 E157.4253 ; Reversed Retraction
G1 F3000.0 X-6.9 Y6.9 E157.88429
G1 F3000.0 X6.9 Y6.9 E158.34328
G1 F3000.0 X6.9 Y-6.9 E158.80227
G1 F3000.0 X-6.9 Y-6.9 E159.26126
;Internal Infill
G1 F2400.0 E154.26126 ; Retraction
G0 F7200.0 X-6.90003 Y-6.0
G1 F2400.0 E159.26126 ; Reversed Retraction
G1 F3000.0 X6.90003 Y-6.0 E159.72025
G1 F2400.0 E154.72025 ; Retraction
G0 F7200.0 X2.94447 Y-6.90003
G1 F2400.0 E159.72025 ; Reversed Retraction
G1 F3000.0 X6.90003 Y-0.0488 E159.98338
G1 F2400.0 E154.98338 ; Retraction
G0 F7200.0 X6.90003 Y0.0
G1 F2400.0 E159.98338 ; Reversed Retraction
G1 F3000.0 X-6.90003 Y0.0 E160.44237
G1 F2400.0 E155.44237 ; Retraction
G0 F7200.0 X-6.90003 Y0.0488
G1 F2400.0 E160.44237 ; Reversed Retraction
G1 F3000.0 X-2.94447 Y6.90003 E160.7055
G1 F2400.0 E155.7055 ; Retraction
G0 F7200.0 X-3.98373 Y6.90003
G1 F2400.0 E160.7055 ; Reversed Retraction
G1 F3000.0 X3.98373 Y-6.90003 E161.23549
G1 F2400.0 E156.23549 ; Retraction
G0 F7200.0 X-3.98373 Y-6.90003
G1 F2400.0 E161.23549 ; Reversed Retraction
G1 F3000.0 X3.98373 Y6.90003 E161.76549
G1 F2400.0 E156.76549 ; Retraction
G0 F7200.0 X2.94447 Y6.90003
G1 F2400.0 E161.76549 ; Reversed Retraction
G1 F3000.0 X6.90003 Y0.0488 E162.02862
G1 F2400.0 E157.02862 ; Retraction
G0 F7200.0 X6.90003 Y6.0
G1 F2400.0 E162.02862 ; Reversed Retraction
G1 F3000.0 X-6.90003 Y6.0 E162.48761
G1 F2400.0 E157.48761 ; Retraction
G0 F7200.0 X-6.90003 Y-0.0488
G1 F2400.0 E162.48761 ; Reversed Retraction
G1 F3000.0 X-2.94447 Y-6.90003 E162.75073
;Layer 19
G0 F1440.0 Z4.0
;Shell(s)
G1 F2400.0 E157.75073 ; Retraction
G0 F7200.0 X-7.3 Y-7.3
G1 F2400.0 E162.75073 ; Reversed Retraction
G1 F3000.0 X-7.3 Y7.3 E163.23633
G1 F3000.0 X7.3 Y7.3 E163.72193
G1 F3000.0 X7.3 Y-7.3 E164.20753
G1 F3000.0 X-7.3 Y-7.3 E164.69312
G1 F2400.0 E159.69312 ; Retraction
G0 F7200.0 X-6.9 Y-6.9
G1 F2400.0 E164.69312 ; Reversed Retraction
G1 F3000.0 X-6.9 Y6.9 E165.15211
G1 F3000.0 X6.9 Y6.9 E165.6111
G1 F3000.0 X6.9 Y-6.9 E166.07009
G1 F3000.0 X-6.9 Y-6.9 E166.52908
;Internal Infill
G1 F2400.0 E161.52908 ; Retraction
G0 F7200.0 X-6.90003 Y-6.0
G1 F2400.0 E166.52908 ; Reversed Retraction
G1 F3000.0 X6.90003 Y-6.0 E166.98808
G1 F2400.0 E161.98808 ; Retraction
G0 F7200.0 X2.94447 Y-6.90003
G1 F2400.0 E166.98808 ; Reversed Retraction
G1 F3000.0 X6.90003 Y-0.0488 E167.2512
G1 F2400.0 E162.2512 ; Retraction
G0 F7200.0 X6.90003 Y0.0
G1 F2400.0 E167.2512 ; Reversed Retraction
G1 F3000.0 X-6.90003 Y0.0 E167.71019
G1 F2400.0 E162.71019 ; Retraction
G0 F7200.0 X-6.90003 Y0.0488
G1 F2400.0 E167.71019 ; Reversed Retraction
G1 F3000.0 X-2.94447 Y6.90003 E167.97332
G1 F2400.0 E162.97332 ; Retraction
G0 F7200.0 X-3.98373 Y6.90003
G1 F2400.0 E167.97332 ; Reversed Retraction
G1 F3000.0 X3.98373 Y-6.90003 E168.50332
G1 F2400.0 E163.50332 ; Retraction
G0 F7200.0 X-3.98373 Y-6.90003
G1 F2400.0 E168.50332 ; Reversed Retraction
G1 F3000.0 X3.98373 Y6.90003 E169.03331
G1 F2400.0 E164.03331 ; Retraction
G0 F7200.0 X2.94447 Y6.90003
G1 F2400.0 E169.03331 ; Reversed Retraction
G1 F3000.0 X6.90003 Y0.0488 E169.29644
G1 F2400.0 E164.29644 ; Retraction
G0 F7200.0 X6.90003 Y6.0
G1 F2400.0 E169.29644 ; Reversed Retraction
G1 F3000.0 X-6.90003 Y6.0 E169.75543
G1 F2400.0 E164.75543 ; Retraction
G0 F7200.0 X-6.90003 Y-0.0488
G1 F2400.0 E169.75543 ; Reversed Retraction
G1 F3000.0 X-2.94447 Y-6.90003 E170.01856
;Layer 20
G0 F1440.0 Z4.2
;Shell(s)
G1 F2400.0 E165.01856 ; Retraction
G0 F7200.0 X-7.3 Y-7.3
G1 F2400.0 E170.01856 ; Reversed Retraction
G1 F3000.0 X-7.3 Y7.3 E170.50415
G1 F3000.0 X7.3 Y7.3 E170.98975
G1 F3000.0 X7.3 Y-7.3 E171.47535
G1 F3000.0 X-7.3 Y-7.3 E171.96095
G1 F2400.0 E166.96095 ; Retraction
G0 F7200.0 X-6.9 Y-6.9
G1 F2400.0 E171.96095 ; Reversed Retraction
G1 F3000.0 X-6.9 Y6.9 E172.41994
G1 F3000.0 X6.9 Y6.9 E172.87893
G1 F3000.0 X6.9 Y-6.9 E173.33792
G1 F3000.0 X-6.9 Y-6.9 E173.79691
;Internal Infill
G1 F2400.0 E168.79691 ; Retraction
G0 F7200.0 X-6.90003 Y-6.0
G1 F2400.0 E173.79691 ; Reversed Retraction
G1 F3000.0 X6.90003 Y-6.0 E174.2559
G1 F2400.0 E169.2559 ; Retraction
G0 F7200.0 X2.94447 Y-6.90003
G1 F2400.0 E174.2559 ; Reversed Retraction
G1 F3000.0 X6.90003 Y-0.0488 E174.51902
G1 F2400.0 E169.51902 ; Retraction
G0 F7200.0 X6.90003 Y0.0
G1 F2400.0 E174.51902 ; Reversed Retraction
G1 F3000.0 X-6.90003 Y0.0 E174.97802
G1 F2400.0 E169.97802 ; Retraction
G0 F7200.0 X-6.90003 Y0.0488
G1 F2400.0 E174.97802 ; Reversed Retraction
G1 F3000.0 X-2.94447 Y6.90003 E175.24114
G1 F2400.0 E170.24114 ; Retraction
G0 F7200.0 X-3.98373 Y6.90003
G1 F2400.0 E175.24114 ; Reversed Retraction
G1 F3000.0 X3.98373 Y-6.90003 E175.77114
G1 F2400.0 E170.77114 ; Retraction
G0 F7200.0 X-3.98373 Y-6.90003
G1 F2400.0 E175.77114 ; Reversed Retraction
G1 F3000.0 X3.98373 Y6.90003 E176.30114
G1 F2400.0 E171.30114 ; Retraction
G0 F7200.0 X2.94447 Y6.90003
G1 F2400.0 E176.30114 ; Reversed Retraction
G1 F3000.0 X6.90003 Y0.0488 E176.56426
G1 F2400.0 E171.56426 ; Retraction
G0 F7200.0 X6.90003 Y6.0
G1 F2400.0 E176.56426 ; Reversed Retraction
G1 F3000.0 X-6.90003 Y6.0 E177.02325
G1 F2400.0 E172.02325 ; Retraction
G0 F7200.0 X-6.90003 Y-0.0488
G1 F2400.0 E177.02325 ; Reversed Retraction
G1 F3000.0 X-2.94447 Y-6.90003 E177.28638
;Layer 21
G0 F1440.0 Z4.4
;Shell(s)
G1 F2400.0 E172.28638 ; Retraction
G0 F7200.0 X-7.3 Y-7.3
G1 F2400.0 E177.28638 ; Reversed Retraction
G1 F3000.0 X-7.3 Y7.3 E177.77198
G1 F3000.0 X7.3 Y7.3 E178.25757
G1 F3000.0 X7.3 Y-7.3 E178.74317
G1 F3000.0 X-7.3 Y-7.3 E179.22877
G1 F2400.0 E174.22877 ; Retraction
G0 F7200.0 X-6.9 Y-6.9
G1 F2400.0 E179.22877 ; Reversed Retraction
G1 F3000.0 X-6.9 Y6.9 E179.68776
G1 F3000.0 X6.9 Y6.9 E180.14675
G1 F3000.0 X6.9 Y-6.9 E180.60574
G1 F3000.0 X-6.9 Y-6.9 E181.06473
;Internal Infill
G1 F2400.0 E176.06473 ; Retraction
G0 F7200.0 X-6.90003 Y-6.0
G1 F2400.0 E181.06473 ; Reversed Retraction
G1 F3000.0 X6.90003 Y-6.0 E181.52372
G1 F2400.0 E176.52372 ; Retraction
G0 F7200.0 X2.94447 Y-6.90003
G1 F2400.0 E181.52372 ; Reversed Retraction
G1 F3000.0 X6.90003 Y-0.0488 E181.78685
G1 F2400.0 E176.78685 ; Retraction
G0 F7200.0 X6.90003 Y0.0
G1 F2400.0 E181.78685 ; Reversed Retraction
G1 F3000.0 X-6.90003 Y0.0 E182.24584
G1 F2400.0 E177.24584 ; Retraction
G0 F7200.0 X-6.90003 Y0.0488
G1 F2400.0 E182.24584 ; Reversed Retraction
G1 F3000.0 X-2.94447 Y6.90003 E182.50896
G1 F2400.0 E177.50896 ; Retraction
G0 F7200.0 X-3.98373 Y6.90003
G1 F2400.0 E182.50896 ; Reversed Retraction
G1 F3000.0 X3.98373 Y-6.90003 E183.03896
G1 F2400.0 E178.03896 ; Retraction
G0 F7200.0 X-3.98373 Y-6.90003
G1 F2400.0 E183.03896 ; Reversed Retraction
G1 F3000.0 X3.98373 Y6.90003 E183.56896
G1 F2400.0 E178.56896 ; Retraction
G0 F7200.0 X2.94447 Y6.90003
G1 F2400.0 E183.56896 ; Reversed Retraction
G1 F3000.0 X6.90003 Y0.0488 E183.83208
G1 F2400.0 E178.83208 ; Retraction
G0 F7200.0 X6.90003 Y6.0
G1 F2400.0 E183.83208 ; Reversed Retraction
G1 F3000.0 X-6.90003 Y6.0 E184.29108
G1 F2400.0 E179.29108 ; Retraction
G0 F7200.0 X-6.90003 Y-0.0488
G1 F2400.0 E184.29108 ; Reversed Retraction
G1 F3000.0 X-2.94447 Y-6.90003 E184.5542
;Layer 22
G0 F1440.0 Z4.6
;Shell(s)
G1 F2400.0 E179.5542 ; Retraction
G0 F7200.0 X-7.3 Y-7.3
G1 F2400.0 E184.5542 ; Reversed Retraction
G1 F3000.0 X-7.3 Y7.3 E185.0398
G1 F3000.0 X7.3 Y7.3 E185.5254
G1 F3000.0 X7.3 Y-7.3 E186.01099
G1 F3000.0 X-7.3 Y-7.3 E186.49659
G1 F2400.0 E181.49659 ; Retraction
G0 F7200.0 X-6.9 Y-6.9
G1 F2400.0 E186.49659 ; Reversed Retraction
G1 F3000.0 X-6.9 Y6.9 E186.95558
G1 F3000.0 X6.9 Y6.9 E187.41457
G1 F3000.0 X6.9 Y-6.9 E187.87356
G1 F3000.0 X-6.9 Y-6.9 E188.33255
;Internal Infill
G1 F2400.0 E183.33255 ; Retraction
G0 F7200.0 X-6.90003 Y-6.0
G1 F2400.0 E188.33255 ; Reversed Retraction
G1 F3000.0 X6.90003 Y-6.0 E188.79154
G1 F2400.0 E183.79154 ; Retraction
G0 F7200.0 X2.94447 Y-6.90003
G1 F2400.0 E188.79154 ; Reversed Retraction
G1 F3000.0 X6.90003 Y-0.0488 E189.05467
G1 F2400.0 E184.05467 ; Retraction
G0 F7200.0 X6.90003 Y0.0
G1 F2400.0 E189.05467 ; Reversed Retraction
G1 F3000.0 X-6.90003 Y0.0 E189.51366
G1 F2400.0 E184.51366 ; Retraction
G0 F7200.0 X-6.90003 Y0.0488
G1 F2400.0 E189.51366 ; Reversed Retraction
G1 F3000.0 X-2.94447 Y6.90003 E189.77679
G1 F2400.0 E184.77679 ; Retraction
G0 F7200.0 X-3.98373 Y6.90003
G1 F2400.0 E189.77679 ; Reversed Retraction
G1 F3000.0 X3.98373 Y-6.90003 E190.30678
G1 F2400.0 E185.30678 ; Retraction
G0 F7200.0 X-3.98373 Y-6.90003
G1 F2400.0 E190.30678 ; Reversed Retraction
G1 F3000.0 X3.98373 Y6.90003 E190.83678
G1 F2400.0 E185.83678 ; Retraction
G0 F7200.0 X2.94447 Y6.90003
G1 F2400.0 E190.83678 ; Reversed Retraction
G1 F3000.0 X6.90003 Y0.0488 E191.09991
G1 F2400.0 E186.09991 ; Retraction
G0 F7200.0 X6.90003 Y6.0
G1 F2400.0 E191.09991 ; Reversed Retraction
G1 F3000.0 X-6.90003 Y6.0 E191.5589
G1 F2400.0 E186.5589 ; Retraction
G0 F7200.0 X-6.90003 Y-0.0488
G1 F2400.0 E191.5589 ; Reversed Retraction
G1 F3000.0 X-2.94447 Y-6.90003 E191.82202
;Layer 23
G0 F1440.0 Z4.8
;Shell(s)
G1 F2400.0 E186.82202 ; Retraction
G0 F7200.0 X-7.3 Y-7.3
G1 F2400.0 E191.82202 ; Reversed Retraction
G1 F3000.0 X-7.3 Y7.3 E192.30762
G1 F3000.0 X7.3 Y7.3 E192.79322
G1 F3000.0 X7.3 Y-7.3 E193.27882
G1 F3000.0 X-7.3 Y-7.3 E193.76441
G1 F2400.0 E188.76441 ; Retraction
G0 F7200.0 X-6.9 Y-6.9
G1 F2400.0 E193.76441 ; Reversed Retraction
G1 F3000.0 X-6.9 Y6.9 E194.2234
G1 F3000.0 X6.9 Y6.9 E194.68239
G1 F3000.0 X6.9 Y-6.9 E195.14138
G1 F3000.0 X-6.9 Y-6.9 E195.60037
;Internal Infill
G1 F2400.0 E190.60037 ; Retraction
G0 F7200.0 X-6.90003 Y-6.0
G1 F2400.0 E195.60037 ; Reversed Retraction
G1 F3000.0 X6.90003 Y-6.0 E196.05937
G1 F2400.0 E191.05937 ; Retraction
G0 F7200.0 X2.94447 Y-6.90003
G1 F2400.0 E196.05937 ; Reversed Retraction
G1 F3000.0 X6.90003 Y-0.0488 E196.32249
G1 F2400.0 E191.32249 ; Retraction
G0 F7200.0 X6.90003 Y0.0
G1 F2400.0 E196.32249 ; Reversed Retraction
G1 F3000.0 X-6.90003 Y0.0 E196.78148
G1 F2400.0 E191.78148 ; Retraction
G0 F7200.0 X-6.90003 Y0.0488
G1 F2400.0 E196.78148 ; Reversed Retraction
G1 F3000.0 X-2.94447 Y6.90003 E197.04461
G1 F2400.0 E192.04461 ; Retraction
G0 F7200.0 X-3.98373 Y6.90003
G1 F2400.0 E197.04461 ; Reversed Retraction
G1 F3000.0 X3.98373 Y-6.90003 E197.57461
G1 F2400.0 E192.57461 ; Retraction
G0 F7200.0 X-3.98373 Y-6.90003
G1 F2400.0 E197.57461 ; Reversed Retraction
G1 F3000.0 X3.98373 Y6.90003 E198.1046
G1 F2400.0 E193.1046 ; Retraction
G0 F7200.0 X2.94447 Y6.90003
G1 F2400.0 E198.1046 ; Reversed Retraction
G1 F3000.0 X6.90003 Y0.0488 E198.36773
G1 F2400.0 E193.36773 ; Retraction
G0 F7200.0 X6.90003 Y6.0
G1 F2400.0 E198.36773 ; Reversed Retraction
G1 F3000.0 X-6.90003 Y6.0 E198.82672
G1 F2400.0 E193.82672 ; Retraction
G0 F7200.0 X-6.90003 Y-0.0488
G1 F2400.0 E198.82672 ; Reversed Retraction
G1 F3000.0 X-2.94447 Y-6.90003 E199.08985
;Layer 24
G0 F1440.0 Z5.0
;Shell(s)
G1 F2400.0 E194.08985 ; Retraction
G0 F7200.0 X-7.3 Y-7.3
G1 F2400.0 E199.08985 ; Reversed Retraction
G1 F3000.0 X-7.3 Y7.3 E199.57544
G1 F3000.0 X7.3 Y7.3 E200.06104
G1 F3000.0 X7.3 Y-7.3 E200.54664
G1 F3000.0 X-7.3 Y-7.3 E201.03224
G1 F2400.0 E196.03224 ; Retraction
G0 F7200.0 X-6.9 Y-6.9
G1 F2400.0 E201.03224 ; Reversed Retraction
G1 F3000.0 X-6.9 Y6.9 E201.49123
G1 F3000.0 X6.9 Y6.9 E201.95022
G1 F3000.0 X6.9 Y-6.9 E202.40921
G1 F3000.0 X-6.9 Y-6.9 E202.8682
;Internal Infill
G1 F2400.0 E197.8682 ; Retraction
G0 F7200.0 X-6.90003 Y-6.0
G1 F2400.0 E202.8682 ; Reversed Retraction
G1 F3000.0 X6.90003 Y-6.0 E203.32719
G1 F2400.0 E198.32719 ; Retraction
G0 F7200.0 X2.94447 Y-6.90003
G1 F2400.0 E203.32719 ; Reversed Retraction
G1 F3000.0 X6.90003 Y-0.0488 E203.59031
G1 F2400.0 E198.59031 ; Retraction
G0 F7200.0 X6.90003 Y0.0
G1 F2400.0 E203.59031 ; Reversed Retraction
G1 F3000.0 X-6.90003 Y0.0 E204.04931
G1 F2400.0 E199.04931 ; Retraction
G0 F7200.0 X-6.90003 Y0.0488
G1 F2400.0 E204.04931 ; Reversed Retraction
G1 F3000.0 X-2.94447 Y6.90003 E204.31243
G1 F2400.0 E199.31243 ; Retraction
G0 F7200.0 X-3.98373 Y6.90003
G1 F2400.0 E204.31243 ; Reversed Retraction
G1 F3000.0 X3.98373 Y-6.90003 E204.84243
G1 F2400.0 E199.84243 ; Retraction
G0 F7200.0 X-3.98373 Y-6.90003
G1 F2400.0 E204.84243 ; Reversed Retraction
G1 F3000.0 X3.98373 Y6.90003 E205.37243
G1 F2400.0 E200.37243 ; Retraction
G0 F7200.0 X2.94447 Y6.90003
G1 F2400.0 E205.37243 ; Reversed Retraction
G1 F3000.0 X6.90003 Y0.0488 E205.63555
G1 F2400.0 E200.63555 ; Retraction
G0 F7200.0 X6.90003 Y6.0
G1 F2400.0 E205.63555 ; Reversed Retraction
G1 F3000.0 X-6.90003 Y6.0 E206.09454
G1 F2400.0 E201.09454 ; Retraction
G0 F7200.0 X-6.90003 Y-0.0488
G1 F2400.0 E206.09454 ; Reversed Retraction
G1 F3000.0 X-2.94447 Y-6.90003 E206.35767
;Layer 25
G0 F1440.0 Z5.2
;Shell(s)
G1 F2400.0 E201.35767 ; Retraction
G0 F7200.0 X-7.3 Y-7.3
G1 F2400.0 E206.35767 ; Reversed Retraction
G1 F3000.0 X-7.3 Y7.3 E206.84327
G1 F3000.0 X7.3 Y7.3 E207.32886
G1 F3000.0 X7.3 Y-7.3 E207.81446
G1 F3000.0 X-7.3 Y-7.3 E208.30006
G1 F2400.0 E203.30006 ; Retraction
G0 F7200.0 X-6.9 Y-6.9
G1 F2400.0 E208.30006 ; Reversed Retraction
G1 F3000.0 X-6.9 Y6.9 E208.75905
G1 F3000.0 X6.9 Y6.9 E209.21804
G1 F3000.0 X6.9 Y-6.9 E209.67703
G1 F3000.0 X-6.9 Y-6.9 E210.13602
;Internal Infill
G1 F2400.0 E205.13602 ; Retraction
G0 F7200.0 X-6.90003 Y-6.0
G1 F2400.0 E210.13602 ; Reversed Retraction
G1 F3000.0 X6.90003 Y-6.0 E210.59501
G1 F2400.0 E205.59501 ; Retraction
G0 F7200.0 X2.94447 Y-6.90003
G1 F2400.0 E210.59501 ; Reversed Retraction
G1 F3000.0 X6.90003 Y-0.0488 E210.85814
G1 F2400.0 E205.85814 ; Retraction
G0 F7200.0 X6.90003 Y0.0
G1 F2400.0 E210.85814 ; Reversed Retraction
G1 F3000.0 X-6.90003 Y0.0 E211.31713
G1 F2400.0 E206.31713 ; Retraction
G0 F7200.0 X-6.90003 Y0.0488
G1 F2400.0 E211.31713 ; Reversed Retraction
G1 F3000.0 X-2.94447 Y6.90003 E211.58025
G1 F2400.0 E206.58025 ; Retraction
G0 F7200.0 X-3.98373 Y6.90003
G1 F2400.0 E211.58025 ; Reversed Retraction
G1 F3000.0 X3.98373 Y-6.90003 E212.11025
G1 F2400.0 E207.11025 ; Retraction
G0 F7200.0 X-3.98373 Y-6.90003
G1 F2400.0 E212.11025 ; Reversed Retraction
G1 F3000.0 X3.98373 Y6.90003 E212.64025
G1 F2400.0 E207.64025 ; Retraction
G0 F7200.0 X2.94447 Y6.90003
G1 F2400.0 E212.64025 ; Reversed Retraction
G1 F3000.0 X6.90003 Y0.0488 E212.90337
G1 F2400.0 E207.90337 ; Retraction
G0 F7200.0 X6.90003 Y6.0
G1 F2400.0 E212.90337 ; Reversed Retraction
G1 F3000.0 X-6.90003 Y6.0 E213.36237
G1 F2400.0 E208.36237 ; Retraction
G0 F7200.0 X-6.90003 Y-0.0488
G1 F2400.0 E213.36237 ; Reversed Retraction
G1 F3000.0 X-2.94447 Y-6.90003 E213.62549
;Layer 26
G0 F1440.0 Z5.4
;Shell(s)
G1 F2400.0 E208.62549 ; Retraction
G0 F7200.0 X-7.3 Y-7.3
G1 F2400.0 E213.62549 ; Reversed Retraction
G1 F3000.0 X-7.3 Y7.3 E214.11109
G1 F3000.0 X7.3 Y7.3 E214.59669
G1 F3000.0 X7.3 Y-7.3 E215.08228
G1 F3000.0 X-7.3 Y-7.3 E215.56788
G1 F2400.0 E210.56788 ; Retraction
G0 F7200.0 X-6.9 Y-6.9
G1 F2400.0 E215.56788 ; Reversed Retraction
G1 F3000.0 X-6.9 Y6.9 E216.02687
G1 F3000.0 X6.9 Y6.9 E216.48586
G1 F3000.0 X6.9 Y-6.9 E216.94485
G1 F3000.0 X-6.9 Y-6.9 E217.40384
;Internal Infill
G1 F2400.0 E212.40384 ; Retraction
G0 F7200.0 X-6.90003 Y-6.0
G1 F2400.0 E217.40384 ; Reversed Retraction
G1 F3000.0 X6.90003 Y-6.0 E217.86283
G1 F2400.0 E212.86283 ; Retraction
G0 F7200.0 X2.94447 Y-6.90003
G1 F2400.0 E217.86283 ; Reversed Retraction
G1 F3000.0 X6.90003 Y-0.0488 E218.12596
G1 F2400.0 E213.12596 ; Retraction
G0 F7200.0 X6.90003 Y0.0
G1 F2400.0 E218.12596 ; Reversed Retraction
G1 F3000.0 X-6.90003 Y0.0 E218.58495
G1 F2400.0 E213.58495 ; Retraction
G0 F7200.0 X-6.90003 Y0.0488
G1 F2400.0 E218.58495 ; Reversed Retraction
G1 F3000.0 X-2.94447 Y6.90003 E218.84808
G1 F2400.0 E213.84808 ; Retraction
G0 F7200.0 X-3.98373 Y6.90003
G1 F2400.0 E218.84808 ; Reversed Retraction
G1 F3000.0 X3.98373 Y-6.90003 E219.37807
G1 F2400.0 E214.37807 ; Retraction
G0 F7200.0 X-3.98373 Y-6.90003
G1 F2400.0 E219.37807 ; Reversed Retraction
G1 F3000.0 X3.98373 Y6.90003 E219.90807
G1 F2400.0 E214.90807 ; Retraction
G0 F7200.0 X2.94447 Y6.90003
G1 F2400.0 E219.90807 ; Reversed Retraction
G1 F3000.0 X6.90003 Y0.0488 E220.1712
G1 F2400.0 E215.1712 ; Retraction
G0 F7200.0 X6.90003 Y6.0
G1 F2400.0 E220.1712 ; Reversed Retraction
G1 F3000.0 X-6.90003 Y6.0 E220.63019
G1 F2400.0 E215.63019 ; Retraction
G0 F7200.0 X-6.90003 Y-0.0488
G1 F2400.0 E220.63019 ; Reversed Retraction
G1 F3000.0 X-2.94447 Y-6.90003 E220.89331
;Layer 27
G0 F1440.0 Z5.6
;Shell(s)
G1 F2400.0 E215.89331 ; Retraction
G0 F7200.0 X-7.3 Y-7.3
G1 F2400.0 E220.89331 ; Reversed Retraction
G1 F3000.0 X-7.3 Y7.3 E221.37891
G1 F3000.0 X7.3 Y7.3 E221.86451
G1 F3000.0 X7.3 Y-7.3 E222.35011
G1 F3000.0 X-7.3 Y-7.3 E222.8357
G1 F2400.0 E217.8357 ; Retraction
G0 F7200.0 X-6.9 Y-6.9
G1 F2400.0 E222.8357 ; Reversed Retraction
G1 F3000.0 X-6.9 Y6.9 E223.29469
G1 F3000.0 X6.9 Y6.9 E223.75368
G1 F3000.0 X6.9 Y-6.9 E224.21267
G1 F3000.0 X-6.9 Y-6.9 E224.67166
;Internal Infill
G1 F2400.0 E219.67166 ; Retraction
G0 F7200.0 X-6.90003 Y-6.0
G1 F2400.0 E224.67166 ; Reversed Retraction
G1 F3000.0 X6.90003 Y-6.0 E225.13066
G1 F2400.0 E220.13066 ; Retraction
G0 F7200.0 X2.94447 Y-6.90003
G1 F2400.0 E225.13066 ; Reversed Retraction
G1 F3000.0 X6.90003 Y-0.0488 E225.39378
G1 F2400.0 E220.39378 ; Retraction
G0 F7200.0 X6.90003 Y0.0
G1 F2400.0 E225.39378 ; Reversed Retraction
G1 F3000.0 X-6.90003 Y0.0 E225.85277
G1 F2400.0 E220.85277 ; Retraction
G0 F7200.0 X-6.90003 Y0.0488
G1 F2400.0 E225.85277 ; Reversed Retraction
G1 F3000.0 X-2.94447 Y6.90003 E226.1159
G1 F2400.0 E221.1159 ; Retraction
G0 F7200.0 X-3.98373 Y6.90003
G1 F2400.0 E226.1159 ; Reversed Retraction
G1 F3000.0 X3.98373 Y-6.90003 E226.6459
G1 F2400.0 E221.6459 ; Retraction
G0 F7200.0 X-3.98373 Y-6.90003
G1 F2400.0 E226.6459 ; Reversed Retraction
G1 F3000.0 X3.98373 Y6.90003 E227.17589
G1 F2400.0 E222.17589 ; Retraction
G0 F7200.0 X2.94447 Y6.90003
G1 F2400.0 E227.17589 ; Reversed Retraction
G1 F3000.0 X6.90003 Y0.0488 E227.43902
G1 F2400.0 E222.43902 ; Retraction
G0 F7200.0 X6.90003 Y6.0
G1 F2400.0 E227.43902 ; Reversed Retraction
G1 F3000.0 X-6.90003 Y6.0 E227.89801
G1 F2400.0 E222.89801 ; Retraction
G0 F7200.0 X-6.90003 Y-0.0488
G1 F2400.0 E227.89801 ; Reversed Retraction
G1 F3000.0 X-2.94447 Y-6.90003 E228.16114
;Layer 28
G0 F1440.0 Z5.8
;Shell(s)
G1 F2400.0 E223.16114 ; Retraction
G0 F7200.0 X-7.3 Y-7.3
G1 F2400.0 E228.16114 ; Reversed Retraction
G1 F3000.0 X-7.3 Y7.3 E228.64673
G1 F3000.0 X7.3 Y7.3 E229.13233
G1 F3000.0 X7.3 Y-7.3 E229.61793
G1 F3000.0 X-7.3 Y-7.3 E230.10353
G1 F2400.0 E225.10353 ; Retraction
G0 F7200.0 X-6.9 Y-6.9
G1 F2400.0 E230.10353 ; Reversed Retraction
G1 F3000.0 X-6.9 Y6.9 E230.56252
G1 F3000.0 X6.9 Y6.9 E231.02151
G1 F3000.0 X6.9 Y-6.9 E231.4805
G1 F3000.0 X-6.9 Y-6.9 E231.93949
;Internal Infill
G1 F2400.0 E226.93949 ; Retraction
G0 F7200.0 X-6.90003 Y-6.0
G1 F2400.0 E231.93949 ; Reversed Retraction
G1 F3000.0 X6.90003 Y-6.0 E232.39848
G1 F2400.0 E227.39848 ; Retraction
G0 F7200.0 X2.94447 Y-6.90003
G1 F2400.0 E232.39848 ; Reversed Retraction
G1 F3000.0 X6.90003 Y-0.0488 E232.6616
G1 F2400.0 E227.6616 ; Retraction
G0 F7200.0 X6.90003 Y0.0
G1 F2400.0 E232.6616 ; Reversed Retraction
G1 F3000.0 X-6.90003 Y0.0 E233.1206
G1 F2400.0 E228.1206 ; Retraction
G0 F7200.0 X-6.90003 Y0.0488
G1 F2400.0 E233.1206 ; Reversed Retraction
G1 F3000.0 X-2.94447 Y6.90003 E233.38372
G1 F2400.0 E228.38372 ; Retraction
G0 F7200.0 X-3.98373 Y6.90003
G1 F2400.0 E233.38372 ; Reversed Retraction
G1 F3000.0 X3.98373 Y-6.90003 E233.91372
G1 F2400.0 E228.91372 ; Retraction
G0 F7200.0 X-3.98373 Y-6.90003
G1 F2400.0 E233.91372 ; Reversed Retraction
G1 F3000.0 X3.98373 Y6.90003 E234.44372
G1 F2400.0 E229.44372 ; Retraction
G0 F7200.0 X2.94447 Y6.90003
G1 F2400.0 E234.44372 ; Reversed Retraction
G1 F3000.0 X6.90003 Y0.0488 E234.70684
G1 F2400.0 E229.70684 ; Retraction
G0 F7200.0 X6.90003 Y6.0
G1 F2400.0 E234.70684 ; Reversed Retraction
G1 F3000.0 X-6.90003 Y6.0 E235.16583
G1 F2400.0 E230.16583 ; Retraction
G0 F7200.0 X-6.90003 Y-0.0488
G1 F2400.0 E235.16583 ; Reversed Retraction
G1 F3000.0 X-2.94447 Y-6.90003 E235.42896
;Layer 29
G0 F1440.0 Z6.0
;Shell(s)
G1 F2400.0 E230.42896 ; Retraction
G0 F7200.0 X-7.3 Y-7.3
G1 F2400.0 E235.42896 ; Reversed Retraction
G1 F3000.0 X-7.3 Y7.3 E235.91456
G1 F3000.0 X7.3 Y7.3 E236.40015
G1 F3000.0 X7.3 Y-7.3 E236.88575
G1 F3000.0 X-7.3 Y-7.3 E237.37135
G1 F2400.0 E232.37135 ; Retraction
G0 F7200.0 X-6.9 Y-6.9
G1 F2400.0 E237.37135 ; Reversed Retraction
G1 F3000.0 X-6.9 Y6.9 E237.83034
G1 F3000.0 X6.9 Y6.9 E238.28933
G1 F3000.0 X6.9 Y-6.9 E238.74832
G1 F3000.0 X-6.9 Y-6.9 E239.20731
;Internal Infill
G1 F2400.0 E234.20731 ; Retraction
G0 F7200.0 X-6.90003 Y-6.0
G1 F2400.0 E239.20731 ; Reversed Retraction
G1 F3000.0 X6.90003 Y-6.0 E239.6663
G1 F2400.0 E234.6663 ; Retraction
G0 F7200.0 X2.94447 Y-6.90003
G1 F2400.0 E239.6663 ; Reversed Retraction
G1 F3000.0 X6.90003 Y-0.0488 E239.92943
G1 F2400.0 E234.92943 ; Retraction
G0 F7200.0 X6.90003 Y0.0
G1 F2400.0 E239.92943 ; Reversed Retraction
G1 F3000.0 X-6.90003 Y0.0 E240.38842
G1 F2400.0 E235.38842 ; Retraction
G0 F7200.0 X-6.90003 Y0.0488
G1 F2400.0 E240.38842 ; Reversed Retraction
G1 F3000.0 X-2.94447 Y6.90003 E240.65154
G1 F2400.0 E235.65154 ; Retraction
G0 F7200.0 X-3.98373 Y6.90003
G1 F2400.0 E240.65154 ; Reversed Retraction
G1 F3000.0 X3.98373 Y-6.90003 E241.18154
G1 F2400.0 E236.18154 ; Retraction
G0 F7200.0 X-3.98373 Y-6.90003
G1 F2400.0 E241.18154 ; Reversed Retraction
G1 F3000.0 X3.98373 Y6.90003 E241.71154
G1 F2400.0 E236.71154 ; Retraction
G0 F7200.0 X2.94447 Y6.90003
G1 F2400.0 E241.71154 ; Reversed Retraction
G1 F3000.0 X6.90003 Y0.0488 E241.97466
G1 F2400.0 E236.97466 ; Retraction
G0 F7200.0 X6.90003 Y6.0
G1 F2400.0 E241.97466 ; Reversed Retraction
G1 F3000.0 X-6.90003 Y6.0 E242.43366
G1 F2400.0 E237.43366 ; Retraction
G0 F7200.0 X-6.90003 Y-0.0488
G1 F2400.0 E242.43366 ; Reversed Retraction
G1 F3000.0 X-2.94447 Y-6.90003 E242.69678
;Layer 30
G0 F1440.0 Z6.2
;Shell(s)
G1 F2400.0 E237.69678 ; Retraction
G0 F7200.0 X-7.3 Y-7.3
G1 F2400.0 E242.69678 ; Reversed Retraction
G1 F3000.0 X-7.3 Y7.3 E243.18238
G1 F3000.0 X7.3 Y7.3 E243.66798
G1 F3000.0 X7.3 Y-7.3 E244.15357
G1 F3000.0 X-7.3 Y-7.3 E244.63917
G1 F2400.0 E239.63917 ; Retraction
G0 F7200.0 X-6.9 Y-6.9
G1 F2400.0 E244.63917 ; Reversed Retraction
G1 F3000.0 X-6.9 Y6.9 E245.09816
G1 F3000.0 X6.9 Y6.9 E245.55715
G1 F3000.0 X6.9 Y-6.9 E246.01614
G1 F3000.0 X-6.9 Y-6.9 E246.47513
;Internal Infill
G1 F2400.0 E241.47513 ; Retraction
G0 F7200.0 X-6.90003 Y-6.0
G1 F2400.0 E246.47513 ; Reversed Retraction
G1 F3000.0 X6.90003 Y-6.0 E246.93412
G1 F2400.0 E241.93412 ; Retraction
G0 F7200.0 X2.94447 Y-6.90003
G1 F2400.0 E246.93412 ; Reversed Retraction
G1 F3000.0 X6.90003 Y-0.0488 E247.19725
G1 F2400.0 E242.19725 ; Retraction
G0 F7200.0 X6.90003 Y0.0
G1 F2400.0 E247.19725 ; Reversed Retraction
G1 F3000.0 X-6.90003 Y0.0 E247.65624
G1 F2400.0 E242.65624 ; Retraction
G0 F7200.0 X-6.90003 Y0.0488
G1 F2400.0 E247.65624 ; Reversed Retraction
G1 F3000.0 X-2.94447 Y6.90003 E247.91937
G1 F2400.0 E242.91937 ; Retraction
G0 F7200.0 X-3.98373 Y6.90003
G1 F2400.0 E247.91937 ; Reversed Retraction
G1 F3000.0 X3.98373 Y-6.90003 E248.44936
G1 F2400.0 E243.44936 ; Retraction
G0 F7200.0 X-3.98373 Y-6.90003
G1 F2400.0 E248.44936 ; Reversed Retraction
G1 F3000.0 X3.98373 Y6.90003 E248.97936
G1 F2400.0 E243.97936 ; Retraction
G0 F7200.0 X2.94447 Y6.90003
G1 F2400.0 E248.97936 ; Reversed Retraction
G1 F3000.0 X6.90003 Y0.0488 E249.24249
G1 F2400.0 E244.24249 ; Retraction
G0 F7200.0 X6.90003 Y6.0
G1 F2400.0 E249.24249 ; Reversed Retraction
G1 F3000.0 X-6.90003 Y6.0 E249.70148
G1 F2400.0 E244.70148 ; Retraction
G0 F7200.0 X-6.90003 Y-0.0488
G1 F2400.0 E249.70148 ; Reversed Retraction
G1 F3000.0 X-2.94447 Y-6.90003 E249.9646
;Layer 31
G0 F1440.0 Z6.4
;Shell(s)
G1 F2400.0 E244.9646 ; Retraction
G0 F7200.0 X-7.3 Y-7.3
G1 F2400.0 E249.9646 ; Reversed Retraction
G1 F3000.0 X-7.3 Y7.3 E250.4502
G1 F3000.0 X7.3 Y7.3 E250.9358
G1 F3000.0 X7.3 Y-7.3 E251.4214
G1 F3000.0 X-7.3 Y-7.3 E251.90699
G1 F2400.0 E246.90699 ; Retraction
G0 F7200.0 X-6.9 Y-6.9
G1 F2400.0 E251.90699 ; Reversed Retraction
G1 F3000.0 X-6.9 Y6.9 E252.36598
G1 F3000.0 X6.9 Y6.9 E252.82497
G1 F3000.0 X6.9 Y-6.9 E253.28396
G1 F3000.0 X-6.9 Y-6.9 E253.74295
;Internal Infill
G1 F2400.0 E248.74295 ; Retraction
G0 F7200.0 X-6.90003 Y-6.0
G1 F2400.0 E253.74295 ; Reversed Retraction
G1 F3000.0 X6.90003 Y-6.0 E254.20195
G1 F2400.0 E249.20195 ; Retraction
G0 F7200.0 X2.94447 Y-6.90003
G1 F2400.0 E254.20195 ; Reversed Retraction
G1 F3000.0 X6.90003 Y-0.0488 E254.46507
G1 F2400.0 E249.46507 ; Retraction
G0 F7200.0 X6.90003 Y0.0
G1 F2400.0 E254.46507 ; Reversed Retraction
G1 F3000.0 X-6.90003 Y0.0 E254.92406
G1 F2400.0 E249.92406 ; Retraction
G0 F7200.0 X-6.90003 Y0.0488
G1 F2400.0 E254.92406 ; Reversed Retraction
G1 F3000.0 X-2.94447 Y6.90003 E255.18719
G1 F2400.0 E250.18719 ; Retraction
G0 F7200.0 X-3.98373 Y6.90003
G1 F2400.0 E255.18719 ; Reversed Retraction
G1 F3000.0 X3.98373 Y-6.90003 E255.71719
G1 F2400.0 E250.71719 ; Retraction
G0 F7200.0 X-3.98373 Y-6.90003
G1 F2400.0 E255.71719 ; Reversed Retraction
G1 F3000.0 X3.98373 Y6.90003 E256.24718
G1 F2400.0 E251.24718 ; Retraction
G0 F7200.0 X2.94447 Y6.90003
G1 F2400.0 E256.24718 ; Reversed Retraction
G1 F3000.0 X6.90003 Y0.0488 E256.51031
G1 F2400.0 E251.51031 ; Retraction
G0 F7200.0 X6.90003 Y6.0
G1 F2400.0 E256.51031 ; Reversed Retraction
G1 F3000.0 X-6.90003 Y6.0 E256.9693
G1 F2400.0 E251.9693 ; Retraction
G0 F7200.0 X-6.90003 Y-0.0488
G1 F2400.0 E256.9693 ; Reversed Retraction
G1 F3000.0 X-2.94447 Y-6.90003 E257.23243
;Layer 32
G0 F1440.0 Z6.6
;Shell(s)
G1 F2400.0 E252.23243 ; Retraction
G0 F7200.0 X-7.3 Y-7.3
G1 F2400.0 E257.23243 ; Reversed Retraction
G1 F3000.0 X-7.3 Y7.3 E257.71802
G1 F3000.0 X7.3 Y7.3 E258.20362
G1 F3000.0 X7.3 Y-7.3 E258.68922
G1 F3000.0 X-7.3 Y-7.3 E259.17482
G1 F2400.0 E254.17482 ; Retraction
G0 F7200.0 X-6.9 Y-6.9
G1 F2400.0 E259.17482 ; Reversed Retraction
G1 F3000.0 X-6.9 Y6.9 E259.63381
G1 F3000.0 X6.9 Y6.9 E260.0928
G1 F3000.0 X6.9 Y-6.9 E260.55179
G1 F3000.0 X-6.9 Y-6.9 E261.01078
;Internal Infill
G1 F2400.0 E256.01078 ; Retraction
G0 F7200.0 X-6.90003 Y-6.0
G1 F2400.0 E261.01078 ; Reversed Retraction
G1 F3000.0 X6.90003 Y-6.0 E261.46977
G1 F2400.0 E256.46977 ; Retraction
G0 F7200.0 X2.94447 Y-6.90003
G1 F2400.0 E261.46977 ; Reversed Retraction
G1 F3000.0 X6.90003 Y-0.0488 E261.73289
G1 F2400.0 E256.73289 ; Retraction
G0 F7200.0 X6.90003 Y0.0
G1 F2400.0 E261.73289 ; Reversed Retraction
G1 F3000.0 X-6.90003 Y0.0 E262.19189
G1 F2400.0 E257.19189 ; Retraction
G0 F7200.0 X-6.90003 Y0.0488
G1 F2400.0 E262.19189 ; Reversed Retraction
G1 F3000.0 X-2.94447 Y6.90003 E262.45501
G1 F2400.0 E257.45501 ; Retraction
G0 F7200.0 X-3.98373 Y6.90003
G1 F2400.0 E262.45501 ; Reversed Retraction
G1 F3000.0 X3.98373 Y-6.90003 E262.98501
G1 F2400.0 E257.98501 ; Retraction
G0 F7200.0 X-3.98373 Y-6.90003
G1 F2400.0 E262.98501 ; Reversed Retraction
G1 F3000.0 X3.98373 Y6.90003 E263.51501
G1 F2400.0 E258.51501 ; Retraction
G0 F7200.0 X2.94447 Y6.90003
G1 F2400.0 E263.51501 ; Reversed Retraction
G1 F3000.0 X6.90003 Y0.0488 E263.77813
G1 F2400.0 E258.77813 ; Retraction
G0 F7200.0 X6.90003 Y6.0
G1 F2400.0 E263.77813 ; Reversed Retraction
G1 F3000.0 X-6.90003 Y6.0 E264.23712
G1 F2400.0 E259.23712 ; Retraction
G0 F7200.0 X-6.90003 Y-0.0488
G1 F2400.0 E264.23712 ; Reversed Retraction
G1 F3000.0 X-2.94447 Y-6.90003 E264.50025
;Layer 33
G0 F1440.0 Z6.8
;Shell(s)
G1 F2400.0 E259.50025 ; Retraction
G0 F7200.0 X-7.3 Y-7.3
G1 F2400.0 E264.50025 ; Reversed Retraction
G1 F3000.0 X-7.3 Y7.3 E264.98585
G1 F3000.0 X7.3 Y7.3 E265.47144
G1 F3000.0 X7.3 Y-7.3 E265.95704
G1 F3000.0 X-7.3 Y-7.3 E266.44264
G1 F2400.0 E261.44264 ; Retraction
G0 F7200.0 X-6.9 Y-6.9
G1 F2400.0 E266.44264 ; Reversed Retraction
G1 F3000.0 X-6.9 Y6.9 E266.90163
G1 F3000.0 X6.9 Y6.9 E267.36062
G1 F3000.0 X6.9 Y-6.9 E267.81961
G1 F3000.0 X-6.9 Y-6.9 E268.2786
;Internal Infill
G1 F2400.0 E263.2786 ; Retraction
G0 F7200.0 X-6.90003 Y-6.0
G1 F2400.0 E268.2786 ; Reversed Retraction
G1 F3000.0 X6.90003 Y-6.0 E268.73759
G1 F2400.0 E263.73759 ; Retraction
G0 F7200.0 X2.94447 Y-6.90003
G1 F2400.0 E268.73759 ; Reversed Retraction
G1 F3000.0 X6.90003 Y-0.0488 E269.00072
G1 F2400.0 E264.00072 ; Retraction
G0 F7200.0 X6.90003 Y0.0
G1 F2400.0 E269.00072 ; Reversed Retraction
G1 F3000.0 X-6.90003 Y0.0 E269.45971
G1 F2400.0 E264.45971 ; Retraction
G0 F7200.0 X-6.90003 Y0.0488
G1 F2400.0 E269.45971 ; Reversed Retraction
G1 F3000.0 X-2.94447 Y6.90003 E269.72283
G1 F2400.0 E264.72283 ; Retraction
G0 F7200.0 X-3.98373 Y6.90003
G1 F2400.0 E269.72283 ; Reversed Retraction
G1 F3000.0 X3.98373 Y-6.90003 E270.25283
G1 F2400.0 E265.25283 ; Retraction
G0 F7200.0 X-3.98373 Y-6.90003
G1 F2400.0 E270.25283 ; Reversed Retraction
G1 F3000.0 X3.98373 Y6.90003 E270.78283
G1 F2400.0 E265.78283 ; Retraction
G0 F7200.0 X2.94447 Y6.90003
G1 F2400.0 E270.78283 ; Reversed Retraction
G1 F3000.0 X6.90003 Y0.0488 E271.04595
G1 F2400.0 E266.04595 ; Retraction
G0 F7200.0 X6.90003 Y6.0
G1 F2400.0 E271.04595 ; Reversed Retraction
G1 F3000.0 X-6.90003 Y6.0 E271.50495
G1 F2400.0 E266.50495 ; Retraction
G0 F7200.0 X-6.90003 Y-0.0488
G1 F2400.0 E271.50495 ; Reversed Retraction
G1 F3000.0 X-2.94447 Y-6.90003 E271.76807
;Layer 34
G0 F1440.0 Z7.0
;Shell(s)
G1 F2400.0 E266.76807 ; Retraction
G0 F7200.0 X-7.3 Y-7.3
G1 F2400.0 E271.76807 ; Reversed Retraction
G1 F3000.0 X-7.3 Y7.3 E272.25367
G1 F3000.0 X7.3 Y7.3 E272.73927
G1 F3000.0 X7.3 Y-7.3 E273.22486
G1 F3000.0 X-7.3 Y-7.3 E273.71046
G1 F2400.0 E268.71046 ; Retraction
G0 F7200.0 X-6.9 Y-6.9
G1 F2400.0 E273.71046 ; Reversed Retraction
G1 F3000.0 X-6.9 Y6.9 E274.16945
G1 F3000.0 X6.9 Y6.9 E274.62844
G1 F3000.0 X6.9 Y-6.9 E275.08743
G1 F3000.0 X-6.9 Y-6.9 E275.54642
;Internal Infill
G1 F2400.0 E270.54642 ; Retraction
G0 F7200.0 X-6.90003 Y-6.0
G1 F2400.0 E275.54642 ; Reversed Retraction
G1 F3000.0 X6.90003 Y-6.0 E276.00541
G1 F2400.0 E271.00541 ; Retraction
G0 F7200.0 X2.94447 Y-6.90003
G1 F2400.0 E276.00541 ; Reversed Retraction
G1 F3000.0 X6.90003 Y-0.0488 E276.26854
G1 F2400.0 E271.26854 ; Retraction
G0 F7200.0 X6.90003 Y0.0
G1 F2400.0 E276.26854 ; Reversed Retraction
G1 F3000.0 X-6.90003 Y0.0 E276.72753
G1 F2400.0 E271.72753 ; Retraction
G0 F7200.0 X-6.90003 Y0.0488
G1 F2400.0 E276.72753 ; Reversed Retraction
G1 F3000.0 X-2.94447 Y6.90003 E276.99066
G1 F2400.0 E271.99066 ; Retraction
G0 F7200.0 X-3.98373 Y6.90003
G1 F2400.0 E276.99066 ; Reversed Retraction
G1 F3000.0 X3.98373 Y-6.90003 E277.52065
G1 F2400.0 E272.52065 ; Retraction
G0 F7200.0 X-3.98373 Y-6.90003
G1 F2400.0 E277.52065 ; Reversed Retraction
G1 F3000.0 X3.98373 Y6.90003 E278.05065
G1 F2400.0 E273.05065 ; Retraction
G0 F7200.0 X2.94447 Y6.90003
G1 F2400.0 E278.05065 ; Reversed Retraction
G1 F3000.0 X6.90003 Y0.0488 E278.31378
G1 F2400.0 E273.31378 ; Retraction
G0 F7200.0 X6.90003 Y6.0
G1 F2400.0 E278.31378 ; Reversed Retraction
G1 F3000.0 X-6.90003 Y6.0 E278.77277
G1 F2400.0 E273.77277 ; Retraction
G0 F7200.0 X-6.90003 Y-0.0488
G1 F2400.0 E278.77277 ; Reversed Retraction
G1 F3000.0 X-2.94447 Y-6.90003 E279.03589
;Layer 35
G0 F1440.0 Z7.2
;Shell(s)
G1 F2400.0 E274.03589 ; Retraction
G0 F7200.0 X-7.3 Y-7.3
G1 F2400.0 E279.03589 ; Reversed Retraction
G1 F3000.0 X-7.3 Y7.3 E279.52149
G1 F3000.0 X7.3 Y7.3 E280.00709
G1 F3000.0 X7.3 Y-7.3 E280.49269
G1 F3000.0 X-7.3 Y-7.3 E280.97828
G1 F2400.0 E275.97828 ; Retraction
G0 F7200.0 X-6.9 Y-6.9
G1 F2400.0 E280.97828 ; Reversed Retraction
G1 F3000.0 X-6.9 Y6.9 E281.43727
G1 F3000.0 X6.9 Y6.9 E281.89626
G1 F3000.0 X6.9 Y-6.9 E282.35525
G1 F3000.0 X-6.9 Y-6.9 E282.81424
;Internal Infill
G1 F2400.0 E277.81424 ; Retraction
G0 F7200.0 X-6.90003 Y-6.0
G1 F2400.0 E282.81424 ; Reversed Retraction
G1 F3000.0 X6.90003 Y-6.0 E283.27324
G1 F2400.0 E278.27324 ; Retraction
G0 F7200.0 X2.94447 Y-6.90003
G1 F2400.0 E283.27324 ; Reversed Retraction
G1 F3000.0 X6.90003 Y-0.0488 E283.53636
G1 F2400.0 E278.53636 ; Retraction
G0 F7200.0 X6.90003 Y0.0
G1 F2400.0 E283.53636 ; Reversed Retraction
G1 F3000.0 X-6.90003 Y0.0 E283.99535
G1 F2400.0 E278.99535 ; Retraction
G0 F7200.0 X-6.90003 Y0.0488
G1 F2400.0 E283.99535 ; Reversed Retraction
G1 F3000.0 X-2.94447 Y6.90003 E284.25848
G1 F2400.0 E279.25848 ; Retraction
G0 F7200.0 X-3.98373 Y6.90003
G1 F2400.0 E284.25848 ; Reversed Retraction
G1 F3000.0 X3.98373 Y-6.90003 E284.78848
G1 F2400.0 E279.78848 ; Retraction
G0 F7200.0 X-3.98373 Y-6.90003
G1 F2400.0 E284.78848 ; Reversed Retraction
G1 F3000.0 X3.98373 Y6.90003 E285.31847
G1 F2400.0 E280.31847 ; Retraction
G0 F7200.0 X2.94447 Y6.90003
G1 F2400.0 E285.31847 ; Reversed Retraction
G1 F3000.0 X6.90003 Y0.0488 E285.5816
G1 F2400.0 E280.5816 ; Retraction
G0 F7200.0 X6.90003 Y6.0
G1 F2400.0 E285.5816 ; Reversed Retraction
G1 F3000.0 X-6.90003 Y6.0 E286.04059
G1 F2400.0 E281.04059 ; Retraction
G0 F7200.0 X-6.90003 Y-0.0488
G1 F2400.0 E286.04059 ; Reversed Retraction
G1 F3000.0 X-2.94447 Y-6.90003 E286.30372
;Layer 36
G0 F1440.0 Z7.4
;Shell(s)
G1 F2400.0 E281.30372 ; Retraction
G0 F7200.0 X-7.3 Y-7.3
G1 F2400.0 E286.30372 ; Reversed Retraction
G1 F3000.0 X-7.3 Y7.3 E286.78931
G1 F3000.0 X7.3 Y7.3 E287.27491
G1 F3000.0 X7.3 Y-7.3 E287.76051
G1 F3000.0 X-7.3 Y-7.3 E288.24611
G1 F2400.0 E283.24611 ; Retraction
G0 F7200.0 X-6.9 Y-6.9
G1 F2400.0 E288.24611 ; Reversed Retraction
G1 F3000.0 X-6.9 Y6.9 E288.7051
G1 F3000.0 X6.9 Y6.9 E289.16409
G1 F3000.0 X6.9 Y-6.9 E289.62308
G1 F3000.0 X-6.9 Y-6.9 E290.08207
;Internal Infill
G1 F2400.0 E285.08207 ; Retraction
G0 F7200.0 X-6.90003 Y-6.0
G1 F2400.0 E290.08207 ; Reversed Retraction
G1 F3000.0 X6.90003 Y-6.0 E290.54106
G1 F2400.0 E285.54106 ; Retraction
G0 F7200.0 X2.94447 Y-6.90003
G1 F2400.0 E290.54106 ; Reversed Retraction
G1 F3000.0 X6.90003 Y-0.0488 E290.80418
G1 F2400.0 E285.80418 ; Retraction
G0 F7200.0 X6.90003 Y0.0
G1 F2400.0 E290.80418 ; Reversed Retraction
G1 F3000.0 X-6.90003 Y0.0 E291.26318
G1 F2400.0 E286.26318 ; Retraction
G0 F7200.0 X-6.90003 Y0.0488
G1 F2400.0 E291.26318 ; Reversed Retraction
G1 F3000.0 X-2.94447 Y6.90003 E291.5263
G1 F2400.0 E286.5263 ; Retraction
G0 F7200.0 X-3.98373 Y6.90003
G1 F2400.0 E291.5263 ; Reversed Retraction
G1 F3000.0 X3.98373 Y-6.90003 E292.0563
G1 F2400.0 E287.0563 ; Retraction
G0 F7200.0 X-3.98373 Y-6.90003
G1 F2400.0 E292.0563 ; Reversed Retraction
G1 F3000.0 X3.98373 Y6.90003 E292.5863
G1 F2400.0 E287.5863 ; Retraction
G0 F7200.0 X2.94447 Y6.90003
G1 F2400.0 E292.5863 ; Reversed Retraction
G1 F3000.0 X6.90003 Y0.0488 E292.84942
G1 F2400.0 E287.84942 ; Retraction
G0 F7200.0 X6.90003 Y6.0
G1 F2400.0 E292.84942 ; Reversed Retraction
G1 F3000.0 X-6.90003 Y6.0 E293.30841
G1 F2400.0 E288.30841 ; Retraction
G0 F7200.0 X-6.90003 Y-0.0488
G1 F2400.0 E293.30841 ; Reversed Retraction
G1 F3000.0 X-2.94447 Y-6.90003 E293.57154
;Layer 37
G0 F1440.0 Z7.6
;Shell(s)
G1 F2400.0 E288.57154 ; Retraction
G0 F7200.0 X-7.3 Y-7.3
G1 F2400.0 E293.57154 ; Reversed Retraction
G1 F3000.0 X-7.3 Y7.3 E294.05714
G1 F3000.0 X7.3 Y7.3 E294.54273
G1 F3000.0 X7.3 Y-7.3 E295.02833
G1 F3000.0 X-7.3 Y-7.3 E295.51393
G1 F2400.0 E290.51393 ; Retraction
G0 F7200.0 X-6.9 Y-6.9
G1 F2400.0 E295.51393 ; Reversed Retraction
G1 F3000.0 X-6.9 Y6.9 E295.97292
G1 F3000.0 X6.9 Y6.9 E296.43191
G1 F3000.0 X6.9 Y-6.9 E296.8909
G1 F3000.0 X-6.9 Y-6.9 E297.34989
;Internal Infill
G1 F2400.0 E292.34989 ; Retraction
G0 F7200.0 X-6.90003 Y-6.0
G1 F2400.0 E297.34989 ; Reversed Retraction
G1 F3000.0 X6.90003 Y-6.0 E297.80888
G1 F2400.0 E292.80888 ; Retraction
G0 F7200.0 X2.94447 Y-6.90003
G1 F2400.0 E297.80888 ; Reversed Retraction
G1 F3000.0 X6.90003 Y-0.0488 E298.07201
G1 F2400.0 E293.07201 ; Retraction
G0 F7200.0 X6.90003 Y0.0
G1 F2400.0 E298.07201 ; Reversed Retraction
G1 F3000.0 X-6.90003 Y0.0 E298.531
G1 F2400.0 E293.531 ; Retraction
G0 F7200.0 X-6.90003 Y0.0488
G1 F2400.0 E298.531 ; Reversed Retraction
G1 F3000.0 X-2.94447 Y6.90003 E298.79412
G1 F2400.0 E293.79412 ; Retraction
G0 F7200.0 X-3.98373 Y6.90003
G1 F2400.0 E298.79412 ; Reversed Retraction
G1 F3000.0 X3.98373 Y-6.90003 E299.32412
G1 F2400.0 E294.32412 ; Retraction
G0 F7200.0 X-3.98373 Y-6.90003
G1 F2400.0 E299.32412 ; Reversed Retraction
G1 F3000.0 X3.98373 Y6.90003 E299.85412
G1 F2400.0 E294.85412 ; Retraction
G0 F7200.0 X2.94447 Y6.90003
G1 F2400.0 E299.85412 ; Reversed Retraction
G1 F3000.0 X6.90003 Y0.0488 E300.11724
G1 F2400.0 E295.11724 ; Retraction
G0 F7200.0 X6.90003 Y6.0
G1 F2400.0 E300.11724 ; Reversed Retraction
G1 F3000.0 X-6.90003 Y6.0 E300.57624
G1 F2400.0 E295.57624 ; Retraction
G0 F7200.0 X-6.90003 Y-0.0488
G1 F2400.0 E300.57624 ; Reversed Retraction
G1 F3000.0 X-2.94447 Y-6.90003 E300.83936
;Layer 38
G0 F1440.0 Z7.8
;Shell(s)
G1 F2400.0 E295.83936 ; Retraction
G0 F7200.0 X-7.3 Y-7.3
G1 F2400.0 E300.83936 ; Reversed Retraction
G1 F3000.0 X-7.3 Y7.3 E301.32496
G1 F3000.0 X7.3 Y7.3 E301.81056
G1 F3000.0 X7.3 Y-7.3 E302.29615
G1 F3000.0 X-7.3 Y-7.3 E302.78175
G1 F2400.0 E297.78175 ; Retraction
G0 F7200.0 X-6.9 Y-6.9
G1 F2400.0 E302.78175 ; Reversed Retraction
G1 F3000.0 X-6.9 Y6.9 E303.24074
G1 F3000.0 X6.9 Y6.9 E303.69973
G1 F3000.0 X6.9 Y-6.9 E304.15872
G1 F3000.0 X-6.9 Y-6.9 E304.61771
;Internal Infill
G1 F2400.0 E299.61771 ; Retraction
G0 F7200.0 X-6.90003 Y-6.0
G1 F2400.0 E304.61771 ; Reversed Retraction
G1 F3000.0 X6.90003 Y-6.0 E305.0767
G1 F2400.0 E300.0767 ; Retraction
G0 F7200.0 X2.94447 Y-6.90003
G1 F2400.0 E305.0767 ; Reversed Retraction
G1 F3000.0 X6.90003 Y-0.0488 E305.33983
G1 F2400.0 E300.33983 ; Retraction
G0 F7200.0 X6.90003 Y0.0
G1 F2400.0 E305.33983 ; Reversed Retraction
G1 F3000.0 X-6.90003 Y0.0 E305.79882
G1 F2400.0 E300.79882 ; Retraction
G0 F7200.0 X-6.90003 Y0.0488
G1 F2400.0 E305.79882 ; Reversed Retraction
G1 F3000.0 X-2.94447 Y6.90003 E306.06195
G1 F2400.0 E301.06195 ; Retraction
G0 F7200.0 X-3.98373 Y6.90003
G1 F2400.0 E306.06195 ; Reversed Retraction
G1 F3000.0 X3.98373 Y-6.90003 E306.59194
G1 F2400.0 E301.59194 ; Retraction
G0 F7200.0 X-3.98373 Y-6.90003
G1 F2400.0 E306.59194 ; Reversed Retraction
G1 F3000.0 X3.98373 Y6.90003 E307.12194
G1 F2400.0 E302.12194 ; Retraction
G0 F7200.0 X2.94447 Y6.90003
G1 F2400.0 E307.12194 ; Reversed Retraction
G1 F3000.0 X6.90003 Y0.0488 E307.38507
G1 F2400.0 E302.38507 ; Retraction
G0 F7200.0 X6.90003 Y6.0
G1 F2400.0 E307.38507 ; Reversed Retraction
G1 F3000.0 X-6.90003 Y6.0 E307.84406
G1 F2400.0 E302.84406 ; Retraction
G0 F7200.0 X-6.90003 Y-0.0488
G1 F2400.0 E307.84406 ; Reversed Retraction
G1 F3000.0 X-2.94447 Y-6.90003 E308.10718
;Layer 39
G0 F1440.0 Z8.0
;Shell(s)
G1 F2400.0 E303.10718 ; Retraction
G0 F7200.0 X-7.3 Y-7.3
G1 F2400.0 E308.10718 ; Reversed Retraction
G1 F3000.0 X-7.3 Y7.3 E308.59278
G1 F3000.0 X7.3 Y7.3 E309.07838
G1 F3000.0 X7.3 Y-7.3 E309.56398
G1 F3000.0 X-7.3 Y-7.3 E310.04957
G1 F2400.0 E305.04957 ; Retraction
G0 F7200.0 X-6.9 Y-6.9
G1 F2400.0 E310.04957 ; Reversed Retraction
G1 F3000.0 X-6.9 Y6.9 E310.50856
G1 F3000.0 X6.9 Y6.9 E310.96755
G1 F3000.0 X6.9 Y-6.9 E311.42654
G1 F3000.0 X-6.9 Y-6.9 E311.88553
;Internal Infill
G1 F2400.0 E306.88553 ; Retraction
G0 F7200.0 X-6.90003 Y-6.0
G1 F2400.0 E311.88553 ; Reversed Retraction
G1 F3000.0 X6.90003 Y-6.0 E312.34453
G1 F2400.0 E307.34453 ; Retraction
G0 F7200.0 X2.94447 Y-6.90003
G1 F2400.0 E312.34453 ; Reversed Retraction
G1 F3000.0 X6.90003 Y-0.0488 E312.60765
G1 F2400.0 E307.60765 ; Retraction
G0 F7200.0 X6.90003 Y0.0
G1 F2400.0 E312.60765 ; Reversed Retraction
G1 F3000.0 X-6.90003 Y0.0 E313.06664
G1 F2400.0 E308.06664 ; Retraction
G0 F7200.0 X-6.90003 Y0.0488
G1 F2400.0 E313.06664 ; Reversed Retraction
G1 F3000.0 X-2.94447 Y6.90003 E313.32977
G1 F2400.0 E308.32977 ; Retraction
G0 F7200.0 X-3.98373 Y6.90003
G1 F2400.0 E313.32977 ; Reversed Retraction
G1 F3000.0 X3.98373 Y-6.90003 E313.85977
G1 F2400.0 E308.85977 ; Retraction
G0 F7200.0 X-3.98373 Y-6.90003
G1 F2400.0 E313.85977 ; Reversed Retraction
G1 F3000.0 X3.98373 Y6.90003 E314.38976
G1 F2400.0 E309.38976 ; Retraction
G0 F7200.0 X2.94447 Y6.90003
G1 F2400.0 E314.38976 ; Reversed Retraction
G1 F3000.0 X6.90003 Y0.0488 E314.65289
G1 F2400.0 E309.65289 ; Retraction
G0 F7200.0 X6.90003 Y6.0
G1 F2400.0 E314.65289 ; Reversed Retraction
G1 F3000.0 X-6.90003 Y6.0 E315.11188
G1 F2400.0 E310.11188 ; Retraction
G0 F7200.0 X-6.90003 Y-0.0488
G1 F2400.0 E315.11188 ; Reversed Retraction
G1 F3000.0 X-2.94447 Y-6.90003 E315.37501
;Layer 40
G0 F1440.0 Z8.2
;Shell(s)
G1 F2400.0 E310.37501 ; Retraction
G0 F7200.0 X-7.3 Y-7.3
G1 F2400.0 E315.37501 ; Reversed Retraction
G1 F3000.0 X-7.3 Y7.3 E315.8606
G1 F3000.0 X7.3 Y7.3 E316.3462
G1 F3000.0 X7.3 Y-7.3 E316.8318
G1 F3000.0 X-7.3 Y-7.3 E317.3174
G1 F2400.0 E312.3174 ; Retraction
G0 F7200.0 X-6.9 Y-6.9
G1 F2400.0 E317.3174 ; Reversed Retraction
G1 F3000.0 X-6.9 Y6.9 E317.77639
G1 F3000.0 X6.9 Y6.9 E318.23538
G1 F3000.0 X6.9 Y-6.9 E318.69437
G1 F3000.0 X-6.9 Y-6.9 E319.15336
;Internal Infill
G1 F2400.0 E314.15336 ; Retraction
G0 F7200.0 X-6.90003 Y-6.0
G1 F2400.0 E319.15336 ; Reversed Retraction
G1 F3000.0 X6.90003 Y-6.0 E319.61235
G1 F2400.0 E314.61235 ; Retraction
G0 F7200.0 X2.94447 Y-6.90003
G1 F2400.0 E319.61235 ; Reversed Retraction
G1 F3000.0 X6.90003 Y-0.0488 E319.87547
G1 F2400.0 E314.87547 ; Retraction
G0 F7200.0 X6.90003 Y0.0
G1 F2400.0 E319.87547 ; Reversed Retraction
G1 F3000.0 X-6.90003 Y0.0 E320.33447
G1 F2400.0 E315.33447 ; Retraction
G0 F7200.0 X-6.90003 Y0.0488
G1 F2400.0 E320.33447 ; Reversed Retraction
G1 F3000.0 X-2.94447 Y6.90003 E320.59759
G1 F2400.0 E315.59759 ; Retraction
G0 F7200.0 X-3.98373 Y6.90003
G1 F2400.0 E320.59759 ; Reversed Retraction
G1 F3000.0 X3.98373 Y-6.90003 E321.12759
G1 F2400.0 E316.12759 ; Retraction
G0 F7200.0 X-3.98373 Y-6.90003
G1 F2400.0 E321.12759 ; Reversed Retraction
G1 F3000.0 X3.98373 Y6.90003 E321.65759
G1 F2400.0 E316.65759 ; Retraction
G0 F7200.0 X2.94447 Y6.90003
G1 F2400.0 E321.65759 ; Reversed Retraction
G1 F3000.0 X6.90003 Y0.0488 E321.92071
G1 F2400.0 E316.92071 ; Retraction
G0 F7200.0 X6.90003 Y6.0
G1 F2400.0 E321.92071 ; Reversed Retraction
G1 F3000.0 X-6.90003 Y6.0 E322.3797
G1 F2400.0 E317.3797 ; Retraction
G0 F7200.0 X-6.90003 Y-0.0488
G1 F2400.0 E322.3797 ; Reversed Retraction
G1 F3000.0 X-2.94447 Y-6.90003 E322.64283
;Layer 41
G0 F1440.0 Z8.4
;Shell(s)
G1 F2400.0 E317.64283 ; Retraction
G0 F7200.0 X-7.3 Y-7.3
G1 F2400.0 E322.64283 ; Reversed Retraction
G1 F3000.0 X-7.3 Y7.3 E323.12843
G1 F3000.0 X7.3 Y7.3 E323.61402
G1 F3000.0 X7.3 Y-7.3 E324.09962
G1 F3000.0 X-7.3 Y-7.3 E324.58522
G1 F2400.0 E319.58522 ; Retraction
G0 F7200.0 X-6.9 Y-6.9
G1 F2400.0 E324.58522 ; Reversed Retraction
G1 F3000.0 X-6.9 Y6.9 E325.04421
G1 F3000.0 X6.9 Y6.9 E325.5032
G1 F3000.0 X6.9 Y-6.9 E325.96219
G1 F3000.0 X-6.9 Y-6.9 E326.42118
;Internal Infill
G1 F2400.0 E321.42118 ; Retraction
G0 F7200.0 X-6.90003 Y-6.0
G1 F2400.0 E326.42118 ; Reversed Retraction
G1 F3000.0 X6.90003 Y-6.0 E326.88017
G1 F2400.0 E321.88017 ; Retraction
G0 F7200.0 X2.94447 Y-6.90003
G1 F2400.0 E326.88017 ; Reversed Retraction
G1 F3000.0 X6.90003 Y-0.0488 E327.1433
G1 F2400.0 E322.1433 ; Retraction
G0 F7200.0 X6.90003 Y0.0
G1 F2400.0 E327.1433 ; Reversed Retraction
G1 F3000.0 X-6.90003 Y0.0 E327.60229
G1 F2400.0 E322.60229 ; Retraction
G0 F7200.0 X-6.90003 Y0.0488
G1 F2400.0 E327.60229 ; Reversed Retraction
G1 F3000.0 X-2.94447 Y6.90003 E327.86541
G1 F2400.0 E322.86541 ; Retraction
G0 F7200.0 X-3.98373 Y6.90003
G1 F2400.0 E327.86541 ; Reversed Retraction
G1 F3000.0 X3.98373 Y-6.90003 E328.39541
G1 F2400.0 E323.39541 ; Retraction
G0 F7200.0 X-3.98373 Y-6.90003
G1 F2400.0 E328.39541 ; Reversed Retraction
G1 F3000.0 X3.98373 Y6.90003 E328.92541
G1 F2400.0 E323.92541 ; Retraction
G0 F7200.0 X2.94447 Y6.90003
G1 F2400.0 E328.92541 ; Reversed Retraction
G1 F3000.0 X6.90003 Y0.0488 E329.18853
G1 F2400.0 E324.18853 ; Retraction
G0 F7200.0 X6.90003 Y6.0
G1 F2400.0 E329.18853 ; Reversed Retraction
G1 F3000.0 X-6.90003 Y6.0 E329.64753
G1 F2400.0 E324.64753 ; Retraction
G0 F7200.0 X-6.90003 Y-0.0488
G1 F2400.0 E329.64753 ; Reversed Retraction
G1 F3000.0 X-2.94447 Y-6.90003 E329.91065
;Layer 42
G0 F1440.0 Z8.6
;Shell(s)
G1 F2400.0 E324.91065 ; Retraction
G0 F7200.0 X-7.3 Y-7.3
G1 F2400.0 E329.91065 ; Reversed Retraction
G1 F3000.0 X-7.3 Y7.3 E330.39625
G1 F3000.0 X7.3 Y7.3 E330.88185
G1 F3000.0 X7.3 Y-7.3 E331.36744
G1 F3000.0 X-7.3 Y-7.3 E331.85304
G1 F2400.0 E326.85304 ; Retraction
G0 F7200.0 X-6.9 Y-6.9
G1 F2400.0 E331.85304 ; Reversed Retraction
G1 F3000.0 X-6.9 Y6.9 E332.31203
G1 F3000.0 X6.9 Y6.9 E332.77102
G1 F3000.0 X6.9 Y-6.9 E333.23001
G1 F3000.0 X-6.9 Y-6.9 E333.689
;Internal Infill
G1 F2400.0 E328.689 ; Retraction
G0 F7200.0 X-6.90003 Y-6.0
G1 F2400.0 E333.689 ; Reversed Retraction
G1 F3000.0 X6.90003 Y-6.0 E334.14799
G1 F2400.0 E329.14799 ; Retraction
G0 F7200.0 X2.94447 Y-6.90003
G1 F2400.0 E334.14799 ; Reversed Retraction
G1 F3000.0 X6.90003 Y-0.0488 E334.41112
G1 F2400.0 E329.41112 ; Retraction
G0 F7200.0 X6.90003 Y0.0
G1 F2400.0 E334.41112 ; Reversed Retraction
G1 F3000.0 X-6.90003 Y0.0 E334.87011
G1 F2400.0 E329.87011 ; Retraction
G0 F7200.0 X-6.90003 Y0.0488
G1 F2400.0 E334.87011 ; Reversed Retraction
G1 F3000.0 X-2.94447 Y6.90003 E335.13324
G1 F2400.0 E330.13324 ; Retraction
G0 F7200.0 X-3.98373 Y6.90003
G1 F2400.0 E335.13324 ; Reversed Retraction
G1 F3000.0 X3.98373 Y-6.90003 E335.66323
G1 F2400.0 E330.66323 ; Retraction
G0 F7200.0 X-3.98373 Y-6.90003
G1 F2400.0 E335.66323 ; Reversed Retraction
G1 F3000.0 X3.98373 Y6.90003 E336.19323
G1 F2400.0 E331.19323 ; Retraction
G0 F7200.0 X2.94447 Y6.90003
G1 F2400.0 E336.19323 ; Reversed Retraction
G1 F3000.0 X6.90003 Y0.0488 E336.45636
G1 F2400.0 E331.45636 ; Retraction
G0 F7200.0 X6.90003 Y6.0
G1 F2400.0 E336.45636 ; Reversed Retraction
G1 F3000.0 X-6.90003 Y6.0 E336.91535
G1 F2400.0 E331.91535 ; Retraction
G0 F7200.0 X-6.90003 Y-0.0488
G1 F2400.0 E336.91535 ; Reversed Retraction
G1 F3000.0 X-2.94447 Y-6.90003 E337.17847
;Layer 43
G0 F1440.0 Z8.8
;Shell(s)
G1 F2400.0 E332.17847 ; Retraction
G0 F7200.0 X-7.3 Y-7.3
G1 F2400.0 E337.17847 ; Reversed Retraction
G1 F3000.0 X-7.3 Y7.3 E337.66407
G1 F3000.0 X7.3 Y7.3 E338.14967
G1 F3000.0 X7.3 Y-7.3 E338.63527
G1 F3000.0 X-7.3 Y-7.3 E339.12087
G1 F2400.0 E334.12087 ; Retraction
G0 F7200.0 X-6.9 Y-6.9
G1 F2400.0 E339.12087 ; Reversed Retraction
G1 F3000.0 X-6.9 Y6.9 E339.57985
G1 F3000.0 X6.9 Y6.9 E340.03884
G1 F3000.0 X6.9 Y-6.9 E340.49783
G1 F3000.0 X-6.9 Y-6.9 E340.95682
;Internal Infill
G1 F2400.0 E335.95682 ; Retraction
G0 F7200.0 X-6.90003 Y-6.0
G1 F2400.0 E340.95682 ; Reversed Retraction
G1 F3000.0 X6.90003 Y-6.0 E341.41582
G1 F2400.0 E336.41582 ; Retraction
G0 F7200.0 X2.94447 Y-6.90003
G1 F2400.0 E341.41582 ; Reversed Retraction
G1 F3000.0 X6.90003 Y-0.0488 E341.67894
G1 F2400.0 E336.67894 ; Retraction
G0 F7200.0 X6.90003 Y0.0
G1 F2400.0 E341.67894 ; Reversed Retraction
G1 F3000.0 X-6.90003 Y0.0 E342.13793
G1 F2400.0 E337.13793 ; Retraction
G0 F7200.0 X-6.90003 Y0.0488
G1 F2400.0 E342.13793 ; Reversed Retraction
G1 F3000.0 X-2.94447 Y6.90003 E342.40106
G1 F2400.0 E337.40106 ; Retraction
G0 F7200.0 X-3.98373 Y6.90003
G1 F2400.0 E342.40106 ; Reversed Retraction
G1 F3000.0 X3.98373 Y-6.90003 E342.93106
G1 F2400.0 E337.93106 ; Retraction
G0 F7200.0 X-3.98373 Y-6.90003
G1 F2400.0 E342.93106 ; Reversed Retraction
G1 F3000.0 X3.98373 Y6.90003 E343.46105
G1 F2400.0 E338.46105 ; Retraction
G0 F7200.0 X2.94447 Y6.90003
G1 F2400.0 E343.46105 ; Reversed Retraction
G1 F3000.0 X6.90003 Y0.0488 E343.72418
G1 F2400.0 E338.72418 ; Retraction
G0 F7200.0 X6.90003 Y6.0
G1 F2400.0 E343.72418 ; Reversed Retraction
G1 F3000.0 X-6.90003 Y6.0 E344.18317
G1 F2400.0 E339.18317 ; Retraction
G0 F7200.0 X-6.90003 Y-0.0488
G1 F2400.0 E344.18317 ; Reversed Retraction
G1 F3000.0 X-2.94447 Y-6.90003 E344.4463
;Layer 44
G0 F1440.0 Z9.0
;Shell(s)
G1 F2400.0 E339.4463 ; Retraction
G0 F7200.0 X-7.3 Y-7.3
G1 F2400.0 E344.4463 ; Reversed Retraction
G1 F3000.0 X-7.3 Y7.3 E344.93189
G1 F3000.0 X7.3 Y7.3 E345.41749
G1 F3000.0 X7.3 Y-7.3 E345.90309
G1 F3000.0 X-7.3 Y-7.3 E346.38869
G1 F2400.0 E341.38869 ; Retraction
G0 F7200.0 X-6.9 Y-6.9
G1 F2400.0 E346.38869 ; Reversed Retraction
G1 F3000.0 X-6.9 Y6.9 E346.84768
G1 F3000.0 X6.9 Y6.9 E347.30667
G1 F3000.0 X6.9 Y-6.9 E347.76566
G1 F3000.0 X-6.9 Y-6.9 E348.22465
;Internal Infill
G1 F2400.0 E343.22465 ; Retraction
G0 F7200.0 X-6.90003 Y-6.0
G1 F2400.0 E348.22465 ; Reversed Retraction
G1 F3000.0 X6.90003 Y-6.0 E348.68364
G1 F2400.0 E343.68364 ; Retraction
G0 F7200.0 X2.94447 Y-6.90003
G1 F2400.0 E348.68364 ; Reversed Retraction
G1 F3000.0 X6.90003 Y-0.0488 E348.94676
G1 F2400.0 E343.94676 ; Retraction
G0 F7200.0 X6.90003 Y0.0
G1 F2400.0 E348.94676 ; Reversed Retraction
G1 F3000.0 X-6.90003 Y0.0 E349.40576
G1 F2400.0 E344.40576 ; Retraction
G0 F7200.0 X-6.90003 Y0.0488
G1 F2400.0 E349.40576 ; Reversed Retraction
G1 F3000.0 X-2.94447 Y6.90003 E349.66888
G1 F2400.0 E344.66888 ; Retraction
G0 F7200.0 X-3.98373 Y6.90003
G1 F2400.0 E349.66888 ; Reversed Retraction
G1 F3000.0 X3.98373 Y-6.90003 E350.19888
G1 F2400.0 E345.19888 ; Retraction
G0 F7200.0 X-3.98373 Y-6.90003
G1 F2400.0 E350.19888 ; Reversed Retraction
G1 F3000.0 X3.98373 Y6.90003 E350.72888
G1 F2400.0 E345.72888 ; Retraction
G0 F7200.0 X2.94447 Y6.90003
G1 F2400.0 E350.72888 ; Reversed Retraction
G1 F3000.0 X6.90003 Y0.0488 E350.992
G1 F2400.0 E345.992 ; Retraction
G0 F7200.0 X6.90003 Y6.0
G1 F2400.0 E350.992 ; Reversed Retraction
G1 F3000.0 X-6.90003 Y6.0 E351.45099
G1 F2400.0 E346.45099 ; Retraction
G0 F7200.0 X-6.90003 Y-0.0488
G1 F2400.0 E351.45099 ; Reversed Retraction
G1 F3000.0 X-2.94447 Y-6.90003 E351.71412
;Layer 45
G0 F1440.0 Z9.2
;Shell(s)
G1 F2400.0 E346.71412 ; Retraction
G0 F7200.0 X-7.3 Y-7.3
G1 F2400.0 E351.71412 ; Reversed Retraction
G1 F3000.0 X-7.3 Y7.3 E352.19972
G1 F3000.0 X7.3 Y7.3 E352.68531
G1 F3000.0 X7.3 Y-7.3 E353.17091
G1 F3000.0 X-7.3 Y-7.3 E353.65651
G1 F2400.0 E348.65651 ; Retraction
G0 F7200.0 X-6.9 Y-6.9
G1 F2400.0 E353.65651 ; Reversed Retraction
G1 F3000.0 X-6.9 Y6.9 E354.1155
G1 F3000.0 X6.9 Y6.9 E354.57449
G1 F3000.0 X6.9 Y-6.9 E355.03348
G1 F3000.0 X-6.9 Y-6.9 E355.49247
;Internal Infill
G1 F2400.0 E350.49247 ; Retraction
G0 F7200.0 X-6.90003 Y-6.0
G1 F2400.0 E355.49247 ; Reversed Retraction
G1 F3000.0 X6.90003 Y-6.0 E355.95146
G1 F2400.0 E350.95146 ; Retraction
G0 F7200.0 X2.94447 Y-6.90003
G1 F2400.0 E355.95146 ; Reversed Retraction
G1 F3000.0 X6.90003 Y-0.0488 E356.21459
G1 F2400.0 E351.21459 ; Retraction
G0 F7200.0 X6.90003 Y0.0
G1 F2400.0 E356.21459 ; Reversed Retraction
G1 F3000.0 X-6.90003 Y0.0 E356.67358
G1 F2400.0 E351.67358 ; Retraction
G0 F7200.0 X-6.90003 Y0.0488
G1 F2400.0 E356.67358 ; Reversed Retraction
G1 F3000.0 X-2.94447 Y6.90003 E356.9367
G1 F2400.0 E351.9367 ; Retraction
G0 F7200.0 X-3.98373 Y6.90003
G1 F2400.0 E356.9367 ; Reversed Retraction
G1 F3000.0 X3.98373 Y-6.90003 E357.4667
G1 F2400.0 E352.4667 ; Retraction
G0 F7200.0 X-3.98373 Y-6.90003
G1 F2400.0 E357.4667 ; Reversed Retraction
G1 F3000.0 X3.98373 Y6.90003 E357.9967
G1 F2400.0 E352.9967 ; Retraction
G0 F7200.0 X2.94447 Y6.90003
G1 F2400.0 E357.9967 ; Reversed Retraction
G1 F3000.0 X6.90003 Y0.0488 E358.25982
G1 F2400.0 E353.25982 ; Retraction
G0 F7200.0 X6.90003 Y6.0
G1 F2400.0 E358.25982 ; Reversed Retraction
G1 F3000.0 X-6.90003 Y6.0 E358.71882
G1 F2400.0 E353.71882 ; Retraction
G0 F7200.0 X-6.90003 Y-0.0488
G1 F2400.0 E358.71882 ; Reversed Retraction
G1 F3000.0 X-2.94447 Y-6.90003 E358.98194
;Layer 46
G0 F1440.0 Z9.4
;Shell(s)
G1 F2400.0 E353.98194 ; Retraction
G0 F7200.0 X-7.3 Y-7.3
G1 F2400.0 E358.98194 ; Reversed Retraction
G1 F3000.0 X-7.3 Y7.3 E359.46754
G1 F3000.0 X7.3 Y7.3 E359.95314
G1 F3000.0 X7.3 Y-7.3 E360.43873
G1 F3000.0 X-7.3 Y-7.3 E360.92433
G1 F2400.0 E355.92433 ; Retraction
G0 F7200.0 X-6.9 Y-6.9
G1 F2400.0 E360.92433 ; Reversed Retraction
G1 F3000.0 X-6.9 Y6.9 E361.38332
G1 F3000.0 X6.9 Y6.9 E361.84231
G1 F3000.0 X6.9 Y-6.9 E362.3013
G1 F3000.0 X-6.9 Y-6.9 E362.76029
;Internal Infill
G1 F2400.0 E357.76029 ; Retraction
G0 F7200.0 X-6.90003 Y-6.0
G1 F2400.0 E362.76029 ; Reversed Retraction
G1 F3000.0 X6.90003 Y-6.0 E363.21928
G1 F2400.0 E358.21928 ; Retraction
G0 F7200.0 X2.94447 Y-6.90003
G1 F2400.0 E363.21928 ; Reversed Retraction
G1 F3000.0 X6.90003 Y-0.0488 E363.48241
G1 F2400.0 E358.48241 ; Retraction
G0 F7200.0 X6.90003 Y0.0
G1 F2400.0 E363.48241 ; Reversed Retraction
G1 F3000.0 X-6.90003 Y0.0 E363.9414
G1 F2400.0 E358.9414 ; Retraction
G0 F7200.0 X-6.90003 Y0.0488
G1 F2400.0 E363.9414 ; Reversed Retraction
G1 F3000.0 X-2.94447 Y6.90003 E364.20453
G1 F2400.0 E359.20453 ; Retraction
G0 F7200.0 X-3.98373 Y6.90003
G1 F2400.0 E364.20453 ; Reversed Retraction
G1 F3000.0 X3.98373 Y-6.90003 E364.73452
G1 F2400.0 E359.73452 ; Retraction
G0 F7200.0 X-3.98373 Y-6.90003
G1 F2400.0 E364.73452 ; Reversed Retraction
G1 F3000.0 X3.98373 Y6.90003 E365.26452
G1 F2400.0 E360.26452 ; Retraction
G0 F7200.0 X2.94447 Y6.90003
G1 F2400.0 E365.26452 ; Reversed Retraction
G1 F3000.0 X6.90003 Y0.0488 E365.52765
G1 F2400.0 E360.52765 ; Retraction
G0 F7200.0 X6.90003 Y6.0
G1 F2400.0 E365.52765 ; Reversed Retraction
G1 F3000.0 X-6.90003 Y6.0 E365.98664
G1 F2400.0 E360.98664 ; Retraction
G0 F7200.0 X-6.90003 Y-0.0488
G1 F2400.0 E365.98664 ; Reversed Retraction
G1 F3000.0 X-2.94447 Y-6.90003 E366.24976
;Layer 47
G0 F1440.0 Z9.6
;Shell(s)
G1 F2400.0 E361.24976 ; Retraction
G0 F7200.0 X-7.3 Y-7.3
G1 F2400.0 E366.24976 ; Reversed Retraction
G1 F3000.0 X-7.3 Y7.3 E366.73536
G1 F3000.0 X7.3 Y7.3 E367.22096
G1 F3000.0 X7.3 Y-7.3 E367.70656
G1 F3000.0 X-7.3 Y-7.3 E368.19216
G1 F2400.0 E363.19216 ; Retraction
G0 F7200.0 X-6.9 Y-6.9
G1 F2400.0 E368.19216 ; Reversed Retraction
G1 F3000.0 X-6.9 Y6.9 E368.65114
G1 F3000.0 X6.9 Y6.9 E369.11013
G1 F3000.0 X6.9 Y-6.9 E369.56912
G1 F3000.0 X-6.9 Y-6.9 E370.02811
;Internal Infill
G1 F2400.0 E365.02811 ; Retraction
G0 F7200.0 X-6.90003 Y-6.0
G1 F2400.0 E370.02811 ; Reversed Retraction
G1 F3000.0 X6.90003 Y-6.0 E370.48711
G1 F2400.0 E365.48711 ; Retraction
G0 F7200.0 X2.94447 Y-6.90003
G1 F2400.0 E370.48711 ; Reversed Retraction
G1 F3000.0 X6.90003 Y-0.0488 E370.75023
G1 F2400.0 E365.75023 ; Retraction
G0 F7200.0 X6.90003 Y0.0
G1 F2400.0 E370.75023 ; Reversed Retraction
G1 F3000.0 X-6.90003 Y0.0 E371.20922
G1 F2400.0 E366.20922 ; Retraction
G0 F7200.0 X-6.90003 Y0.0488
G1 F2400.0 E371.20922 ; Reversed Retraction
G1 F3000.0 X-2.94447 Y6.90003 E371.47235
G1 F2400.0 E366.47235 ; Retraction
G0 F7200.0 X-3.98373 Y6.90003
G1 F2400.0 E371.47235 ; Reversed Retraction
G1 F3000.0 X3.98373 Y-6.90003 E372.00235
G1 F2400.0 E367.00235 ; Retraction
G0 F7200.0 X-3.98373 Y-6.90003
G1 F2400.0 E372.00235 ; Reversed Retraction
G1 F3000.0 X3.98373 Y6.90003 E372.53234
G1 F2400.0 E367.53234 ; Retraction
G0 F7200.0 X2.94447 Y6.90003
G1 F2400.0 E372.53234 ; Reversed Retraction
G1 F3000.0 X6.90003 Y0.0488 E372.79547
G1 F2400.0 E367.79547 ; Retraction
G0 F7200.0 X6.90003 Y6.0
G1 F2400.0 E372.79547 ; Reversed Retraction
G1 F3000.0 X-6.90003 Y6.0 E373.25446
G1 F2400.0 E368.25446 ; Retraction
G0 F7200.0 X-6.90003 Y-0.0488
G1 F2400.0 E373.25446 ; Reversed Retraction
G1 F3000.0 X-2.94447 Y-6.90003 E373.51759
;Layer 48
G0 F1440.0 Z9.8
;Shell(s)
G1 F2400.0 E368.51759 ; Retraction
G0 F7200.0 X-7.3 Y-7.3
G1 F2400.0 E373.51759 ; Reversed Retraction
G1 F3000.0 X-7.3 Y7.3 E374.00318
G1 F3000.0 X7.3 Y7.3 E374.48878
G1 F3000.0 X7.3 Y-7.3 E374.97438
G1 F3000.0 X-7.3 Y-7.3 E375.45998
G1 F2400.0 E370.45998 ; Retraction
G0 F7200.0 X-6.9 Y-6.9
G1 F2400.0 E375.45998 ; Reversed Retraction
G1 F3000.0 X-6.9 Y6.9 E375.91897
G1 F3000.0 X6.9 Y6.9 E376.37796
G1 F3000.0 X6.9 Y-6.9 E376.83695
G1 F3000.0 X-6.9 Y-6.9 E377.29594
;Internal Infill
G1 F2400.0 E372.29594 ; Retraction
G0 F7200.0 X-6.90003 Y-6.0
G1 F2400.0 E377.29594 ; Reversed Retraction
G1 F3000.0 X6.90003 Y-6.0 E377.75493
G1 F2400.0 E372.75493 ; Retraction
G0 F7200.0 X2.94447 Y-6.90003
G1 F2400.0 E377.75493 ; Reversed Retraction
G1 F3000.0 X6.90003 Y-0.0488 E378.01805
G1 F2400.0 E373.01805 ; Retraction
G0 F7200.0 X6.90003 Y0.0
G1 F2400.0 E378.01805 ; Reversed Retraction
G1 F3000.0 X-6.90003 Y0.0 E378.47705
G1 F2400.0 E373.47705 ; Retraction
G0 F7200.0 X-6.90003 Y0.0488
G1 F2400.0 E378.47705 ; Reversed Retraction
G1 F3000.0 X-2.94447 Y6.90003 E378.74017
G1 F2400.0 E373.74017 ; Retraction
G0 F7200.0 X-3.98373 Y6.90003
G1 F2400.0 E378.74017 ; Reversed Retraction
G1 F3000.0 X3.98373 Y-6.90003 E379.27017
G1 F2400.0 E374.27017 ; Retraction
G0 F7200.0 X-3.98373 Y-6.90003
G1 F2400.0 E379.27017 ; Reversed Retraction
G1 F3000.0 X3.98373 Y6.90003 E379.80017
G1 F2400.0 E374.80017 ; Retraction
G0 F7200.0 X2.94447 Y6.90003
G1 F2400.0 E379.80017 ; Reversed Retraction
G1 F3000.0 X6.90003 Y0.0488 E380.06329
G1 F2400.0 E375.06329 ; Retraction
G0 F7200.0 X6.90003 Y6.0
G1 F2400.0 E380.06329 ; Reversed Retraction
G1 F3000.0 X-6.90003 Y6.0 E380.52228
G1 F2400.0 E375.52228 ; Retraction
G0 F7200.0 X-6.90003 Y-0.0488
G1 F2400.0 E380.52228 ; Reversed Retraction
G1 F3000.0 X-2.94447 Y-6.90003 E380.78541
;Layer 49
G0 F1440.0 Z10.0
;Shell(s)
G1 F2400.0 E375.78541 ; Retraction
G0 F7200.0 X-7.3 Y-7.3
G1 F2400.0 E380.78541 ; Reversed Retraction
G1 F3000.0 X-7.3 Y7.3 E381.27101
G1 F3000.0 X7.3 Y7.3 E381.7566
G1 F3000.0 X7.3 Y-7.3 E382.2422
G1 F3000.0 X-7.3 Y-7.3 E382.7278
G1 F2400.0 E377.7278 ; Retraction
G0 F7200.0 X-6.9 Y-6.9
G1 F2400.0 E382.7278 ; Reversed Retraction
G1 F3000.0 X-6.9 Y6.9 E383.18679
G1 F3000.0 X6.9 Y6.9 E383.64578
G1 F3000.0 X6.9 Y-6.9 E384.10477
G1 F3000.0 X-6.9 Y-6.9 E384.56376
;Internal Infill
G1 F2400.0 E379.56376 ; Retraction
G0 F7200.0 X-6.90003 Y-6.0
G1 F2400.0 E384.56376 ; Reversed Retraction
G1 F3000.0 X6.90003 Y-6.0 E385.02275
G1 F2400.0 E380.02275 ; Retraction
G0 F7200.0 X2.94447 Y-6.90003
G1 F2400.0 E385.02275 ; Reversed Retraction
G1 F3000.0 X6.90003 Y-0.0488 E385.28588
G1 F2400.0 E380.28588 ; Retraction
G0 F7200.0 X6.90003 Y0.0
G1 F2400.0 E385.28588 ; Reversed Retraction
G1 F3000.0 X-6.90003 Y0.0 E385.74487
G1 F2400.0 E380.74487 ; Retraction
G0 F7200.0 X-6.90003 Y0.0488
G1 F2400.0 E385.74487 ; Reversed Retraction
G1 F3000.0 X-2.94447 Y6.90003 E386.00799
G1 F2400.0 E381.00799 ; Retraction
G0 F7200.0 X-3.98373 Y6.90003
G1 F2400.0 E386.00799 ; Reversed Retraction
G1 F3000.0 X3.98373 Y-6.90003 E386.53799
G1 F2400.0 E381.53799 ; Retraction
G0 F7200.0 X-3.98373 Y-6.90003
G1 F2400.0 E386.53799 ; Reversed Retraction
G1 F3000.0 X3.98373 Y6.90003 E387.06799
G1 F2400.0 E382.06799 ; Retraction
G0 F7200.0 X2.94447 Y6.90003
G1 F2400.0 E387.06799 ; Reversed Retraction
G1 F3000.0 X6.90003 Y0.0488 E387.33111
G1 F2400.0 E382.33111 ; Retraction
G0 F7200.0 X6.90003 Y6.0
G1 F2400.0 E387.33111 ; Reversed Retraction
G1 F3000.0 X-6.90003 Y6.0 E387.79011
G1 F2400.0 E382.79011 ; Retraction
G0 F7200.0 X-6.90003 Y-0.0488
G1 F2400.0 E387.79011 ; Reversed Retraction
G1 F3000.0 X-2.94447 Y-6.90003 E388.05323
;Layer 50
G0 F1440.0 Z10.2
;Shell(s)
G1 F2400.0 E383.05323 ; Retraction
G0 F7200.0 X-7.3 Y-7.3
G1 F2400.0 E388.05323 ; Reversed Retraction
G1 F3000.0 X-7.3 Y7.3 E388.53883
G1 F3000.0 X7.3 Y7.3 E389.02443
G1 F3000.0 X7.3 Y-7.3 E389.51002
G1 F3000.0 X-7.3 Y-7.3 E389.99562
G1 F2400.0 E384.99562 ; Retraction
G0 F7200.0 X-6.9 Y-6.9
G1 F2400.0 E389.99562 ; Reversed Retraction
G1 F3000.0 X-6.9 Y6.9 E390.45461
G1 F3000.0 X6.9 Y6.9 E390.9136
G1 F3000.0 X6.9 Y-6.9 E391.37259
G1 F3000.0 X-6.9 Y-6.9 E391.83158
;Internal Infill
G1 F2400.0 E386.83158 ; Retraction
G0 F7200.0 X-6.90003 Y-6.0
G1 F2400.0 E391.83158 ; Reversed Retraction
G1 F3000.0 X6.90003 Y-6.0 E392.29057
G1 F2400.0 E387.29057 ; Retraction
G0 F7200.0 X2.94447 Y-6.90003
G1 F2400.0 E392.29057 ; Reversed Retraction
G1 F3000.0 X6.90003 Y-0.0488 E392.5537
G1 F2400.0 E387.5537 ; Retraction
G0 F7200.0 X6.90003 Y0.0
G1 F2400.0 E392.5537 ; Reversed Retraction
G1 F3000.0 X-6.90003 Y0.0 E393.01269
G1 F2400.0 E388.01269 ; Retraction
G0 F7200.0 X-6.90003 Y0.0488
G1 F2400.0 E393.01269 ; Reversed Retraction
G1 F3000.0 X-2.94447 Y6.90003 E393.27582
G1 F2400.0 E388.27582 ; Retraction
G0 F7200.0 X-3.98373 Y6.90003
G1 F2400.0 E393.27582 ; Reversed Retraction
G1 F3000.0 X3.98373 Y-6.90003 E393.80581
G1 F2400.0 E388.80581 ; Retraction
G0 F7200.0 X-3.98373 Y-6.90003
G1 F2400.0 E393.80581 ; Reversed Retraction
G1 F3000.0 X3.98373 Y6.90003 E394.33581
G1 F2400.0 E389.33581 ; Retraction
G0 F7200.0 X2.94447 Y6.90003
G1 F2400.0 E394.33581 ; Reversed Retraction
G1 F3000.0 X6.90003 Y0.0488 E394.59894
G1 F2400.0 E389.59894 ; Retraction
G0 F7200.0 X6.90003 Y6.0
G1 F2400.0 E394.59894 ; Reversed Retraction
G1 F3000.0 X-6.90003 Y6.0 E395.05793
G1 F2400.0 E390.05793 ; Retraction
G0 F7200.0 X-6.90003 Y-0.0488
G1 F2400.0 E395.05793 ; Reversed Retraction
G1 F3000.0 X-2.94447 Y-6.90003 E395.32105
;Layer 51
G0 F1440.0 Z10.4
;Shell(s)
G1 F2400.0 E390.32105 ; Retraction
G0 F7200.0 X-7.3 Y-7.3
G1 F2400.0 E395.32105 ; Reversed Retraction
G1 F3000.0 X-7.3 Y7.3 E395.80665
G1 F3000.0 X7.3 Y7.3 E396.29225
G1 F3000.0 X7.3 Y-7.3 E396.77785
G1 F3000.0 X-7.3 Y-7.3 E397.26345
G1 F2400.0 E392.26345 ; Retraction
G0 F7200.0 X-6.9 Y-6.9
G1 F2400.0 E397.26345 ; Reversed Retraction
G1 F3000.0 X-6.9 Y6.9 E397.72243
G1 F3000.0 X6.9 Y6.9 E398.18142
G1 F3000.0 X6.9 Y-6.9 E398.64041
G1 F3000.0 X-6.9 Y-6.9 E399.0994
;Internal Infill
G1 F2400.0 E394.0994 ; Retraction
G0 F7200.0 X-6.90003 Y-6.0
G1 F2400.0 E399.0994 ; Reversed Retraction
G1 F3000.0 X6.90003 Y-6.0 E399.5584
G1 F2400.0 E394.5584 ; Retraction
G0 F7200.0 X2.94447 Y-6.90003
G1 F2400.0 E399.5584 ; Reversed Retraction
G1 F3000.0 X6.90003 Y-0.0488 E399.82152
G1 F2400.0 E394.82152 ; Retraction
G0 F7200.0 X6.90003 Y0.0
G1 F2400.0 E399.82152 ; Reversed Retraction
G1 F3000.0 X-6.90003 Y0.0 E400.28051
G1 F2400.0 E395.28051 ; Retraction
G0 F7200.0 X-6.90003 Y0.0488
G1 F2400.0 E400.28051 ; Reversed Retraction
G1 F3000.0 X-2.94447 Y6.90003 E400.54364
G1 F2400.0 E395.54364 ; Retraction
G0 F7200.0 X-3.98373 Y6.90003
G1 F2400.0 E400.54364 ; Reversed Retraction
G1 F3000.0 X3.98373 Y-6.90003 E401.07364
G1 F2400.0 E396.07364 ; Retraction
G0 F7200.0 X-3.98373 Y-6.90003
G1 F2400.0 E401.07364 ; Reversed Retraction
G1 F3000.0 X3.98373 Y6.90003 E401.60363
G1 F2400.0 E396.60363 ; Retraction
G0 F7200.0 X2.94447 Y6.90003
G1 F2400.0 E401.60363 ; Reversed Retraction
G1 F3000.0 X6.90003 Y0.0488 E401.86676
G1 F2400.0 E396.86676 ; Retraction
G0 F7200.0 X6.90003 Y6.0
G1 F2400.0 E401.86676 ; Reversed Retraction
G1 F3000.0 X-6.90003 Y6.0 E402.32575
G1 F2400.0 E397.32575 ; Retraction
G0 F7200.0 X-6.90003 Y-0.0488
G1 F2400.0 E402.32575 ; Reversed Retraction
G1 F3000.0 X-2.94447 Y-6.90003 E402.58888
;Layer 52
G0 F1440.0 Z10.6
;Shell(s)
G1 F2400.0 E397.58888 ; Retraction
G0 F7200.0 X-7.3 Y-7.3
G1 F2400.0 E402.58888 ; Reversed Retraction
G1 F3000.0 X-7.3 Y7.3 E403.07447
G1 F3000.0 X7.3 Y7.3 E403.56007
G1 F3000.0 X7.3 Y-7.3 E404.04567
G1 F3000.0 X-7.3 Y-7.3 E404.53127
G1 F2400.0 E399.53127 ; Retraction
G0 F7200.0 X-6.9 Y-6.9
G1 F2400.0 E404.53127 ; Reversed Retraction
G1 F3000.0 X-6.9 Y6.9 E404.99026
G1 F3000.0 X6.9 Y6.9 E405.44925
G1 F3000.0 X6.9 Y-6.9 E405.90824
G1 F3000.0 X-6.9 Y-6.9 E406.36723
;Internal Infill
G1 F2400.0 E401.36723 ; Retraction
G0 F7200.0 X-6.90003 Y-6.0
G1 F2400.0 E406.36723 ; Reversed Retraction
G1 F3000.0 X6.90003 Y-6.0 E406.82622
G1 F2400.0 E401.82622 ; Retraction
G0 F7200.0 X2.94447 Y-6.90003
G1 F2400.0 E406.82622 ; Reversed Retraction
G1 F3000.0 X6.90003 Y-0.0488 E407.08934
G1 F2400.0 E402.08934 ; Retraction
G0 F7200.0 X6.90003 Y0.0
G1 F2400.0 E407.08934 ; Reversed Retraction
G1 F3000.0 X-6.90003 Y0.0 E407.54834
G1 F2400.0 E402.54834 ; Retraction
G0 F7200.0 X-6.90003 Y0.0488
G1 F2400.0 E407.54834 ; Reversed Retraction
G1 F3000.0 X-2.94447 Y6.90003 E407.81146
G1 F2400.0 E402.81146 ; Retraction
G0 F7200.0 X-3.98373 Y6.90003
G1 F2400.0 E407.81146 ; Reversed Retraction
G1 F3000.0 X3.98373 Y-6.90003 E408.34146
G1 F2400.0 E403.34146 ; Retraction
G0 F7200.0 X-3.98373 Y-6.90003
G1 F2400.0 E408.34146 ; Reversed Retraction
G1 F3000.0 X3.98373 Y6.90003 E408.87146
G1 F2400.0 E403.87146 ; Retraction
G0 F7200.0 X2.94447 Y6.90003
G1 F2400.0 E408.87146 ; Reversed Retraction
G1 F3000.0 X6.90003 Y0.0488 E409.13458
G1 F2400.0 E404.13458 ; Retraction
G0 F7200.0 X6.90003 Y6.0
G1 F2400.0 E409.13458 ; Reversed Retraction
G1 F3000.0 X-6.90003 Y6.0 E409.59357
G1 F2400.0 E404.59357 ; Retraction
G0 F7200.0 X-6.90003 Y-0.0488
G1 F2400.0 E409.59357 ; Reversed Retraction
G1 F3000.0 X-2.94447 Y-6.90003 E409.8567
;Layer 53
G0 F1440.0 Z10.8
;Shell(s)
G1 F2400.0 E404.8567 ; Retraction
G0 F7200.0 X-7.3 Y-7.3
G1 F2400.0 E409.8567 ; Reversed Retraction
G1 F3000.0 X-7.3 Y7.3 E410.3423
G1 F3000.0 X7.3 Y7.3 E410.82789
G1 F3000.0 X7.3 Y-7.3 E411.31349
G1 F3000.0 X-7.3 Y-7.3 E411.79909
G1 F2400.0 E406.79909 ; Retraction
G0 F7200.0 X-6.9 Y-6.9
G1 F2400.0 E411.79909 ; Reversed Retraction
G1 F3000.0 X-6.9 Y6.9 E412.25808
G1 F3000.0 X6.9 Y6.9 E412.71707
G1 F3000.0 X6.9 Y-6.9 E413.17606
G1 F3000.0 X-6.9 Y-6.9 E413.63505
;Internal Infill
G1 F2400.0 E408.63505 ; Retraction
G0 F7200.0 X-6.90003 Y-6.0
G1 F2400.0 E413.63505 ; Reversed Retraction
G1 F3000.0 X6.90003 Y-6.0 E414.09404
G1 F2400.0 E409.09404 ; Retraction
G0 F7200.0 X2.94447 Y-6.90003
G1 F2400.0 E414.09404 ; Reversed Retraction
G1 F3000.0 X6.90003 Y-0.0488 E414.35717
G1 F2400.0 E409.35717 ; Retraction
G0 F7200.0 X6.90003 Y0.0
G1 F2400.0 E414.35717 ; Reversed Retraction
G1 F3000.0 X-6.90003 Y0.0 E414.81616
G1 F2400.0 E409.81616 ; Retraction
G0 F7200.0 X-6.90003 Y0.0488
G1 F2400.0 E414.81616 ; Reversed Retraction
G1 F3000.0 X-2.94447 Y6.90003 E415.07928
G1 F2400.0 E410.07928 ; Retraction
G0 F7200.0 X-3.98373 Y6.90003
G1 F2400.0 E415.07928 ; Reversed Retraction
G1 F3000.0 X3.98373 Y-6.90003 E415.60928
G1 F2400.0 E410.60928 ; Retraction
G0 F7200.0 X-3.98373 Y-6.90003
G1 F2400.0 E415.60928 ; Reversed Retraction
G1 F3000.0 X3.98373 Y6.90003 E416.13928
G1 F2400.0 E411.13928 ; Retraction
G0 F7200.0 X2.94447 Y6.90003
G1 F2400.0 E416.13928 ; Reversed Retraction
G1 F3000.0 X6.90003 Y0.0488 E416.4024
G1 F2400.0 E411.4024 ; Retraction
G0 F7200.0 X6.90003 Y6.0
G1 F2400.0 E416.4024 ; Reversed Retraction
G1 F3000.0 X-6.90003 Y6.0 E416.8614
G1 F2400.0 E411.8614 ; Retraction
G0 F7200.0 X-6.90003 Y-0.0488
G1 F2400.0 E416.8614 ; Reversed Retraction
G1 F3000.0 X-2.94447 Y-6.90003 E417.12452
;Layer 54
G0 F1440.0 Z11.0
;Shell(s)
G1 F2400.0 E412.12452 ; Retraction
G0 F7200.0 X-7.3 Y-7.3
G1 F2400.0 E417.12452 ; Reversed Retraction
G1 F3000.0 X-7.3 Y7.3 E417.61012
G1 F3000.0 X7.3 Y7.3 E418.09572
G1 F3000.0 X7.3 Y-7.3 E418.58131
G1 F3000.0 X-7.3 Y-7.3 E419.06691
G1 F2400.0 E414.06691 ; Retraction
G0 F7200.0 X-6.9 Y-6.9
G1 F2400.0 E419.06691 ; Reversed Retraction
G1 F3000.0 X-6.9 Y6.9 E419.5259
G1 F3000.0 X6.9 Y6.9 E419.98489
G1 F3000.0 X6.9 Y-6.9 E420.44388
G1 F3000.0 X-6.9 Y-6.9 E420.90287
;Internal Infill
G1 F2400.0 E415.90287 ; Retraction
G0 F7200.0 X-6.90003 Y-6.0
G1 F2400.0 E420.90287 ; Reversed Retraction
G1 F3000.0 X6.90003 Y-6.0 E421.36186
G1 F2400.0 E416.36186 ; Retraction
G0 F7200.0 X2.94447 Y-6.90003
G1 F2400.0 E421.36186 ; Reversed Retraction
G1 F3000.0 X6.90003 Y-0.0488 E421.62499
G1 F2400.0 E416.62499 ; Retraction
G0 F7200.0 X6.90003 Y0.0
G1 F2400.0 E421.62499 ; Reversed Retraction
G1 F3000.0 X-6.90003 Y0.0 E422.08398
G1 F2400.0 E417.08398 ; Retraction
G0 F7200.0 X-6.90003 Y0.0488
G1 F2400.0 E422.08398 ; Reversed Retraction
G1 F3000.0 X-2.94447 Y6.90003 E422.34711
G1 F2400.0 E417.34711 ; Retraction
G0 F7200.0 X-3.98373 Y6.90003
G1 F2400.0 E422.34711 ; Reversed Retraction
G1 F3000.0 X3.98373 Y-6.90003 E422.8771
G1 F2400.0 E417.8771 ; Retraction
G0 F7200.0 X-3.98373 Y-6.90003
G1 F2400.0 E422.8771 ; Reversed Retraction
G1 F3000.0 X3.98373 Y6.90003 E423.4071
G1 F2400.0 E418.4071 ; Retraction
G0 F7200.0 X2.94447 Y6.90003
G1 F2400.0 E423.4071 ; Reversed Retraction
G1 F3000.0 X6.90003 Y0.0488 E423.67023
G1 F2400.0 E418.67023 ; Retraction
G0 F7200.0 X6.90003 Y6.0
G1 F2400.0 E423.67023 ; Reversed Retraction
G1 F3000.0 X-6.90003 Y6.0 E424.12922
G1 F2400.0 E419.12922 ; Retraction
G0 F7200.0 X-6.90003 Y-0.0488
G1 F2400.0 E424.12922 ; Reversed Retraction
G1 F3000.0 X-2.94447 Y-6.90003 E424.39234
;Layer 55
G0 F1440.0 Z11.2
;Shell(s)
G1 F2400.0 E419.39234 ; Retraction
G0 F7200.0 X-7.3 Y-7.3
G1 F2400.0 E424.39234 ; Reversed Retraction
G1 F3000.0 X-7.3 Y7.3 E424.87794
G1 F3000.0 X7.3 Y7.3 E425.36354
G1 F3000.0 X7.3 Y-7.3 E425.84914
G1 F3000.0 X-7.3 Y-7.3 E426.33474
G1 F2400.0 E421.33474 ; Retraction
G0 F7200.0 X-6.9 Y-6.9
G1 F2400.0 E426.33474 ; Reversed Retraction
G1 F3000.0 X-6.9 Y6.9 E426.79373
G1 F3000.0 X6.9 Y6.9 E427.25271
G1 F3000.0 X6.9 Y-6.9 E427.7117
G1 F3000.0 X-6.9 Y-6.9 E428.17069
;Internal Infill
G1 F2400.0 E423.17069 ; Retraction
G0 F7200.0 X-6.90003 Y-6.0
G1 F2400.0 E428.17069 ; Reversed Retraction
G1 F3000.0 X6.90003 Y-6.0 E428.62969
G1 F2400.0 E423.62969 ; Retraction
G0 F7200.0 X2.94447 Y-6.90003
G1 F2400.0 E428.62969 ; Reversed Retraction
G1 F3000.0 X6.90003 Y-0.0488 E428.89281
G1 F2400.0 E423.89281 ; Retraction
G0 F7200.0 X6.90003 Y0.0
G1 F2400.0 E428.89281 ; Reversed Retraction
G1 F3000.0 X-6.90003 Y0.0 E429.3518
G1 F2400.0 E424.3518 ; Retraction
G0 F7200.0 X-6.90003 Y0.0488
G1 F2400.0 E429.3518 ; Reversed Retraction
G1 F3000.0 X-2.94447 Y6.90003 E429.61493
G1 F2400.0 E424.61493 ; Retraction
G0 F7200.0 X-3.98373 Y6.90003
G1 F2400.0 E429.61493 ; Reversed Retraction
G1 F3000.0 X3.98373 Y-6.90003 E430.14493
G1 F2400.0 E425.14493 ; Retraction
G0 F7200.0 X-3.98373 Y-6.90003
G1 F2400.0 E430.14493 ; Reversed Retraction
G1 F3000.0 X3.98373 Y6.90003 E430.67492
G1 F2400.0 E425.67492 ; Retraction
G0 F7200.0 X2.94447 Y6.90003
G1 F2400.0 E430.67492 ; Reversed Retraction
G1 F3000.0 X6.90003 Y0.0488 E430.93805
G1 F2400.0 E425.93805 ; Retraction
G0 F7200.0 X6.90003 Y6.0
G1 F2400.0 E430.93805 ; Reversed Retraction
G1 F3000.0 X-6.90003 Y6.0 E431.39704
G1 F2400.0 E426.39704 ; Retraction
G0 F7200.0 X-6.90003 Y-0.0488
G1 F2400.0 E431.39704 ; Reversed Retraction
G1 F3000.0 X-2.94447 Y-6.90003 E431.66017
;Layer 56
G0 F1440.0 Z11.4
;Shell(s)
G1 F2400.0 E426.66017 ; Retraction
G0 F7200.0 X-7.3 Y-7.3
G1 F2400.0 E431.66017 ; Reversed Retraction
G1 F3000.0 X-7.3 Y7.3 E432.14576
G1 F3000.0 X7.3 Y7.3 E432.63136
G1 F3000.0 X7.3 Y-7.3 E433.11696
G1 F3000.0 X-7.3 Y-7.3 E433.60256
G1 F2400.0 E428.60256 ; Retraction
G0 F7200.0 X-6.9 Y-6.9
G1 F2400.0 E433.60256 ; Reversed Retraction
G1 F3000.0 X-6.9 Y6.9 E434.06155
G1 F3000.0 X6.9 Y6.9 E434.52054
G1 F3000.0 X6.9 Y-6.9 E434.97953
G1 F3000.0 X-6.9 Y-6.9 E435.43852
;Internal Infill
G1 F2400.0 E430.43852 ; Retraction
G0 F7200.0 X-6.90003 Y-6.0
G1 F2400.0 E435.43852 ; Reversed Retraction
G1 F3000.0 X6.90003 Y-6.0 E435.89751
G1 F2400.0 E430.89751 ; Retraction
G0 F7200.0 X2.94447 Y-6.90003
G1 F2400.0 E435.89751 ; Reversed Retraction
G1 F3000.0 X6.90003 Y-0.0488 E436.16063
G1 F2400.0 E431.16063 ; Retraction
G0 F7200.0 X6.90003 Y0.0
G1 F2400.0 E436.16063 ; Reversed Retraction
G1 F3000.0 X-6.90003 Y0.0 E436.61963
G1 F2400.0 E431.61963 ; Retraction
G0 F7200.0 X-6.90003 Y0.0488
G1 F2400.0 E436.61963 ; Reversed Retraction
G1 F3000.0 X-2.94447 Y6.90003 E436.88275
G1 F2400.0 E431.88275 ; Retraction
G0 F7200.0 X-3.98373 Y6.90003
G1 F2400.0 E436.88275 ; Reversed Retraction
G1 F3000.0 X3.98373 Y-6.90003 E437.41275
G1 F2400.0 E432.41275 ; Retraction
G0 F7200.0 X-3.98373 Y-6.90003
G1 F2400.0 E437.41275 ; Reversed Retraction
G1 F3000.0 X3.98373 Y6.90003 E437.94275
G1 F2400.0 E432.94275 ; Retraction
G0 F7200.0 X2.94447 Y6.90003
G1 F2400.0 E437.94275 ; Reversed Retraction
G1 F3000.0 X6.90003 Y0.0488 E438.20587
G1 F2400.0 E433.20587 ; Retraction
G0 F7200.0 X6.90003 Y6.0
G1 F2400.0 E438.20587 ; Reversed Retraction
G1 F3000.0 X-6.90003 Y6.0 E438.66486
G1 F2400.0 E433.66486 ; Retraction
G0 F7200.0 X-6.90003 Y-0.0488
G1 F2400.0 E438.66486 ; Reversed Retraction
G1 F3000.0 X-2.94447 Y-6.90003 E438.92799
;Layer 57
G0 F1440.0 Z11.6
;Shell(s)
G1 F2400.0 E433.92799 ; Retraction
G0 F7200.0 X-7.3 Y-7.3
G1 F2400.0 E438.92799 ; Reversed Retraction
G1 F3000.0 X-7.3 Y7.3 E439.41359
G1 F3000.0 X7.3 Y7.3 E439.89918
G1 F3000.0 X7.3 Y-7.3 E440.38478
G1 F3000.0 X-7.3 Y-7.3 E440.87038
G1 F2400.0 E435.87038 ; Retraction
G0 F7200.0 X-6.9 Y-6.9
G1 F2400.0 E440.87038 ; Reversed Retraction
G1 F3000.0 X-6.9 Y6.9 E441.32937
G1 F3000.0 X6.9 Y6.9 E441.78836
G1 F3000.0 X6.9 Y-6.9 E442.24735
G1 F3000.0 X-6.9 Y-6.9 E442.70634
;Internal Infill
G1 F2400.0 E437.70634 ; Retraction
G0 F7200.0 X-6.90003 Y-6.0
G1 F2400.0 E442.70634 ; Reversed Retraction
G1 F3000.0 X6.90003 Y-6.0 E443.16533
G1 F2400.0 E438.16533 ; Retraction
G0 F7200.0 X2.94447 Y-6.90003
G1 F2400.0 E443.16533 ; Reversed Retraction
G1 F3000.0 X6.90003 Y-0.0488 E443.42846
G1 F2400.0 E438.42846 ; Retraction
G0 F7200.0 X6.90003 Y0.0
G1 F2400.0 E443.42846 ; Reversed Retraction
G1 F3000.0 X-6.90003 Y0.0 E443.88745
G1 F2400.0 E438.88745 ; Retraction
G0 F7200.0 X-6.90003 Y0.0488
G1 F2400.0 E443.88745 ; Reversed Retraction
G1 F3000.0 X-2.94447 Y6.90003 E444.15057
G1 F2400.0 E439.15057 ; Retraction
G0 F7200.0 X-3.98373 Y6.90003
G1 F2400.0 E444.15057 ; Reversed Retraction
G1 F3000.0 X3.98373 Y-6.90003 E444.68057
G1 F2400.0 E439.68057 ; Retraction
G0 F7200.0 X-3.98373 Y-6.90003
G1 F2400.0 E444.68057 ; Reversed Retraction
G1 F3000.0 X3.98373 Y6.90003 E445.21057
G1 F2400.0 E440.21057 ; Retraction
G0 F7200.0 X2.94447 Y6.90003
G1 F2400.0 E445.21057 ; Reversed Retraction
G1 F3000.0 X6.90003 Y0.0488 E445.47369
G1 F2400.0 E440.47369 ; Retraction
G0 F7200.0 X6.90003 Y6.0
G1 F2400.0 E445.47369 ; Reversed Retraction
G1 F3000.0 X-6.90003 Y6.0 E445.93269
G1 F2400.0 E440.93269 ; Retraction
G0 F7200.0 X-6.90003 Y-0.0488
G1 F2400.0 E445.93269 ; Reversed Retraction
G1 F3000.0 X-2.94447 Y-6.90003 E446.19581
;Layer 58
G0 F1440.0 Z11.8
;Shell(s)
G1 F2400.0 E441.19581 ; Retraction
G0 F7200.0 X-7.3 Y-7.3
G1 F2400.0 E446.19581 ; Reversed Retraction
G1 F3000.0 X-7.3 Y7.3 E446.68141
G1 F3000.0 X7.3 Y7.3 E447.16701
G1 F3000.0 X7.3 Y-7.3 E447.6526
G1 F3000.0 X-7.3 Y-7.3 E448.1382
G1 F2400.0 E443.1382 ; Retraction
G0 F7200.0 X-6.9 Y-6.9
G1 F2400.0 E448.1382 ; Reversed Retraction
G1 F3000.0 X-6.9 Y6.9 E448.59719
G1 F3000.0 X6.9 Y6.9 E449.05618
G1 F3000.0 X6.9 Y-6.9 E449.51517
G1 F3000.0 X-6.9 Y-6.9 E449.97416
;Internal Infill
G1 F2400.0 E444.97416 ; Retraction
G0 F7200.0 X-6.90003 Y-6.0
G1 F2400.0 E449.97416 ; Reversed Retraction
G1 F3000.0 X6.90003 Y-6.0 E450.43315
G1 F2400.0 E445.43315 ; Retraction
G0 F7200.0 X2.94447 Y-6.90003
G1 F2400.0 E450.43315 ; Reversed Retraction
G1 F3000.0 X6.90003 Y-0.0488 E450.69628
G1 F2400.0 E445.69628 ; Retraction
G0 F7200.0 X6.90003 Y0.0
G1 F2400.0 E450.69628 ; Reversed Retraction
G1 F3000.0 X-6.90003 Y0.0 E451.15527
G1 F2400.0 E446.15527 ; Retraction
G0 F7200.0 X-6.90003 Y0.0488
G1 F2400.0 E451.15527 ; Reversed Retraction
G1 F3000.0 X-2.94447 Y6.90003 E451.4184
G1 F2400.0 E446.4184 ; Retraction
G0 F7200.0 X-3.98373 Y6.90003
G1 F2400.0 E451.4184 ; Reversed Retraction
G1 F3000.0 X3.98373 Y-6.90003 E451.94839
G1 F2400.0 E446.94839 ; Retraction
G0 F7200.0 X-3.98373 Y-6.90003
G1 F2400.0 E451.94839 ; Reversed Retraction
G1 F3000.0 X3.98373 Y6.90003 E452.47839
G1 F2400.0 E447.47839 ; Retraction
G0 F7200.0 X2.94447 Y6.90003
G1 F2400.0 E452.47839 ; Reversed Retraction
G1 F3000.0 X6.90003 Y0.0488 E452.74152
G1 F2400.0 E447.74152 ; Retraction
G0 F7200.0 X6.90003 Y6.0
G1 F2400.0 E452.74152 ; Reversed Retraction
G1 F3000.0 X-6.90003 Y6.0 E453.20051
G1 F2400.0 E448.20051 ; Retraction
G0 F7200.0 X-6.90003 Y-0.0488
G1 F2400.0 E453.20051 ; Reversed Retraction
G1 F3000.0 X-2.94447 Y-6.90003 E453.46363
;Layer 59
G0 F1440.0 Z12.0
;Shell(s)
G1 F2400.0 E448.46363 ; Retraction
G0 F7200.0 X-7.3 Y-7.3
G1 F2400.0 E453.46363 ; Reversed Retraction
G1 F3000.0 X-7.3 Y7.3 E453.94923
G1 F3000.0 X7.3 Y7.3 E454.43483
G1 F3000.0 X7.3 Y-7.3 E454.92043
G1 F3000.0 X-7.3 Y-7.3 E455.40603
G1 F2400.0 E450.40603 ; Retraction
G0 F7200.0 X-6.9 Y-6.9
G1 F2400.0 E455.40603 ; Reversed Retraction
G1 F3000.0 X-6.9 Y6.9 E455.86502
G1 F3000.0 X6.9 Y6.9 E456.324
G1 F3000.0 X6.9 Y-6.9 E456.78299
G1 F3000.0 X-6.9 Y-6.9 E457.24198
;Internal Infill
G1 F2400.0 E452.24198 ; Retraction
G0 F7200.0 X-6.90003 Y-6.0
G1 F2400.0 E457.24198 ; Reversed Retraction
G1 F3000.0 X6.90003 Y-6.0 E457.70098
G1 F2400.0 E452.70098 ; Retraction
G0 F7200.0 X2.94447 Y-6.90003
G1 F2400.0 E457.70098 ; Reversed Retraction
G1 F3000.0 X6.90003 Y-0.0488 E457.9641
G1 F2400.0 E452.9641 ; Retraction
G0 F7200.0 X6.90003 Y0.0
G1 F2400.0 E457.9641 ; Reversed Retraction
G1 F3000.0 X-6.90003 Y0.0 E458.42309
G1 F2400.0 E453.42309 ; Retraction
G0 F7200.0 X-6.90003 Y0.0488
G1 F2400.0 E458.42309 ; Reversed Retraction
G1 F3000.0 X-2.94447 Y6.90003 E458.68622
G1 F2400.0 E453.68622 ; Retraction
G0 F7200.0 X-3.98373 Y6.90003
G1 F2400.0 E458.68622 ; Reversed Retraction
G1 F3000.0 X3.98373 Y-6.90003 E459.21622
G1 F2400.0 E454.21622 ; Retraction
G0 F7200.0 X-3.98373 Y-6.90003
G1 F2400.0 E459.21622 ; Reversed Retraction
G1 F3000.0 X3.98373 Y6.90003 E459.74621
G1 F2400.0 E454.74621 ; Retraction
G0 F7200.0 X2.94447 Y6.90003
G1 F2400.0 E459.74621 ; Reversed Retraction
G1 F3000.0 X6.90003 Y0.0488 E460.00934
G1 F2400.0 E455.00934 ; Retraction
G0 F7200.0 X6.90003 Y6.0
G1 F2400.0 E460.00934 ; Reversed Retraction
G1 F3000.0 X-6.90003 Y6.0 E460.46833
G1 F2400.0 E455.46833 ; Retraction
G0 F7200.0 X-6.90003 Y-0.0488
G1 F2400.0 E460.46833 ; Reversed Retraction
G1 F3000.0 X-2.94447 Y-6.90003 E460.73146
;Layer 60
G0 F1440.0 Z12.2
;Shell(s)
G1 F2400.0 E455.73146 ; Retraction
G0 F7200.0 X-7.3 Y-7.3
G1 F2400.0 E460.73146 ; Reversed Retraction
G1 F3000.0 X-7.3 Y7.3 E461.21705
G1 F3000.0 X7.3 Y7.3 E461.70265
G1 F3000.0 X7.3 Y-7.3 E462.18825
G1 F3000.0 X-7.3 Y-7.3 E462.67385
G1 F2400.0 E457.67385 ; Retraction
G0 F7200.0 X-6.9 Y-6.9
G1 F2400.0 E462.67385 ; Reversed Retraction
G1 F3000.0 X-6.9 Y6.9 E463.13284
G1 F3000.0 X6.9 Y6.9 E463.59183
G1 F3000.0 X6.9 Y-6.9 E464.05082
G1 F3000.0 X-6.9 Y-6.9 E464.50981
;Internal Infill
G1 F2400.0 E459.50981 ; Retraction
G0 F7200.0 X-6.90003 Y-6.0
G1 F2400.0 E464.50981 ; Reversed Retraction
G1 F3000.0 X6.90003 Y-6.0 E464.9688
G1 F2400.0 E459.9688 ; Retraction
G0 F7200.0 X2.94447 Y-6.90003
G1 F2400.0 E464.9688 ; Reversed Retraction
G1 F3000.0 X6.90003 Y-0.0488 E465.23192
G1 F2400.0 E460.23192 ; Retraction
G0 F7200.0 X6.90003 Y0.0
G1 F2400.0 E465.23192 ; Reversed Retraction
G1 F3000.0 X-6.90003 Y0.0 E465.69092
G1 F2400.0 E460.69092 ; Retraction
G0 F7200.0 X-6.90003 Y0.0488
G1 F2400.0 E465.69092 ; Reversed Retraction
G1 F3000.0 X-2.94447 Y6.90003 E465.95404
G1 F2400.0 E460.95404 ; Retraction
G0 F7200.0 X-3.98373 Y6.90003
G1 F2400.0 E465.95404 ; Reversed Retraction
G1 F3000.0 X3.98373 Y-6.90003 E466.48404
G1 F2400.0 E461.48404 ; Retraction
G0 F7200.0 X-3.98373 Y-6.90003
G1 F2400.0 E466.48404 ; Reversed Retraction
G1 F3000.0 X3.98373 Y6.90003 E467.01404
G1 F2400.0 E462.01404 ; Retraction
G0 F7200.0 X2.94447 Y6.90003
G1 F2400.0 E467.01404 ; Reversed Retraction
G1 F3000.0 X6.90003 Y0.0488 E467.27716
G1 F2400.0 E462.27716 ; Retraction
G0 F7200.0 X6.90003 Y6.0
G1 F2400.0 E467.27716 ; Reversed Retraction
G1 F3000.0 X-6.90003 Y6.0 E467.73615
G1 F2400.0 E462.73615 ; Retraction
G0 F7200.0 X-6.90003 Y-0.0488
G1 F2400.0 E467.73615 ; Reversed Retraction
G1 F3000.0 X-2.94447 Y-6.90003 E467.99928
;Layer 61
G0 F1440.0 Z12.4
;Shell(s)
G1 F2400.0 E462.99928 ; Retraction
G0 F7200.0 X-7.3 Y-7.3
G1 F2400.0 E467.99928 ; Reversed Retraction
G1 F3000.0 X-7.3 Y7.3 E468.48488
G1 F3000.0 X7.3 Y7.3 E468.97047
G1 F3000.0 X7.3 Y-7.3 E469.45607
G1 F3000.0 X-7.3 Y-7.3 E469.94167
G1 F2400.0 E464.94167 ; Retraction
G0 F7200.0 X-6.9 Y-6.9
G1 F2400.0 E469.94167 ; Reversed Retraction
G1 F3000.0 X-6.9 Y6.9 E470.40066
G1 F3000.0 X6.9 Y6.9 E470.85965
G1 F3000.0 X6.9 Y-6.9 E471.31864
G1 F3000.0 X-6.9 Y-6.9 E471.77763
;Internal Infill
G1 F2400.0 E466.77763 ; Retraction
G0 F7200.0 X-6.90003 Y-6.0
G1 F2400.0 E471.77763 ; Reversed Retraction
G1 F3000.0 X6.90003 Y-6.0 E472.23662
G1 F2400.0 E467.23662 ; Retraction
G0 F7200.0 X2.94447 Y-6.90003
G1 F2400.0 E472.23662 ; Reversed Retraction
G1 F3000.0 X6.90003 Y-0.0488 E472.49975
G1 F2400.0 E467.49975 ; Retraction
G0 F7200.0 X6.90003 Y0.0
G1 F2400.0 E472.49975 ; Reversed Retraction
G1 F3000.0 X-6.90003 Y0.0 E472.95874
G1 F2400.0 E467.95874 ; Retraction
G0 F7200.0 X-6.90003 Y0.0488
G1 F2400.0 E472.95874 ; Reversed Retraction
G1 F3000.0 X-2.94447 Y6.90003 E473.22186
G1 F2400.0 E468.22186 ; Retraction
G0 F7200.0 X-3.98373 Y6.90003
G1 F2400.0 E473.22186 ; Reversed Retraction
G1 F3000.0 X3.98373 Y-6.90003 E473.75186
G1 F2400.0 E468.75186 ; Retraction
G0 F7200.0 X-3.98373 Y-6.90003
G1 F2400.0 E473.75186 ; Reversed Retraction
G1 F3000.0 X3.98373 Y6.90003 E474.28186
G1 F2400.0 E469.28186 ; Retraction
G0 F7200.0 X2.94447 Y6.90003
G1 F2400.0 E474.28186 ; Reversed Retraction
G1 F3000.0 X6.90003 Y0.0488 E474.54498
G1 F2400.0 E469.54498 ; Retraction
G0 F7200.0 X6.90003 Y6.0
G1 F2400.0 E474.54498 ; Reversed Retraction
G1 F3000.0 X-6.90003 Y6.0 E475.00398
G1 F2400.0 E470.00398 ; Retraction
G0 F7200.0 X-6.90003 Y-0.0488
G1 F2400.0 E475.00398 ; Reversed Retraction
G1 F3000.0 X-2.94447 Y-6.90003 E475.2671
;Layer 62
G0 F1440.0 Z12.6
;Shell(s)
G1 F2400.0 E470.2671 ; Retraction
G0 F7200.0 X-7.3 Y-7.3
G1 F2400.0 E475.2671 ; Reversed Retraction
G1 F3000.0 X-7.3 Y7.3 E475.7527
G1 F3000.0 X7.3 Y7.3 E476.2383
G1 F3000.0 X7.3 Y-7.3 E476.72389
G1 F3000.0 X-7.3 Y-7.3 E477.20949
G1 F2400.0 E472.20949 ; Retraction
G0 F7200.0 X-6.9 Y-6.9
G1 F2400.0 E477.20949 ; Reversed Retraction
G1 F3000.0 X-6.9 Y6.9 E477.66848
G1 F3000.0 X6.9 Y6.9 E478.12747
G1 F3000.0 X6.9 Y-6.9 E478.58646
G1 F3000.0 X-6.9 Y-6.9 E479.04545
;Internal Infill
G1 F2400.0 E474.04545 ; Retraction
G0 F7200.0 X-6.90003 Y-6.0
G1 F2400.0 E479.04545 ; Reversed Retraction
G1 F3000.0 X6.90003 Y-6.0 E479.50444
G1 F2400.0 E474.50444 ; Retraction
G0 F7200.0 X2.94447 Y-6.90003
G1 F2400.0 E479.50444 ; Reversed Retraction
G1 F3000.0 X6.90003 Y-0.0488 E479.76757
G1 F2400.0 E474.76757 ; Retraction
G0 F7200.0 X6.90003 Y0.0
G1 F2400.0 E479.76757 ; Reversed Retraction
G1 F3000.0 X-6.90003 Y0.0 E480.22656
G1 F2400.0 E475.22656 ; Retraction
G0 F7200.0 X-6.90003 Y0.0488
G1 F2400.0 E480.22656 ; Reversed Retraction
G1 F3000.0 X-2.94447 Y6.90003 E480.48969
G1 F2400.0 E475.48969 ; Retraction
G0 F7200.0 X-3.98373 Y6.90003
G1 F2400.0 E480.48969 ; Reversed Retraction
G1 F3000.0 X3.98373 Y-6.90003 E481.01968
G1 F2400.0 E476.01968 ; Retraction
G0 F7200.0 X-3.98373 Y-6.90003
G1 F2400.0 E481.01968 ; Reversed Retraction
G1 F3000.0 X3.98373 Y6.90003 E481.54968
G1 F2400.0 E476.54968 ; Retraction
G0 F7200.0 X2.94447 Y6.90003
G1 F2400.0 E481.54968 ; Reversed Retraction
G1 F3000.0 X6.90003 Y0.0488 E481.81281
G1 F2400.0 E476.81281 ; Retraction
G0 F7200.0 X6.90003 Y6.0
G1 F2400.0 E481.81281 ; Reversed Retraction
G1 F3000.0 X-6.90003 Y6.0 E482.2718
G1 F2400.0 E477.2718 ; Retraction
G0 F7200.0 X-6.90003 Y-0.0488
G1 F2400.0 E482.2718 ; Reversed Retraction
G1 F3000.0 X-2.94447 Y-6.90003 E482.53492
;Layer 63
G0 F1440.0 Z12.8
;Shell(s)
G1 F2400.0 E477.53492 ; Retraction
G0 F7200.0 X-7.3 Y-7.3
G1 F2400.0 E482.53492 ; Reversed Retraction
G1 F3000.0 X-7.3 Y7.3 E483.02052
G1 F3000.0 X7.3 Y7.3 E483.50612
G1 F3000.0 X7.3 Y-7.3 E483.99172
G1 F3000.0 X-7.3 Y-7.3 E484.47732
G1 F2400.0 E479.47732 ; Retraction
G0 F7200.0 X-6.9 Y-6.9
G1 F2400.0 E484.47732 ; Reversed Retraction
G1 F3000.0 X-6.9 Y6.9 E484.93631
G1 F3000.0 X6.9 Y6.9 E485.39529
G1 F3000.0 X6.9 Y-6.9 E485.85428
G1 F3000.0 X-6.9 Y-6.9 E486.31327
;Internal Infill
G1 F2400.0 E481.31327 ; Retraction
G0 F7200.0 X-6.90003 Y-6.0
G1 F2400.0 E486.31327 ; Reversed Retraction
G1 F3000.0 X6.90003 Y-6.0 E486.77227
G1 F2400.0 E481.77227 ; Retraction
G0 F7200.0 X2.94447 Y-6.90003
G1 F2400.0 E486.77227 ; Reversed Retraction
G1 F3000.0 X6.90003 Y-0.0488 E487.03539
G1 F2400.0 E482.03539 ; Retraction
G0 F7200.0 X6.90003 Y0.0
G1 F2400.0 E487.03539 ; Reversed Retraction
G1 F3000.0 X-6.90003 Y0.0 E487.49438
G1 F2400.0 E482.49438 ; Retraction
G0 F7200.0 X-6.90003 Y0.0488
G1 F2400.0 E487.49438 ; Reversed Retraction
G1 F3000.0 X-2.94447 Y6.90003 E487.75751
G1 F2400.0 E482.75751 ; Retraction
G0 F7200.0 X-3.98373 Y6.90003
G1 F2400.0 E487.75751 ; Reversed Retraction
G1 F3000.0 X3.98373 Y-6.90003 E488.28751
G1 F2400.0 E483.28751 ; Retraction
G0 F7200.0 X-3.98373 Y-6.90003
G1 F2400.0 E488.28751 ; Reversed Retraction
G1 F3000.0 X3.98373 Y6.90003 E488.8175
G1 F2400.0 E483.8175 ; Retraction
G0 F7200.0 X2.94447 Y6.90003
G1 F2400.0 E488.8175 ; Reversed Retraction
G1 F3000.0 X6.90003 Y0.0488 E489.08063
G1 F2400.0 E484.08063 ; Retraction
G0 F7200.0 X6.90003 Y6.0
G1 F2400.0 E489.08063 ; Reversed Retraction
G1 F3000.0 X-6.90003 Y6.0 E489.53962
G1 F2400.0 E484.53962 ; Retraction
G0 F7200.0 X-6.90003 Y-0.0488
G1 F2400.0 E489.53962 ; Reversed Retraction
G1 F3000.0 X-2.94447 Y-6.90003 E489.80275
;Layer 64
G0 F1440.0 Z13.0
;Shell(s)
G1 F2400.0 E484.80275 ; Retraction
G0 F7200.0 X-7.3 Y-7.3
G1 F2400.0 E489.80275 ; Reversed Retraction
G1 F3000.0 X-7.3 Y7.3 E490.28834
G1 F3000.0 X7.3 Y7.3 E490.77394
G1 F3000.0 X7.3 Y-7.3 E491.25954
G1 F3000.0 X-7.3 Y-7.3 E491.74514
G1 F2400.0 E486.74514 ; Retraction
G0 F7200.0 X-6.9 Y-6.9
G1 F2400.0 E491.74514 ; Reversed Retraction
G1 F3000.0 X-6.9 Y6.9 E492.20413
G1 F3000.0 X6.9 Y6.9 E492.66312
G1 F3000.0 X6.9 Y-6.9 E493.12211
G1 F3000.0 X-6.9 Y-6.9 E493.5811
;Internal Infill
G1 F2400.0 E488.5811 ; Retraction
G0 F7200.0 X-6.90003 Y-6.0
G1 F2400.0 E493.5811 ; Reversed Retraction
G1 F3000.0 X6.90003 Y-6.0 E494.04009
G1 F2400.0 E489.04009 ; Retraction
G0 F7200.0 X2.94447 Y-6.90003
G1 F2400.0 E494.04009 ; Reversed Retraction
G1 F3000.0 X6.90003 Y-0.0488 E494.30321
G1 F2400.0 E489.30321 ; Retraction
G0 F7200.0 X6.90003 Y0.0
G1 F2400.0 E494.30321 ; Reversed Retraction
G1 F3000.0 X-6.90003 Y0.0 E494.76221
G1 F2400.0 E489.76221 ; Retraction
G0 F7200.0 X-6.90003 Y0.0488
G1 F2400.0 E494.76221 ; Reversed Retraction
G1 F3000.0 X-2.94447 Y6.90003 E495.02533
G1 F2400.0 E490.02533 ; Retraction
G0 F7200.0 X-3.98373 Y6.90003
G1 F2400.0 E495.02533 ; Reversed Retraction
G1 F3000.0 X3.98373 Y-6.90003 E495.55533
G1 F2400.0 E490.55533 ; Retraction
G0 F7200.0 X-3.98373 Y-6.90003
G1 F2400.0 E495.55533 ; Reversed Retraction
G1 F3000.0 X3.98373 Y6.90003 E496.08533
G1 F2400.0 E491.08533 ; Retraction
G0 F7200.0 X2.94447 Y6.90003
G1 F2400.0 E496.08533 ; Reversed Retraction
G1 F3000.0 X6.90003 Y0.0488 E496.34845
G1 F2400.0 E491.34845 ; Retraction
G0 F7200.0 X6.90003 Y6.0
G1 F2400.0 E496.34845 ; Reversed Retraction
G1 F3000.0 X-6.90003 Y6.0 E496.80744
G1 F2400.0 E491.80744 ; Retraction
G0 F7200.0 X-6.90003 Y-0.0488
G1 F2400.0 E496.80744 ; Reversed Retraction
G1 F3000.0 X-2.94447 Y-6.90003 E497.07057
;Layer 65
G0 F1440.0 Z13.2
;Shell(s)
G1 F2400.0 E492.07057 ; Retraction
G0 F7200.0 X-7.3 Y-7.3
G1 F2400.0 E497.07057 ; Reversed Retraction
G1 F3000.0 X-7.3 Y7.3 E497.55617
G1 F3000.0 X7.3 Y7.3 E498.04176
G1 F3000.0 X7.3 Y-7.3 E498.52736
G1 F3000.0 X-7.3 Y-7.3 E499.01296
G1 F2400.0 E494.01296 ; Retraction
G0 F7200.0 X-6.9 Y-6.9
G1 F2400.0 E499.01296 ; Reversed Retraction
G1 F3000.0 X-6.9 Y6.9 E499.47195
G1 F3000.0 X6.9 Y6.9 E499.93094
G1 F3000.0 X6.9 Y-6.9 E500.38993
G1 F3000.0 X-6.9 Y-6.9 E500.84892
;Internal Infill
G1 F2400.0 E495.84892 ; Retraction
G0 F7200.0 X-6.90003 Y-6.0
G1 F2400.0 E500.84892 ; Reversed Retraction
G1 F3000.0 X6.90003 Y-6.0 E501.30791
G1 F2400.0 E496.30791 ; Retraction
G0 F7200.0 X2.94447 Y-6.90003
G1 F2400.0 E501.30791 ; Reversed Retraction
G1 F3000.0 X6.90003 Y-0.0488 E501.57104
G1 F2400.0 E496.57104 ; Retraction
G0 F7200.0 X6.90003 Y0.0
G1 F2400.0 E501.57104 ; Reversed Retraction
G1 F3000.0 X-6.90003 Y0.0 E502.03003
G1 F2400.0 E497.03003 ; Retraction
G0 F7200.0 X-6.90003 Y0.0488
G1 F2400.0 E502.03003 ; Reversed Retraction
G1 F3000.0 X-2.94447 Y6.90003 E502.29315
G1 F2400.0 E497.29315 ; Retraction
G0 F7200.0 X-3.98373 Y6.90003
G1 F2400.0 E502.29315 ; Reversed Retraction
G1 F3000.0 X3.98373 Y-6.90003 E502.82315
G1 F2400.0 E497.82315 ; Retraction
G0 F7200.0 X-3.98373 Y-6.90003
G1 F2400.0 E502.82315 ; Reversed Retraction
G1 F3000.0 X3.98373 Y6.90003 E503.35315
G1 F2400.0 E498.35315 ; Retraction
G0 F7200.0 X2.94447 Y6.90003
G1 F2400.0 E503.35315 ; Reversed Retraction
G1 F3000.0 X6.90003 Y0.0488 E503.61627
G1 F2400.0 E498.61627 ; Retraction
G0 F7200.0 X6.90003 Y6.0
G1 F2400.0 E503.61627 ; Reversed Retraction
G1 F3000.0 X-6.90003 Y6.0 E504.07527
G1 F2400.0 E499.07527 ; Retraction
G0 F7200.0 X-6.90003 Y-0.0488
G1 F2400.0 E504.07527 ; Reversed Retraction
G1 F3000.0 X-2.94447 Y-6.90003 E504.33839
;Layer 66
G0 F1440.0 Z13.4
;Shell(s)
G1 F2400.0 E499.33839 ; Retraction
G0 F7200.0 X-7.3 Y-7.3
G1 F2400.0 E504.33839 ; Reversed Retraction
G1 F3000.0 X-7.3 Y7.3 E504.82399
G1 F3000.0 X7.3 Y7.3 E505.30959
G1 F3000.0 X7.3 Y-7.3 E505.79518
G1 F3000.0 X-7.3 Y-7.3 E506.28078
G1 F2400.0 E501.28078 ; Retraction
G0 F7200.0 X-6.9 Y-6.9
G1 F2400.0 E506.28078 ; Reversed Retraction
G1 F3000.0 X-6.9 Y6.9 E506.73977
G1 F3000.0 X6.9 Y6.9 E507.19876
G1 F3000.0 X6.9 Y-6.9 E507.65775
G1 F3000.0 X-6.9 Y-6.9 E508.11674
;Internal Infill
G1 F2400.0 E503.11674 ; Retraction
G0 F7200.0 X-6.90003 Y-6.0
G1 F2400.0 E508.11674 ; Reversed Retraction
G1 F3000.0 X6.90003 Y-6.0 E508.57573
G1 F2400.0 E503.57573 ; Retraction
G0 F7200.0 X2.94447 Y-6.90003
G1 F2400.0 E508.57573 ; Reversed Retraction
G1 F3000.0 X6.90003 Y-0.0488 E508.83886
G1 F2400.0 E503.83886 ; Retraction
G0 F7200.0 X6.90003 Y0.0
G1 F2400.0 E508.83886 ; Reversed Retraction
G1 F3000.0 X-6.90003 Y0.0 E509.29785
G1 F2400.0 E504.29785 ; Retraction
G0 F7200.0 X-6.90003 Y0.0488
G1 F2400.0 E509.29785 ; Reversed Retraction
G1 F3000.0 X-2.94447 Y6.90003 E509.56098
G1 F2400.0 E504.56098 ; Retraction
G0 F7200.0 X-3.98373 Y6.90003
G1 F2400.0 E509.56098 ; Reversed Retraction
G1 F3000.0 X3.98373 Y-6.90003 E510.09097
G1 F2400.0 E505.09097 ; Retraction
G0 F7200.0 X-3.98373 Y-6.90003
G1 F2400.0 E510.09097 ; Reversed Retraction
G1 F3000.0 X3.98373 Y6.90003 E510.62097
G1 F2400.0 E505.62097 ; Retraction
G0 F7200.0 X2.94447 Y6.90003
G1 F2400.0 E510.62097 ; Reversed Retraction
G1 F3000.0 X6.90003 Y0.0488 E510.8841
G1 F2400.0 E505.8841 ; Retraction
G0 F7200.0 X6.90003 Y6.0
G1 F2400.0 E510.8841 ; Reversed Retraction
G1 F3000.0 X-6.90003 Y6.0 E511.34309
G1 F2400.0 E506.34309 ; Retraction
G0 F7200.0 X-6.90003 Y-0.0488
G1 F2400.0 E511.34309 ; Reversed Retraction
G1 F3000.0 X-2.94447 Y-6.90003 E511.60621
;Layer 67
G0 F1440.0 Z13.6
;Shell(s)
G1 F2400.0 E506.60621 ; Retraction
G0 F7200.0 X-7.3 Y-7.3
G1 F2400.0 E511.60621 ; Reversed Retraction
G1 F3000.0 X-7.3 Y7.3 E512.09181
G1 F3000.0 X7.3 Y7.3 E512.57741
G1 F3000.0 X7.3 Y-7.3 E513.06301
G1 F3000.0 X-7.3 Y-7.3 E513.54861
G1 F2400.0 E508.54861 ; Retraction
G0 F7200.0 X-6.9 Y-6.9
G1 F2400.0 E513.54861 ; Reversed Retraction
G1 F3000.0 X-6.9 Y6.9 E514.0076
G1 F3000.0 X6.9 Y6.9 E514.46658
G1 F3000.0 X6.9 Y-6.9 E514.92557
G1 F3000.0 X-6.9 Y-6.9 E515.38456
;Internal Infill
G1 F2400.0 E510.38456 ; Retraction
G0 F7200.0 X-6.90003 Y-6.0
G1 F2400.0 E515.38456 ; Reversed Retraction
G1 F3000.0 X6.90003 Y-6.0 E515.84356
G1 F2400.0 E510.84356 ; Retraction
G0 F7200.0 X2.94447 Y-6.90003
G1 F2400.0 E515.84356 ; Reversed Retraction
G1 F3000.0 X6.90003 Y-0.0488 E516.10668
G1 F2400.0 E511.10668 ; Retraction
G0 F7200.0 X6.90003 Y0.0
G1 F2400.0 E516.10668 ; Reversed Retraction
G1 F3000.0 X-6.90003 Y0.0 E516.56567
G1 F2400.0 E511.56567 ; Retraction
G0 F7200.0 X-6.90003 Y0.0488
G1 F2400.0 E516.56567 ; Reversed Retraction
G1 F3000.0 X-2.94447 Y6.90003 E516.8288
G1 F2400.0 E511.8288 ; Retraction
G0 F7200.0 X-3.98373 Y6.90003
G1 F2400.0 E516.8288 ; Reversed Retraction
G1 F3000.0 X3.98373 Y-6.90003 E517.3588
G1 F2400.0 E512.3588 ; Retraction
G0 F7200.0 X-3.98373 Y-6.90003
G1 F2400.0 E517.3588 ; Reversed Retraction
G1 F3000.0 X3.98373 Y6.90003 E517.88879
G1 F2400.0 E512.88879 ; Retraction
G0 F7200.0 X2.94447 Y6.90003
G1 F2400.0 E517.88879 ; Reversed Retraction
G1 F3000.0 X6.90003 Y0.0488 E518.15192
G1 F2400.0 E513.15192 ; Retraction
G0 F7200.0 X6.90003 Y6.0
G1 F2400.0 E518.15192 ; Reversed Retraction
G1 F3000.0 X-6.90003 Y6.0 E518.61091
G1 F2400.0 E513.61091 ; Retraction
G0 F7200.0 X-6.90003 Y-0.0488
G1 F2400.0 E518.61091 ; Reversed Retraction
G1 F3000.0 X-2.94447 Y-6.90003 E518.87404
;Layer 68
G0 F1440.0 Z13.8
;Shell(s)
G1 F2400.0 E513.87404 ; Retraction
G0 F7200.0 X-7.3 Y-7.3
G1 F2400.0 E518.87404 ; Reversed Retraction
G1 F3000.0 X-7.3 Y7.3 E519.35963
G1 F3000.0 X7.3 Y7.3 E519.84523
G1 F3000.0 X7.3 Y-7.3 E520.33083
G1 F3000.0 X-7.3 Y-7.3 E520.81643
G1 F2400.0 E515.81643 ; Retraction
G0 F7200.0 X-6.9 Y-6.9
G1 F2400.0 E520.81643 ; Reversed Retraction
G1 F3000.0 X-6.9 Y6.9 E521.27542
G1 F3000.0 X6.9 Y6.9 E521.73441
G1 F3000.0 X6.9 Y-6.9 E522.1934
G1 F3000.0 X-6.9 Y-6.9 E522.65239
;Internal Infill
G1 F2400.0 E517.65239 ; Retraction
G0 F7200.0 X-6.90003 Y-6.0
G1 F2400.0 E522.65239 ; Reversed Retraction
G1 F3000.0 X6.90003 Y-6.0 E523.11138
G1 F2400.0 E518.11138 ; Retraction
G0 F7200.0 X2.94447 Y-6.90003
G1 F2400.0 E523.11138 ; Reversed Retraction
G1 F3000.0 X6.90003 Y-0.0488 E523.3745
G1 F2400.0 E518.3745 ; Retraction
G0 F7200.0 X6.90003 Y0.0
G1 F2400.0 E523.3745 ; Reversed Retraction
G1 F3000.0 X-6.90003 Y0.0 E523.8335
G1 F2400.0 E518.8335 ; Retraction
G0 F7200.0 X-6.90003 Y0.0488
G1 F2400.0 E523.8335 ; Reversed Retraction
G1 F3000.0 X-2.94447 Y6.90003 E524.09662
G1 F2400.0 E519.09662 ; Retraction
G0 F7200.0 X-3.98373 Y6.90003
G1 F2400.0 E524.09662 ; Reversed Retraction
G1 F3000.0 X3.98373 Y-6.90003 E524.62662
G1 F2400.0 E519.62662 ; Retraction
G0 F7200.0 X-3.98373 Y-6.90003
G1 F2400.0 E524.62662 ; Reversed Retraction
G1 F3000.0 X3.98373 Y6.90003 E525.15662
G1 F2400.0 E520.15662 ; Retraction
G0 F7200.0 X2.94447 Y6.90003
G1 F2400.0 E525.15662 ; Reversed Retraction
G1 F3000.0 X6.90003 Y0.0488 E525.41974
G1 F2400.0 E520.41974 ; Retraction
G0 F7200.0 X6.90003 Y6.0
G1 F2400.0 E525.41974 ; Reversed Retraction
G1 F3000.0 X-6.90003 Y6.0 E525.87873
G1 F2400.0 E520.87873 ; Retraction
G0 F7200.0 X-6.90003 Y-0.0488
G1 F2400.0 E525.87873 ; Reversed Retraction
G1 F3000.0 X-2.94447 Y-6.90003 E526.14186
;Layer 69
G0 F1440.0 Z14.0
;Shell(s)
G1 F2400.0 E521.14186 ; Retraction
G0 F7200.0 X-7.3 Y-7.3
G1 F2400.0 E526.14186 ; Reversed Retraction
G1 F3000.0 X-7.3 Y7.3 E526.62746
G1 F3000.0 X7.3 Y7.3 E527.11305
G1 F3000.0 X7.3 Y-7.3 E527.59865
G1 F3000.0 X-7.3 Y-7.3 E528.08425
G1 F2400.0 E523.08425 ; Retraction
G0 F7200.0 X-6.9 Y-6.9
G1 F2400.0 E528.08425 ; Reversed Retraction
G1 F3000.0 X-6.9 Y6.9 E528.54324
G1 F3000.0 X6.9 Y6.9 E529.00223
G1 F3000.0 X6.9 Y-6.9 E529.46122
G1 F3000.0 X-6.9 Y-6.9 E529.92021
;Internal Infill
G1 F2400.0 E524.92021 ; Retraction
G0 F7200.0 X-6.90003 Y-6.0
G1 F2400.0 E529.92021 ; Reversed Retraction
G1 F3000.0 X6.90003 Y-6.0 E530.3792
G1 F2400.0 E525.3792 ; Retraction
G0 F7200.0 X2.94447 Y-6.90003
G1 F2400.0 E530.3792 ; Reversed Retraction
G1 F3000.0 X6.90003 Y-0.0488 E530.64233
G1 F2400.0 E525.64233 ; Retraction
G0 F7200.0 X6.90003 Y0.0
G1 F2400.0 E530.64233 ; Reversed Retraction
G1 F3000.0 X-6.90003 Y0.0 E531.10132
G1 F2400.0 E526.10132 ; Retraction
G0 F7200.0 X-6.90003 Y0.0488
G1 F2400.0 E531.10132 ; Reversed Retraction
G1 F3000.0 X-2.94447 Y6.90003 E531.36444
G1 F2400.0 E526.36444 ; Retraction
G0 F7200.0 X-3.98373 Y6.90003
G1 F2400.0 E531.36444 ; Reversed Retraction
G1 F3000.0 X3.98373 Y-6.90003 E531.89444
G1 F2400.0 E526.89444 ; Retraction
G0 F7200.0 X-3.98373 Y-6.90003
G1 F2400.0 E531.89444 ; Reversed Retraction
G1 F3000.0 X3.98373 Y6.90003 E532.42444
G1 F2400.0 E527.42444 ; Retraction
G0 F7200.0 X2.94447 Y6.90003
G1 F2400.0 E532.42444 ; Reversed Retraction
G1 F3000.0 X6.90003 Y0.0488 E532.68756
G1 F2400.0 E527.68756 ; Retraction
G0 F7200.0 X6.90003 Y6.0
G1 F2400.0 E532.68756 ; Reversed Retraction
G1 F3000.0 X-6.90003 Y6.0 E533.14656
G1 F2400.0 E528.14656 ; Retraction
G0 F7200.0 X-6.90003 Y-0.0488
G1 F2400.0 E533.14656 ; Reversed Retraction
G1 F3000.0 X-2.94447 Y-6.90003 E533.40968
;Layer 70
G0 F1440.0 Z14.2
;Shell(s)
G1 F2400.0 E528.40968 ; Retraction
G0 F7200.0 X-7.3 Y-7.3
G1 F2400.0 E533.40968 ; Reversed Retraction
G1 F3000.0 X-7.3 Y7.3 E533.89528
G1 F3000.0 X7.3 Y7.3 E534.38088
G1 F3000.0 X7.3 Y-7.3 E534.86647
G1 F3000.0 X-7.3 Y-7.3 E535.35207
G1 F2400.0 E530.35207 ; Retraction
G0 F7200.0 X-6.9 Y-6.9
G1 F2400.0 E535.35207 ; Reversed Retraction
G1 F3000.0 X-6.9 Y6.9 E535.81106
G1 F3000.0 X6.9 Y6.9 E536.27005
G1 F3000.0 X6.9 Y-6.9 E536.72904
G1 F3000.0 X-6.9 Y-6.9 E537.18803
;Internal Infill
G1 F2400.0 E532.18803 ; Retraction
G0 F7200.0 X-6.90003 Y-6.0
G1 F2400.0 E537.18803 ; Reversed Retraction
G1 F3000.0 X6.90003 Y-6.0 E537.64702
G1 F2400.0 E532.64702 ; Retraction
G0 F7200.0 X2.94447 Y-6.90003
G1 F2400.0 E537.64702 ; Reversed Retraction
G1 F3000.0 X6.90003 Y-0.0488 E537.91015
G1 F2400.0 E532.91015 ; Retraction
G0 F7200.0 X6.90003 Y0.0
G1 F2400.0 E537.91015 ; Reversed Retraction
G1 F3000.0 X-6.90003 Y0.0 E538.36914
G1 F2400.0 E533.36914 ; Retraction
G0 F7200.0 X-6.90003 Y0.0488
G1 F2400.0 E538.36914 ; Reversed Retraction
G1 F3000.0 X-2.94447 Y6.90003 E538.63227
G1 F2400.0 E533.63227 ; Retraction
G0 F7200.0 X-3.98373 Y6.90003
G1 F2400.0 E538.63227 ; Reversed Retraction
G1 F3000.0 X3.98373 Y-6.90003 E539.16226
G1 F2400.0 E534.16226 ; Retraction
G0 F7200.0 X-3.98373 Y-6.90003
G1 F2400.0 E539.16226 ; Reversed Retraction
G1 F3000.0 X3.98373 Y6.90003 E539.69226
G1 F2400.0 E534.69226 ; Retraction
G0 F7200.0 X2.94447 Y6.90003
G1 F2400.0 E539.69226 ; Reversed Retraction
G1 F3000.0 X6.90003 Y0.0488 E539.95539
G1 F2400.0 E534.95539 ; Retraction
G0 F7200.0 X6.90003 Y6.0
G1 F2400.0 E539.95539 ; Reversed Retraction
G1 F3000.0 X-6.90003 Y6.0 E540.41438
G1 F2400.0 E535.41438 ; Retraction
G0 F7200.0 X-6.90003 Y-0.0488
G1 F2400.0 E540.41438 ; Reversed Retraction
G1 F3000.0 X-2.94447 Y-6.90003 E540.6775
;Layer 71
G0 F1440.0 Z14.4
;Shell(s)
G1 F2400.0 E535.6775 ; Retraction
G0 F7200.0 X-7.3 Y-7.3
G1 F2400.0 E540.6775 ; Reversed Retraction
G1 F3000.0 X-7.3 Y7.3 E541.1631
G1 F3000.0 X7.3 Y7.3 E541.6487
G1 F3000.0 X7.3 Y-7.3 E542.1343
G1 F3000.0 X-7.3 Y-7.3 E542.6199
G1 F2400.0 E537.6199 ; Retraction
G0 F7200.0 X-6.9 Y-6.9
G1 F2400.0 E542.6199 ; Reversed Retraction
G1 F3000.0 X-6.9 Y6.9 E543.07889
G1 F3000.0 X6.9 Y6.9 E543.53788
G1 F3000.0 X6.9 Y-6.9 E543.99686
G1 F3000.0 X-6.9 Y-6.9 E544.45585
;Internal Infill
G1 F2400.0 E539.45585 ; Retraction
G0 F7200.0 X-6.90003 Y-6.0
G1 F2400.0 E544.45585 ; Reversed Retraction
G1 F3000.0 X6.90003 Y-6.0 E544.91485
G1 F2400.0 E539.91485 ; Retraction
G0 F7200.0 X2.94447 Y-6.90003
G1 F2400.0 E544.91485 ; Reversed Retraction
G1 F3000.0 X6.90003 Y-0.0488 E545.17797
G1 F2400.0 E540.17797 ; Retraction
G0 F7200.0 X6.90003 Y0.0
G1 F2400.0 E545.17797 ; Reversed Retraction
G1 F3000.0 X-6.90003 Y0.0 E545.63696
G1 F2400.0 E540.63696 ; Retraction
G0 F7200.0 X-6.90003 Y0.0488
G1 F2400.0 E545.63696 ; Reversed Retraction
G1 F3000.0 X-2.94447 Y6.90003 E545.90009
G1 F2400.0 E540.90009 ; Retraction
G0 F7200.0 X-3.98373 Y6.90003
G1 F2400.0 E545.90009 ; Reversed Retraction
G1 F3000.0 X3.98373 Y-6.90003 E546.43009
G1 F2400.0 E541.43009 ; Retraction
G0 F7200.0 X-3.98373 Y-6.90003
G1 F2400.0 E546.43009 ; Reversed Retraction
G1 F3000.0 X3.98373 Y6.90003 E546.96008
G1 F2400.0 E541.96008 ; Retraction
G0 F7200.0 X2.94447 Y6.90003
G1 F2400.0 E546.96008 ; Reversed Retraction
G1 F3000.0 X6.90003 Y0.0488 E547.22321
G1 F2400.0 E542.22321 ; Retraction
G0 F7200.0 X6.90003 Y6.0
G1 F2400.0 E547.22321 ; Reversed Retraction
G1 F3000.0 X-6.90003 Y6.0 E547.6822
G1 F2400.0 E542.6822 ; Retraction
G0 F7200.0 X-6.90003 Y-0.0488
G1 F2400.0 E547.6822 ; Reversed Retraction
G1 F3000.0 X-2.94447 Y-6.90003 E547.94533
;Layer 72
G0 F1440.0 Z14.6
;Shell(s)
G1 F2400.0 E542.94533 ; Retraction
G0 F7200.0 X-7.3 Y-7.3
G1 F2400.0 E547.94533 ; Reversed Retraction
G1 F3000.0 X-7.3 Y7.3 E548.43092
G1 F3000.0 X7.3 Y7.3 E548.91652
G1 F3000.0 X7.3 Y-7.3 E549.40212
G1 F3000.0 X-7.3 Y-7.3 E549.88772
G1 F2400.0 E544.88772 ; Retraction
G0 F7200.0 X-6.9 Y-6.9
G1 F2400.0 E549.88772 ; Reversed Retraction
G1 F3000.0 X-6.9 Y6.9 E550.34671
G1 F3000.0 X6.9 Y6.9 E550.8057
G1 F3000.0 X6.9 Y-6.9 E551.26469
G1 F3000.0 X-6.9 Y-6.9 E551.72368
;Internal Infill
G1 F2400.0 E546.72368 ; Retraction
G0 F7200.0 X-6.90003 Y-6.0
G1 F2400.0 E551.72368 ; Reversed Retraction
G1 F3000.0 X6.90003 Y-6.0 E552.18267
G1 F2400.0 E547.18267 ; Retraction
G0 F7200.0 X2.94447 Y-6.90003
G1 F2400.0 E552.18267 ; Reversed Retraction
G1 F3000.0 X6.90003 Y-0.0488 E552.44579
G1 F2400.0 E547.44579 ; Retraction
G0 F7200.0 X6.90003 Y0.0
G1 F2400.0 E552.44579 ; Reversed Retraction
G1 F3000.0 X-6.90003 Y0.0 E552.90479
G1 F2400.0 E547.90479 ; Retraction
G0 F7200.0 X-6.90003 Y0.0488
G1 F2400.0 E552.90479 ; Reversed Retraction
G1 F3000.0 X-2.94447 Y6.90003 E553.16791
G1 F2400.0 E548.16791 ; Retraction
G0 F7200.0 X-3.98373 Y6.90003
G1 F2400.0 E553.16791 ; Reversed Retraction
G1 F3000.0 X3.98373 Y-6.90003 E553.69791
G1 F2400.0 E548.69791 ; Retraction
G0 F7200.0 X-3.98373 Y-6.90003
G1 F2400.0 E553.69791 ; Reversed Retraction
G1 F3000.0 X3.98373 Y6.90003 E554.22791
G1 F2400.0 E549.22791 ; Retraction
G0 F7200.0 X2.94447 Y6.90003
G1 F2400.0 E554.22791 ; Reversed Retraction
G1 F3000.0 X6.90003 Y0.0488 E554.49103
G1 F2400.0 E549.49103 ; Retraction
G0 F7200.0 X6.90003 Y6.0
G1 F2400.0 E554.49103 ; Reversed Retraction
G1 F3000.0 X-6.90003 Y6.0 E554.95002
G1 F2400.0 E549.95002 ; Retraction
G0 F7200.0 X-6.90003 Y-0.0488
G1 F2400.0 E554.95002 ; Reversed Retraction
G1 F3000.0 X-2.94447 Y-6.90003 E555.21315
;Layer 73
G0 F1440.0 Z14.8
;Shell(s)
G1 F2400.0 E550.21315 ; Retraction
G0 F7200.0 X-7.3 Y-7.3
G1 F2400.0 E555.21315 ; Reversed Retraction
G1 F3000.0 X-7.3 Y7.3 E555.69875
G1 F3000.0 X7.3 Y7.3 E556.18434
G1 F3000.0 X7.3 Y-7.3 E556.66994
G1 F3000.0 X-7.3 Y-7.3 E557.15554
G1 F2400.0 E552.15554 ; Retraction
G0 F7200.0 X-6.9 Y-6.9
G1 F2400.0 E557.15554 ; Reversed Retraction
G1 F3000.0 X-6.9 Y6.9 E557.61453
G1 F3000.0 X6.9 Y6.9 E558.07352
G1 F3000.0 X6.9 Y-6.9 E558.53251
G1 F3000.0 X-6.9 Y-6.9 E558.9915
;Internal Infill
G1 F2400.0 E553.9915 ; Retraction
G0 F7200.0 X-6.90003 Y-6.0
G1 F2400.0 E558.9915 ; Reversed Retraction
G1 F3000.0 X6.90003 Y-6.0 E559.45049
G1 F2400.0 E554.45049 ; Retraction
G0 F7200.0 X2.94447 Y-6.90003
G1 F2400.0 E559.45049 ; Reversed Retraction
G1 F3000.0 X6.90003 Y-0.0488 E559.71362
G1 F2400.0 E554.71362 ; Retraction
G0 F7200.0 X6.90003 Y0.0
G1 F2400.0 E559.71362 ; Reversed Retraction
G1 F3000.0 X-6.90003 Y0.0 E560.17261
G1 F2400.0 E555.17261 ; Retraction
G0 F7200.0 X-6.90003 Y0.0488
G1 F2400.0 E560.17261 ; Reversed Retraction
G1 F3000.0 X-2.94447 Y6.90003 E560.43573
G1 F2400.0 E555.43573 ; Retraction
G0 F7200.0 X-3.98373 Y6.90003
G1 F2400.0 E560.43573 ; Reversed Retraction
G1 F3000.0 X3.98373 Y-6.90003 E560.96573
G1 F2400.0 E555.96573 ; Retraction
G0 F7200.0 X-3.98373 Y-6.90003
G1 F2400.0 E560.96573 ; Reversed Retraction
G1 F3000.0 X3.98373 Y6.90003 E561.49573
G1 F2400.0 E556.49573 ; Retraction
G0 F7200.0 X2.94447 Y6.90003
G1 F2400.0 E561.49573 ; Reversed Retraction
G1 F3000.0 X6.90003 Y0.0488 E561.75885
G1 F2400.0 E556.75885 ; Retraction
G0 F7200.0 X6.90003 Y6.0
G1 F2400.0 E561.75885 ; Reversed Retraction
G1 F3000.0 X-6.90003 Y6.0 E562.21785
G1 F2400.0 E557.21785 ; Retraction
G0 F7200.0 X-6.90003 Y-0.0488
G1 F2400.0 E562.21785 ; Reversed Retraction
G1 F3000.0 X-2.94447 Y-6.90003 E562.48097
;Layer 74
G0 F1440.0 Z15.0
;Shell(s)
G1 F2400.0 E557.48097 ; Retraction
G0 F7200.0 X-7.3 Y-7.3
G1 F2400.0 E562.48097 ; Reversed Retraction
G1 F3000.0 X-7.3 Y7.3 E562.96657
G1 F3000.0 X7.3 Y7.3 E563.45217
G1 F3000.0 X7.3 Y-7.3 E563.93776
G1 F3000.0 X-7.3 Y-7.3 E564.42336
G1 F2400.0 E559.42336 ; Retraction
G0 F7200.0 X-6.9 Y-6.9
G1 F2400.0 E564.42336 ; Reversed Retraction
G1 F3000.0 X-6.9 Y6.9 E564.88235
G1 F3000.0 X6.9 Y6.9 E565.34134
G1 F3000.0 X6.9 Y-6.9 E565.80033
G1 F3000.0 X-6.9 Y-6.9 E566.25932
;Internal Infill
G1 F2400.0 E561.25932 ; Retraction
G0 F7200.0 X-6.90003 Y-6.0
G1 F2400.0 E566.25932 ; Reversed Retraction
G1 F3000.0 X6.90003 Y-6.0 E566.71831
G1 F2400.0 E561.71831 ; Retraction
G0 F7200.0 X2.94447 Y-6.90003
G1 F2400.0 E566.71831 ; Reversed Retraction
G1 F3000.0 X6.90003 Y-0.0488 E566.98144
G1 F2400.0 E561.98144 ; Retraction
G0 F7200.0 X6.90003 Y0.0
G1 F2400.0 E566.98144 ; Reversed Retraction
G1 F3000.0 X-6.90003 Y0.0 E567.44043
G1 F2400.0 E562.44043 ; Retraction
G0 F7200.0 X-6.90003 Y0.0488
G1 F2400.0 E567.44043 ; Reversed Retraction
G1 F3000.0 X-2.94447 Y6.90003 E567.70356
G1 F2400.0 E562.70356 ; Retraction
G0 F7200.0 X-3.98373 Y6.90003
G1 F2400.0 E567.70356 ; Reversed Retraction
G1 F3000.0 X3.98373 Y-6.90003 E568.23355
G1 F2400.0 E563.23355 ; Retraction
G0 F7200.0 X-3.98373 Y-6.90003
G1 F2400.0 E568.23355 ; Reversed Retraction
G1 F3000.0 X3.98373 Y6.90003 E568.76355
G1 F2400.0 E563.76355 ; Retraction
G0 F7200.0 X2.94447 Y6.90003
G1 F2400.0 E568.76355 ; Reversed Retraction
G1 F3000.0 X6.90003 Y0.0488 E569.02668
G1 F2400.0 E564.02668 ; Retraction
G0 F7200.0 X6.90003 Y6.0
G1 F2400.0 E569.02668 ; Reversed Retraction
G1 F3000.0 X-6.90003 Y6.0 E569.48567
G1 F2400.0 E564.48567 ; Retraction
G0 F7200.0 X-6.90003 Y-0.0488
G1 F2400.0 E569.48567 ; Reversed Retraction
G1 F3000.0 X-2.94447 Y-6.90003 E569.74879
;Layer 75
G0 F1440.0 Z15.2
;Shell(s)
G1 F2400.0 E564.74879 ; Retraction
G0 F7200.0 X-7.3 Y-7.3
G1 F2400.0 E569.74879 ; Reversed Retraction
G1 F3000.0 X-7.3 Y7.3 E570.23439
G1 F3000.0 X7.3 Y7.3 E570.71999
G1 F3000.0 X7.3 Y-7.3 E571.20559
G1 F3000.0 X-7.3 Y-7.3 E571.69119
G1 F2400.0 E566.69119 ; Retraction
G0 F7200.0 X-6.9 Y-6.9
G1 F2400.0 E571.69119 ; Reversed Retraction
G1 F3000.0 X-6.9 Y6.9 E572.15018
G1 F3000.0 X6.9 Y6.9 E572.60917
G1 F3000.0 X6.9 Y-6.9 E573.06815
G1 F3000.0 X-6.9 Y-6.9 E573.52714
;Internal Infill
G1 F2400.0 E568.52714 ; Retraction
G0 F7200.0 X-6.90003 Y-6.0
G1 F2400.0 E573.52714 ; Reversed Retraction
G1 F3000.0 X6.90003 Y-6.0 E573.98614
G1 F2400.0 E568.98614 ; Retraction
G0 F7200.0 X2.94447 Y-6.90003
G1 F2400.0 E573.98614 ; Reversed Retraction
G1 F3000.0 X6.90003 Y-0.0488 E574.24926
G1 F2400.0 E569.24926 ; Retraction
G0 F7200.0 X6.90003 Y0.0
G1 F2400.0 E574.24926 ; Reversed Retraction
G1 F3000.0 X-6.90003 Y0.0 E574.70825
G1 F2400.0 E569.70825 ; Retraction
G0 F7200.0 X-6.90003 Y0.0488
G1 F2400.0 E574.70825 ; Reversed Retraction
G1 F3000.0 X-2.94447 Y6.90003 E574.97138
G1 F2400.0 E569.97138 ; Retraction
G0 F7200.0 X-3.98373 Y6.90003
G1 F2400.0 E574.97138 ; Reversed Retraction
G1 F3000.0 X3.98373 Y-6.90003 E575.50138
G1 F2400.0 E570.50138 ; Retraction
G0 F7200.0 X-3.98373 Y-6.90003
G1 F2400.0 E575.50138 ; Reversed Retraction
G1 F3000.0 X3.98373 Y6.90003 E576.03137
G1 F2400.0 E571.03137 ; Retraction
G0 F7200.0 X2.94447 Y6.90003
G1 F2400.0 E576.03137 ; Reversed Retraction
G1 F3000.0 X6.90003 Y0.0488 E576.2945
G1 F2400.0 E571.2945 ; Retraction
G0 F7200.0 X6.90003 Y6.0
G1 F2400.0 E576.2945 ; Reversed Retraction
G1 F3000.0 X-6.90003 Y6.0 E576.75349
G1 F2400.0 E571.75349 ; Retraction
G0 F7200.0 X-6.90003 Y-0.0488
G1 F2400.0 E576.75349 ; Reversed Retraction
G1 F3000.0 X-2.94447 Y-6.90003 E577.01662
;Layer 76
G0 F1440.0 Z15.4
;Shell(s)
G1 F2400.0 E572.01662 ; Retraction
G0 F7200.0 X-7.3 Y-7.3
G1 F2400.0 E577.01662 ; Reversed Retraction
G1 F3000.0 X-7.3 Y7.3 E577.50221
G1 F3000.0 X7.3 Y7.3 E577.98781
G1 F3000.0 X7.3 Y-7.3 E578.47341
G1 F3000.0 X-7.3 Y-7.3 E578.95901
G1 F2400.0 E573.95901 ; Retraction
G0 F7200.0 X-6.9 Y-6.9
G1 F2400.0 E578.95901 ; Reversed Retraction
G1 F3000.0 X-6.9 Y6.9 E579.418
G1 F3000.0 X6.9 Y6.9 E579.87699
G1 F3000.0 X6.9 Y-6.9 E580.33598
G1 F3000.0 X-6.9 Y-6.9 E580.79497
;Internal Infill
G1 F2400.0 E575.79497 ; Retraction
G0 F7200.0 X-6.90003 Y-6.0
G1 F2400.0 E580.79497 ; Reversed Retraction
G1 F3000.0 X6.90003 Y-6.0 E581.25396
G1 F2400.0 E576.25396 ; Retraction
G0 F7200.0 X2.94447 Y-6.90003
G1 F2400.0 E581.25396 ; Reversed Retraction
G1 F3000.0 X6.90003 Y-0.0488 E581.51708
G1 F2400.0 E576.51708 ; Retraction
G0 F7200.0 X6.90003 Y0.0
G1 F2400.0 E581.51708 ; Reversed Retraction
G1 F3000.0 X-6.90003 Y0.0 E581.97608
G1 F2400.0 E576.97608 ; Retraction
G0 F7200.0 X-6.90003 Y0.0488
G1 F2400.0 E581.97608 ; Reversed Retraction
G1 F3000.0 X-2.94447 Y6.90003 E582.2392
G1 F2400.0 E577.2392 ; Retraction
G0 F7200.0 X-3.98373 Y6.90003
G1 F2400.0 E582.2392 ; Reversed Retraction
G1 F3000.0 X3.98373 Y-6.90003 E582.7692
G1 F2400.0 E577.7692 ; Retraction
G0 F7200.0 X-3.98373 Y-6.90003
G1 F2400.0 E582.7692 ; Reversed Retraction
G1 F3000.0 X3.98373 Y6.90003 E583.2992
G1 F2400.0 E578.2992 ; Retraction
G0 F7200.0 X2.94447 Y6.90003
G1 F2400.0 E583.2992 ; Reversed Retraction
G1 F3000.0 X6.90003 Y0.0488 E583.56232
G1 F2400.0 E578.56232 ; Retraction
G0 F7200.0 X6.90003 Y6.0
G1 F2400.0 E583.56232 ; Reversed Retraction
G1 F3000.0 X-6.90003 Y6.0 E584.02131
G1 F2400.0 E579.02131 ; Retraction
G0 F7200.0 X-6.90003 Y-0.0488
G1 F2400.0 E584.02131 ; Reversed Retraction
G1 F3000.0 X-2.94447 Y-6.90003 E584.28444
;Layer 77
G0 F1440.0 Z15.6
;Shell(s)
G1 F2400.0 E579.28444 ; Retraction
G0 F7200.0 X-7.3 Y-7.3
G1 F2400.0 E584.28444 ; Reversed Retraction
G1 F3000.0 X-7.3 Y7.3 E584.77004
G1 F3000.0 X7.3 Y7.3 E585.25563
G1 F3000.0 X7.3 Y-7.3 E585.74123
G1 F3000.0 X-7.3 Y-7.3 E586.22683
G1 F2400.0 E581.22683 ; Retraction
G0 F7200.0 X-6.9 Y-6.9
G1 F2400.0 E586.22683 ; Reversed Retraction
G1 F3000.0 X-6.9 Y6.9 E586.68582
G1 F3000.0 X6.9 Y6.9 E587.14481
G1 F3000.0 X6.9 Y-6.9 E587.6038
G1 F3000.0 X-6.9 Y-6.9 E588.06279
;Internal Infill
G1 F2400.0 E583.06279 ; Retraction
G0 F7200.0 X-6.90003 Y-6.0
G1 F2400.0 E588.06279 ; Reversed Retraction
G1 F3000.0 X6.90003 Y-6.0 E588.52178
G1 F2400.0 E583.52178 ; Retraction
G0 F7200.0 X2.94447 Y-6.90003
G1 F2400.0 E588.52178 ; Reversed Retraction
G1 F3000.0 X6.90003 Y-0.0488 E588.78491
G1 F2400.0 E583.78491 ; Retraction
G0 F7200.0 X6.90003 Y0.0
G1 F2400.0 E588.78491 ; Reversed Retraction
G1 F3000.0 X-6.90003 Y0.0 E589.2439
G1 F2400.0 E584.2439 ; Retraction
G0 F7200.0 X-6.90003 Y0.0488
G1 F2400.0 E589.2439 ; Reversed Retraction
G1 F3000.0 X-2.94447 Y6.90003 E589.50702
G1 F2400.0 E584.50702 ; Retraction
G0 F7200.0 X-3.98373 Y6.90003
G1 F2400.0 E589.50702 ; Reversed Retraction
G1 F3000.0 X3.98373 Y-6.90003 E590.03702
G1 F2400.0 E585.03702 ; Retraction
G0 F7200.0 X-3.98373 Y-6.90003
G1 F2400.0 E590.03702 ; Reversed Retraction
G1 F3000.0 X3.98373 Y6.90003 E590.56702
G1 F2400.0 E585.56702 ; Retraction
G0 F7200.0 X2.94447 Y6.90003
G1 F2400.0 E590.56702 ; Reversed Retraction
G1 F3000.0 X6.90003 Y0.0488 E590.83014
G1 F2400.0 E585.83014 ; Retraction
G0 F7200.0 X6.90003 Y6.0
G1 F2400.0 E590.83014 ; Reversed Retraction
G1 F3000.0 X-6.90003 Y6.0 E591.28914
G1 F2400.0 E586.28914 ; Retraction
G0 F7200.0 X-6.90003 Y-0.0488
G1 F2400.0 E591.28914 ; Reversed Retraction
G1 F3000.0 X-2.94447 Y-6.90003 E591.55226
;Layer 78
G0 F1440.0 Z15.8
;Shell(s)
G1 F2400.0 E586.55226 ; Retraction
G0 F7200.0 X-7.3 Y-7.3
G1 F2400.0 E591.55226 ; Reversed Retraction
G1 F3000.0 X-7.3 Y7.3 E592.03786
G1 F3000.0 X7.3 Y7.3 E592.52346
G1 F3000.0 X7.3 Y-7.3 E593.00905
G1 F3000.0 X-7.3 Y-7.3 E593.49465
G1 F2400.0 E588.49465 ; Retraction
G0 F7200.0 X-6.9 Y-6.9
G1 F2400.0 E593.49465 ; Reversed Retraction
G1 F3000.0 X-6.9 Y6.9 E593.95364
G1 F3000.0 X6.9 Y6.9 E594.41263
G1 F3000.0 X6.9 Y-6.9 E594.87162
G1 F3000.0 X-6.9 Y-6.9 E595.33061
;Internal Infill
G1 F2400.0 E590.33061 ; Retraction
G0 F7200.0 X-6.90003 Y-6.0
G1 F2400.0 E595.33061 ; Reversed Retraction
G1 F3000.0 X6.90003 Y-6.0 E595.7896
G1 F2400.0 E590.7896 ; Retraction
G0 F7200.0 X2.94447 Y-6.90003
G1 F2400.0 E595.7896 ; Reversed Retraction
G1 F3000.0 X6.90003 Y-0.0488 E596.05273
G1 F2400.0 E591.05273 ; Retraction
G0 F7200.0 X6.90003 Y0.0
G1 F2400.0 E596.05273 ; Reversed Retraction
G1 F3000.0 X-6.90003 Y0.0 E596.51172
G1 F2400.0 E591.51172 ; Retraction
G0 F7200.0 X-6.90003 Y0.0488
G1 F2400.0 E596.51172 ; Reversed Retraction
G1 F3000.0 X-2.94447 Y6.90003 E596.77485
G1 F2400.0 E591.77485 ; Retraction
G0 F7200.0 X-3.98373 Y6.90003
G1 F2400.0 E596.77485 ; Reversed Retraction
G1 F3000.0 X3.98373 Y-6.90003 E597.30484
G1 F2400.0 E592.30484 ; Retraction
G0 F7200.0 X-3.98373 Y-6.90003
G1 F2400.0 E597.30484 ; Reversed Retraction
G1 F3000.0 X3.98373 Y6.90003 E597.83484
G1 F2400.0 E592.83484 ; Retraction
G0 F7200.0 X2.94447 Y6.90003
G1 F2400.0 E597.83484 ; Reversed Retraction
G1 F3000.0 X6.90003 Y0.0488 E598.09797
G1 F2400.0 E593.09797 ; Retraction
G0 F7200.0 X6.90003 Y6.0
G1 F2400.0 E598.09797 ; Reversed Retraction
G1 F3000.0 X-6.90003 Y6.0 E598.55696
G1 F2400.0 E593.55696 ; Retraction
G0 F7200.0 X-6.90003 Y-0.0488
G1 F2400.0 E598.55696 ; Reversed Retraction
G1 F3000.0 X-2.94447 Y-6.90003 E598.82008
;Layer 79
G0 F1440.0 Z16.0
;Shell(s)
G1 F2400.0 E593.82008 ; Retraction
G0 F7200.0 X-7.3 Y-7.3
G1 F2400.0 E598.82008 ; Reversed Retraction
G1 F3000.0 X-7.3 Y7.3 E599.30568
G1 F3000.0 X7.3 Y7.3 E599.79128
G1 F3000.0 X7.3 Y-7.3 E600.27688
G1 F3000.0 X-7.3 Y-7.3 E600.76248
G1 F2400.0 E595.76248 ; Retraction
G0 F7200.0 X-6.9 Y-6.9
G1 F2400.0 E600.76248 ; Reversed Retraction
G1 F3000.0 X-6.9 Y6.9 E601.22147
G1 F3000.0 X6.9 Y6.9 E601.68046
G1 F3000.0 X6.9 Y-6.9 E602.13944
G1 F3000.0 X-6.9 Y-6.9 E602.59843
;Internal Infill
G1 F2400.0 E597.59843 ; Retraction
G0 F7200.0 X-6.90003 Y-6.0
G1 F2400.0 E602.59843 ; Reversed Retraction
G1 F3000.0 X6.90003 Y-6.0 E603.05743
G1 F2400.0 E598.05743 ; Retraction
G0 F7200.0 X2.94447 Y-6.90003
G1 F2400.0 E603.05743 ; Reversed Retraction
G1 F3000.0 X6.90003 Y-0.0488 E603.32055
G1 F2400.0 E598.32055 ; Retraction
G0 F7200.0 X6.90003 Y0.0
G1 F2400.0 E603.32055 ; Reversed Retraction
G1 F3000.0 X-6.90003 Y0.0 E603.77954
G1 F2400.0 E598.77954 ; Retraction
G0 F7200.0 X-6.90003 Y0.0488
G1 F2400.0 E603.77954 ; Reversed Retraction
G1 F3000.0 X-2.94447 Y6.90003 E604.04267
G1 F2400.0 E599.04267 ; Retraction
G0 F7200.0 X-3.98373 Y6.90003
G1 F2400.0 E604.04267 ; Reversed Retraction
G1 F3000.0 X3.98373 Y-6.90003 E604.57267
G1 F2400.0 E599.57267 ; Retraction
G0 F7200.0 X-3.98373 Y-6.90003
G1 F2400.0 E604.57267 ; Reversed Retraction
G1 F3000.0 X3.98373 Y6.90003 E605.10266
G1 F2400.0 E600.10266 ; Retraction
G0 F7200.0 X2.94447 Y6.90003
G1 F2400.0 E605.10266 ; Reversed Retraction
G1 F3000.0 X6.90003 Y0.0488 E605.36579
G1 F2400.0 E600.36579 ; Retraction
G0 F7200.0 X6.90003 Y6.0
G1 F2400.0 E605.36579 ; Reversed Retraction
G1 F3000.0 X-6.90003 Y6.0 E605.82478
G1 F2400.0 E600.82478 ; Retraction
G0 F7200.0 X-6.90003 Y-0.0488
G1 F2400.0 E605.82478 ; Reversed Retraction
G1 F3000.0 X-2.94447 Y-6.90003 E606.08791
;Layer 80
G0 F1440.0 Z16.2
;Shell(s)
G1 F2400.0 E601.08791 ; Retraction
G0 F7200.0 X-7.3 Y-7.3
G1 F2400.0 E606.08791 ; Reversed Retraction
G1 F3000.0 X-7.3 Y7.3 E606.5735
G1 F3000.0 X7.3 Y7.3 E607.0591
G1 F3000.0 X7.3 Y-7.3 E607.5447
G1 F3000.0 X-7.3 Y-7.3 E608.0303
G1 F2400.0 E603.0303 ; Retraction
G0 F7200.0 X-6.9 Y-6.9
G1 F2400.0 E608.0303 ; Reversed Retraction
G1 F3000.0 X-6.9 Y6.9 E608.48929
G1 F3000.0 X6.9 Y6.9 E608.94828
G1 F3000.0 X6.9 Y-6.9 E609.40727
G1 F3000.0 X-6.9 Y-6.9 E609.86626
;Internal Infill
G1 F2400.0 E604.86626 ; Retraction
G0 F7200.0 X-6.90003 Y-6.0
G1 F2400.0 E609.86626 ; Reversed Retraction
G1 F3000.0 X6.90003 Y-6.0 E610.32525
G1 F2400.0 E605.32525 ; Retraction
G0 F7200.0 X2.94447 Y-6.90003
G1 F2400.0 E610.32525 ; Reversed Retraction
G1 F3000.0 X6.90003 Y-0.0488 E610.58837
G1 F2400.0 E605.58837 ; Retraction
G0 F7200.0 X6.90003 Y0.0
G1 F2400.0 E610.58837 ; Reversed Retraction
G1 F3000.0 X-6.90003 Y0.0 E611.04737
G1 F2400.0 E606.04737 ; Retraction
G0 F7200.0 X-6.90003 Y0.0488
G1 F2400.0 E611.04737 ; Reversed Retraction
G1 F3000.0 X-2.94447 Y6.90003 E611.31049
G1 F2400.0 E606.31049 ; Retraction
G0 F7200.0 X-3.98373 Y6.90003
G1 F2400.0 E611.31049 ; Reversed Retraction
G1 F3000.0 X3.98373 Y-6.90003 E611.84049
G1 F2400.0 E606.84049 ; Retraction
G0 F7200.0 X-3.98373 Y-6.90003
G1 F2400.0 E611.84049 ; Reversed Retraction
G1 F3000.0 X3.98373 Y6.90003 E612.37049
G1 F2400.0 E607.37049 ; Retraction
G0 F7200.0 X2.94447 Y6.90003
G1 F2400.0 E612.37049 ; Reversed Retraction
G1 F3000.0 X6.90003 Y0.0488 E612.63361
G1 F2400.0 E607.63361 ; Retraction
G0 F7200.0 X6.90003 Y6.0
G1 F2400.0 E612.63361 ; Reversed Retraction
G1 F3000.0 X-6.90003 Y6.0 E613.0926
G1 F2400.0 E608.0926 ; Retraction
G0 F7200.0 X-6.90003 Y-0.0488
G1 F2400.0 E613.0926 ; Reversed Retraction
G1 F3000.0 X-2.94447 Y-6.90003 E613.35573
;Layer 81
G0 F1440.0 Z16.4
;Shell(s)
G1 F2400.0 E608.35573 ; Retraction
G0 F7200.0 X-7.3 Y-7.3
G1 F2400.0 E613.35573 ; Reversed Retraction
G1 F3000.0 X-7.3 Y7.3 E613.84133
G1 F3000.0 X7.3 Y7.3 E614.32692
G1 F3000.0 X7.3 Y-7.3 E614.81252
G1 F3000.0 X-7.3 Y-7.3 E615.29812
G1 F2400.0 E610.29812 ; Retraction
G0 F7200.0 X-6.9 Y-6.9
G1 F2400.0 E615.29812 ; Reversed Retraction
G1 F3000.0 X-6.9 Y6.9 E615.75711
G1 F3000.0 X6.9 Y6.9 E616.2161
G1 F3000.0 X6.9 Y-6.9 E616.67509
G1 F3000.0 X-6.9 Y-6.9 E617.13408
;Internal Infill
G1 F2400.0 E612.13408 ; Retraction
G0 F7200.0 X-6.90003 Y-6.0
G1 F2400.0 E617.13408 ; Reversed Retraction
G1 F3000.0 X6.90003 Y-6.0 E617.59307
G1 F2400.0 E612.59307 ; Retraction
G0 F7200.0 X2.94447 Y-6.90003
G1 F2400.0 E617.59307 ; Reversed Retraction
G1 F3000.0 X6.90003 Y-0.0488 E617.8562
G1 F2400.0 E612.8562 ; Retraction
G0 F7200.0 X6.90003 Y0.0
G1 F2400.0 E617.8562 ; Reversed Retraction
G1 F3000.0 X-6.90003 Y0.0 E618.31519
G1 F2400.0 E613.31519 ; Retraction
G0 F7200.0 X-6.90003 Y0.0488
G1 F2400.0 E618.31519 ; Reversed Retraction
G1 F3000.0 X-2.94447 Y6.90003 E618.57831
G1 F2400.0 E613.57831 ; Retraction
G0 F7200.0 X-3.98373 Y6.90003
G1 F2400.0 E618.57831 ; Reversed Retraction
G1 F3000.0 X3.98373 Y-6.90003 E619.10831
G1 F2400.0 E614.10831 ; Retraction
G0 F7200.0 X-3.98373 Y-6.90003
G1 F2400.0 E619.10831 ; Reversed Retraction
G1 F3000.0 X3.98373 Y6.90003 E619.63831
G1 F2400.0 E614.63831 ; Retraction
G0 F7200.0 X2.94447 Y6.90003
G1 F2400.0 E619.63831 ; Reversed Retraction
G1 F3000.0 X6.90003 Y0.0488 E619.90143
G1 F2400.0 E614.90143 ; Retraction
G0 F7200.0 X6.90003 Y6.0
G1 F2400.0 E619.90143 ; Reversed Retraction
G1 F3000.0 X-6.90003 Y6.0 E620.36043
G1 F2400.0 E615.36043 ; Retraction
G0 F7200.0 X-6.90003 Y-0.0488
G1 F2400.0 E620.36043 ; Reversed Retraction
G1 F3000.0 X-2.94447 Y-6.90003 E620.62355
;Layer 82
G0 F1440.0 Z16.6
;Shell(s)
G1 F2400.0 E615.62355 ; Retraction
G0 F7200.0 X-7.3 Y-7.3
G1 F2400.0 E620.62355 ; Reversed Retraction
G1 F3000.0 X-7.3 Y7.3 E621.10915
G1 F3000.0 X7.3 Y7.3 E621.59475
G1 F3000.0 X7.3 Y-7.3 E622.08034
G1 F3000.0 X-7.3 Y-7.3 E622.56594
G1 F2400.0 E617.56594 ; Retraction
G0 F7200.0 X-6.9 Y-6.9
G1 F2400.0 E622.56594 ; Reversed Retraction
G1 F3000.0 X-6.9 Y6.9 E623.02493
G1 F3000.0 X6.9 Y6.9 E623.48392
G1 F3000.0 X6.9 Y-6.9 E623.94291
G1 F3000.0 X-6.9 Y-6.9 E624.4019
;Internal Infill
G1 F2400.0 E619.4019 ; Retraction
G0 F7200.0 X-6.90003 Y-6.0
G1 F2400.0 E624.4019 ; Reversed Retraction
G1 F3000.0 X6.90003 Y-6.0 E624.86089
G1 F2400.0 E619.86089 ; Retraction
G0 F7200.0 X2.94447 Y-6.90003
G1 F2400.0 E624.86089 ; Reversed Retraction
G1 F3000.0 X6.90003 Y-0.0488 E625.12402
G1 F2400.0 E620.12402 ; Retraction
G0 F7200.0 X6.90003 Y0.0
G1 F2400.0 E625.12402 ; Reversed Retraction
G1 F3000.0 X-6.90003 Y0.0 E625.58301
G1 F2400.0 E620.58301 ; Retraction
G0 F7200.0 X-6.90003 Y0.0488
G1 F2400.0 E625.58301 ; Reversed Retraction
G1 F3000.0 X-2.94447 Y6.90003 E625.84614
G1 F2400.0 E620.84614 ; Retraction
G0 F7200.0 X-3.98373 Y6.90003
G1 F2400.0 E625.84614 ; Reversed Retraction
G1 F3000.0 X3.98373 Y-6.90003 E626.37613
G1 F2400.0 E621.37613 ; Retraction
G0 F7200.0 X-3.98373 Y-6.90003
G1 F2400.0 E626.37613 ; Reversed Retraction
G1 F3000.0 X3.98373 Y6.90003 E626.90613
G1 F2400.0 E621.90613 ; Retraction
G0 F7200.0 X2.94447 Y6.90003
G1 F2400.0 E626.90613 ; Reversed Retraction
G1 F3000.0 X6.90003 Y0.0488 E627.16926
G1 F2400.0 E622.16926 ; Retraction
G0 F7200.0 X6.90003 Y6.0
G1 F2400.0 E627.16926 ; Reversed Retraction
G1 F3000.0 X-6.90003 Y6.0 E627.62825
G1 F2400.0 E622.62825 ; Retraction
G0 F7200.0 X-6.90003 Y-0.0488
G1 F2400.0 E627.62825 ; Reversed Retraction
G1 F3000.0 X-2.94447 Y-6.90003 E627.89137
;Layer 83
G0 F1440.0 Z16.8
;Shell(s)
G1 F2400.0 E622.89137 ; Retraction
G0 F7200.0 X-7.3 Y-7.3
G1 F2400.0 E627.89137 ; Reversed Retraction
G1 F3000.0 X-7.3 Y7.3 E628.37697
G1 F3000.0 X7.3 Y7.3 E628.86257
G1 F3000.0 X7.3 Y-7.3 E629.34817
G1 F3000.0 X-7.3 Y-7.3 E629.83377
G1 F2400.0 E624.83377 ; Retraction
G0 F7200.0 X-6.9 Y-6.9
G1 F2400.0 E629.83377 ; Reversed Retraction
G1 F3000.0 X-6.9 Y6.9 E630.29276
G1 F3000.0 X6.9 Y6.9 E630.75175
G1 F3000.0 X6.9 Y-6.9 E631.21074
G1 F3000.0 X-6.9 Y-6.9 E631.66972
;Internal Infill
G1 F2400.0 E626.66972 ; Retraction
G0 F7200.0 X-6.90003 Y-6.0
G1 F2400.0 E631.66972 ; Reversed Retraction
G1 F3000.0 X6.90003 Y-6.0 E632.12872
G1 F2400.0 E627.12872 ; Retraction
G0 F7200.0 X2.94447 Y-6.90003
G1 F2400.0 E632.12872 ; Reversed Retraction
G1 F3000.0 X6.90003 Y-0.0488 E632.39184
G1 F2400.0 E627.39184 ; Retraction
G0 F7200.0 X6.90003 Y0.0
G1 F2400.0 E632.39184 ; Reversed Retraction
G1 F3000.0 X-6.90003 Y0.0 E632.85083
G1 F2400.0 E627.85083 ; Retraction
G0 F7200.0 X-6.90003 Y0.0488
G1 F2400.0 E632.85083 ; Reversed Retraction
G1 F3000.0 X-2.94447 Y6.90003 E633.11396
G1 F2400.0 E628.11396 ; Retraction
G0 F7200.0 X-3.98373 Y6.90003
G1 F2400.0 E633.11396 ; Reversed Retraction
G1 F3000.0 X3.98373 Y-6.90003 E633.64396
G1 F2400.0 E628.64396 ; Retraction
G0 F7200.0 X-3.98373 Y-6.90003
G1 F2400.0 E633.64396 ; Reversed Retraction
G1 F3000.0 X3.98373 Y6.90003 E634.17395
G1 F2400.0 E629.17395 ; Retraction
G0 F7200.0 X2.94447 Y6.90003
G1 F2400.0 E634.17395 ; Reversed Retraction
G1 F3000.0 X6.90003 Y0.0488 E634.43708
G1 F2400.0 E629.43708 ; Retraction
G0 F7200.0 X6.90003 Y6.0
G1 F2400.0 E634.43708 ; Reversed Retraction
G1 F3000.0 X-6.90003 Y6.0 E634.89607
G1 F2400.0 E629.89607 ; Retraction
G0 F7200.0 X-6.90003 Y-0.0488
G1 F2400.0 E634.89607 ; Reversed Retraction
G1 F3000.0 X-2.94447 Y-6.90003 E635.1592
;Layer 84
G0 F1440.0 Z17.0
;Shell(s)
G1 F2400.0 E630.1592 ; Retraction
G0 F7200.0 X-7.3 Y-7.3
G1 F2400.0 E635.1592 ; Reversed Retraction
G1 F3000.0 X-7.3 Y7.3 E635.64479
G1 F3000.0 X7.3 Y7.3 E636.13039
G1 F3000.0 X7.3 Y-7.3 E636.61599
G1 F3000.0 X-7.3 Y-7.3 E637.10159
G1 F2400.0 E632.10159 ; Retraction
G0 F7200.0 X-6.9 Y-6.9
G1 F2400.0 E637.10159 ; Reversed Retraction
G1 F3000.0 X-6.9 Y6.9 E637.56058
G1 F3000.0 X6.9 Y6.9 E638.01957
G1 F3000.0 X6.9 Y-6.9 E638.47856
G1 F3000.0 X-6.9 Y-6.9 E638.93755
;Internal Infill
G1 F2400.0 E633.93755 ; Retraction
G0 F7200.0 X-6.90003 Y-6.0
G1 F2400.0 E638.93755 ; Reversed Retraction
G1 F3000.0 X6.90003 Y-6.0 E639.39654
G1 F2400.0 E634.39654 ; Retraction
G0 F7200.0 X2.94447 Y-6.90003
G1 F2400.0 E639.39654 ; Reversed Retraction
G1 F3000.0 X6.90003 Y-0.0488 E639.65966
G1 F2400.0 E634.65966 ; Retraction
G0 F7200.0 X6.90003 Y0.0
G1 F2400.0 E639.65966 ; Reversed Retraction
G1 F3000.0 X-6.90003 Y0.0 E640.11866
G1 F2400.0 E635.11866 ; Retraction
G0 F7200.0 X-6.90003 Y0.0488
G1 F2400.0 E640.11866 ; Reversed Retraction
G1 F3000.0 X-2.94447 Y6.90003 E640.38178
G1 F2400.0 E635.38178 ; Retraction
G0 F7200.0 X-3.98373 Y6.90003
G1 F2400.0 E640.38178 ; Reversed Retraction
G1 F3000.0 X3.98373 Y-6.90003 E640.91178
G1 F2400.0 E635.91178 ; Retraction
G0 F7200.0 X-3.98373 Y-6.90003
G1 F2400.0 E640.91178 ; Reversed Retraction
G1 F3000.0 X3.98373 Y6.90003 E641.44178
G1 F2400.0 E636.44178 ; Retraction
G0 F7200.0 X2.94447 Y6.90003
G1 F2400.0 E641.44178 ; Reversed Retraction
G1 F3000.0 X6.90003 Y0.0488 E641.7049
G1 F2400.0 E636.7049 ; Retraction
G0 F7200.0 X6.90003 Y6.0
G1 F2400.0 E641.7049 ; Reversed Retraction
G1 F3000.0 X-6.90003 Y6.0 E642.16389
G1 F2400.0 E637.16389 ; Retraction
G0 F7200.0 X-6.90003 Y-0.0488
G1 F2400.0 E642.16389 ; Reversed Retraction
G1 F3000.0 X-2.94447 Y-6.90003 E642.42702
;Layer 85
G0 F1440.0 Z17.2
;Shell(s)
G1 F2400.0 E637.42702 ; Retraction
G0 F7200.0 X-7.3 Y-7.3
G1 F2400.0 E642.42702 ; Reversed Retraction
G1 F3000.0 X-7.3 Y7.3 E642.91262
G1 F3000.0 X7.3 Y7.3 E643.39821
G1 F3000.0 X7.3 Y-7.3 E643.88381
G1 F3000.0 X-7.3 Y-7.3 E644.36941
G1 F2400.0 E639.36941 ; Retraction
G0 F7200.0 X-6.9 Y-6.9
G1 F2400.0 E644.36941 ; Reversed Retraction
G1 F3000.0 X-6.9 Y6.9 E644.8284
G1 F3000.0 X6.9 Y6.9 E645.28739
G1 F3000.0 X6.9 Y-6.9 E645.74638
G1 F3000.0 X-6.9 Y-6.9 E646.20537
;Internal Infill
G1 F2400.0 E641.20537 ; Retraction
G0 F7200.0 X-6.90003 Y-6.0
G1 F2400.0 E646.20537 ; Reversed Retraction
G1 F3000.0 X6.90003 Y-6.0 E646.66436
G1 F2400.0 E641.66436 ; Retraction
G0 F7200.0 X2.94447 Y-6.90003
G1 F2400.0 E646.66436 ; Reversed Retraction
G1 F3000.0 X6.90003 Y-0.0488 E646.92749
G1 F2400.0 E641.92749 ; Retraction
G0 F7200.0 X6.90003 Y0.0
G1 F2400.0 E646.92749 ; Reversed Retraction
G1 F3000.0 X-6.90003 Y0.0 E647.38648
G1 F2400.0 E642.38648 ; Retraction
G0 F7200.0 X-6.90003 Y0.0488
G1 F2400.0 E647.38648 ; Reversed Retraction
G1 F3000.0 X-2.94447 Y6.90003 E647.6496
G1 F2400.0 E642.6496 ; Retraction
G0 F7200.0 X-3.98373 Y6.90003
G1 F2400.0 E647.6496 ; Reversed Retraction
G1 F3000.0 X3.98373 Y-6.90003 E648.1796
G1 F2400.0 E643.1796 ; Retraction
G0 F7200.0 X-3.98373 Y-6.90003
G1 F2400.0 E648.1796 ; Reversed Retraction
G1 F3000.0 X3.98373 Y6.90003 E648.7096
G1 F2400.0 E643.7096 ; Retraction
G0 F7200.0 X2.94447 Y6.90003
G1 F2400.0 E648.7096 ; Reversed Retraction
G1 F3000.0 X6.90003 Y0.0488 E648.97272
G1 F2400.0 E643.97272 ; Retraction
G0 F7200.0 X6.90003 Y6.0
G1 F2400.0 E648.97272 ; Reversed Retraction
G1 F3000.0 X-6.90003 Y6.0 E649.43172
G1 F2400.0 E644.43172 ; Retraction
G0 F7200.0 X-6.90003 Y-0.0488
G1 F2400.0 E649.43172 ; Reversed Retraction
G1 F3000.0 X-2.94447 Y-6.90003 E649.69484
;Layer 86
G0 F1440.0 Z17.4
;Shell(s)
G1 F2400.0 E644.69484 ; Retraction
G0 F7200.0 X-7.3 Y-7.3
G1 F2400.0 E649.69484 ; Reversed Retraction
G1 F3000.0 X-7.3 Y7.3 E650.18044
G1 F3000.0 X7.3 Y7.3 E650.66604
G1 F3000.0 X7.3 Y-7.3 E651.15163
G1 F3000.0 X-7.3 Y-7.3 E651.63723
G1 F2400.0 E646.63723 ; Retraction
G0 F7200.0 X-6.9 Y-6.9
G1 F2400.0 E651.63723 ; Reversed Retraction
G1 F3000.0 X-6.9 Y6.9 E652.09622
G1 F3000.0 X6.9 Y6.9 E652.55521
G1 F3000.0 X6.9 Y-6.9 E653.0142
G1 F3000.0 X-6.9 Y-6.9 E653.47319
;Internal Infill
G1 F2400.0 E648.47319 ; Retraction
G0 F7200.0 X-6.90003 Y-6.0
G1 F2400.0 E653.47319 ; Reversed Retraction
G1 F3000.0 X6.90003 Y-6.0 E653.93218
G1 F2400.0 E648.93218 ; Retraction
G0 F7200.0 X2.94447 Y-6.90003
G1 F2400.0 E653.93218 ; Reversed Retraction
G1 F3000.0 X6.90003 Y-0.0488 E654.19531
G1 F2400.0 E649.19531 ; Retraction
G0 F7200.0 X6.90003 Y0.0
G1 F2400.0 E654.19531 ; Reversed Retraction
G1 F3000.0 X-6.90003 Y0.0 E654.6543
G1 F2400.0 E649.6543 ; Retraction
G0 F7200.0 X-6.90003 Y0.0488
G1 F2400.0 E654.6543 ; Reversed Retraction
G1 F3000.0 X-2.94447 Y6.90003 E654.91743
G1 F2400.0 E649.91743 ; Retraction
G0 F7200.0 X-3.98373 Y6.90003
G1 F2400.0 E654.91743 ; Reversed Retraction
G1 F3000.0 X3.98373 Y-6.90003 E655.44742
G1 F2400.0 E650.44742 ; Retraction
G0 F7200.0 X-3.98373 Y-6.90003
G1 F2400.0 E655.44742 ; Reversed Retraction
G1 F3000.0 X3.98373 Y6.90003 E655.97742
G1 F2400.0 E650.97742 ; Retraction
G0 F7200.0 X2.94447 Y6.90003
G1 F2400.0 E655.97742 ; Reversed Retraction
G1 F3000.0 X6.90003 Y0.0488 E656.24055
G1 F2400.0 E651.24055 ; Retraction
G0 F7200.0 X6.90003 Y6.0
G1 F2400.0 E656.24055 ; Reversed Retraction
G1 F3000.0 X-6.90003 Y6.0 E656.69954
G1 F2400.0 E651.69954 ; Retraction
G0 F7200.0 X-6.90003 Y-0.0488
G1 F2400.0 E656.69954 ; Reversed Retraction
G1 F3000.0 X-2.94447 Y-6.90003 E656.96266
;Layer 87
G0 F1440.0 Z17.6
;Shell(s)
G1 F2400.0 E651.96266 ; Retraction
G0 F7200.0 X-7.3 Y-7.3
G1 F2400.0 E656.96266 ; Reversed Retraction
G1 F3000.0 X-7.3 Y7.3 E657.44826
G1 F3000.0 X7.3 Y7.3 E657.93386
G1 F3000.0 X7.3 Y-7.3 E658.41946
G1 F3000.0 X-7.3 Y-7.3 E658.90506
G1 F2400.0 E653.90506 ; Retraction
G0 F7200.0 X-6.9 Y-6.9
G1 F2400.0 E658.90506 ; Reversed Retraction
G1 F3000.0 X-6.9 Y6.9 E659.36405
G1 F3000.0 X6.9 Y6.9 E659.82304
G1 F3000.0 X6.9 Y-6.9 E660.28203
G1 F3000.0 X-6.9 Y-6.9 E660.74101
;Internal Infill
G1 F2400.0 E655.74101 ; Retraction
G0 F7200.0 X-6.90003 Y-6.0
G1 F2400.0 E660.74101 ; Reversed Retraction
G1 F3000.0 X6.90003 Y-6.0 E661.20001
G1 F2400.0 E656.20001 ; Retraction
G0 F7200.0 X2.94447 Y-6.90003
G1 F2400.0 E661.20001 ; Reversed Retraction
G1 F3000.0 X6.90003 Y-0.0488 E661.46313
G1 F2400.0 E656.46313 ; Retraction
G0 F7200.0 X6.90003 Y0.0
G1 F2400.0 E661.46313 ; Reversed Retraction
G1 F3000.0 X-6.90003 Y0.0 E661.92212
G1 F2400.0 E656.92212 ; Retraction
G0 F7200.0 X-6.90003 Y0.0488
G1 F2400.0 E661.92212 ; Reversed Retraction
G1 F3000.0 X-2.94447 Y6.90003 E662.18525
G1 F2400.0 E657.18525 ; Retraction
G0 F7200.0 X-3.98373 Y6.90003
G1 F2400.0 E662.18525 ; Reversed Retraction
G1 F3000.0 X3.98373 Y-6.90003 E662.71525
G1 F2400.0 E657.71525 ; Retraction
G0 F7200.0 X-3.98373 Y-6.90003
G1 F2400.0 E662.71525 ; Reversed Retraction
G1 F3000.0 X3.98373 Y6.90003 E663.24524
G1 F2400.0 E658.24524 ; Retraction
G0 F7200.0 X2.94447 Y6.90003
G1 F2400.0 E663.24524 ; Reversed Retraction
G1 F3000.0 X6.90003 Y0.0488 E663.50837
G1 F2400.0 E658.50837 ; Retraction
G0 F7200.0 X6.90003 Y6.0
G1 F2400.0 E663.50837 ; Reversed Retraction
G1 F3000.0 X-6.90003 Y6.0 E663.96736
G1 F2400.0 E658.96736 ; Retraction
G0 F7200.0 X-6.90003 Y-0.0488
G1 F2400.0 E663.96736 ; Reversed Retraction
G1 F3000.0 X-2.94447 Y-6.90003 E664.23049
;Layer 88
G0 F1440.0 Z17.8
;Shell(s)
G1 F2400.0 E659.23049 ; Retraction
G0 F7200.0 X-7.3 Y-7.3
G1 F2400.0 E664.23049 ; Reversed Retraction
G1 F3000.0 X-7.3 Y7.3 E664.71608
G1 F3000.0 X7.3 Y7.3 E665.20168
G1 F3000.0 X7.3 Y-7.3 E665.68728
G1 F3000.0 X-7.3 Y-7.3 E666.17288
G1 F2400.0 E661.17288 ; Retraction
G0 F7200.0 X-6.9 Y-6.9
G1 F2400.0 E666.17288 ; Reversed Retraction
G1 F3000.0 X-6.9 Y6.9 E666.63187
G1 F3000.0 X6.9 Y6.9 E667.09086
G1 F3000.0 X6.9 Y-6.9 E667.54985
G1 F3000.0 X-6.9 Y-6.9 E668.00884
;Internal Infill
G1 F2400.0 E663.00884 ; Retraction
G0 F7200.0 X-6.90003 Y-6.0
G1 F2400.0 E668.00884 ; Reversed Retraction
G1 F3000.0 X6.90003 Y-6.0 E668.46783
G1 F2400.0 E663.46783 ; Retraction
G0 F7200.0 X2.94447 Y-6.90003
G1 F2400.0 E668.46783 ; Reversed Retraction
G1 F3000.0 X6.90003 Y-0.0488 E668.73095
G1 F2400.0 E663.73095 ; Retraction
G0 F7200.0 X6.90003 Y0.0
G1 F2400.0 E668.73095 ; Reversed Retraction
G1 F3000.0 X-6.90003 Y0.0 E669.18995
G1 F2400.0 E664.18995 ; Retraction
G0 F7200.0 X-6.90003 Y0.0488
G1 F2400.0 E669.18995 ; Reversed Retraction
G1 F3000.0 X-2.94447 Y6.90003 E669.45307
G1 F2400.0 E664.45307 ; Retraction
G0 F7200.0 X-3.98373 Y6.90003
G1 F2400.0 E669.45307 ; Reversed Retraction
G1 F3000.0 X3.98373 Y-6.90003 E669.98307
G1 F2400.0 E664.98307 ; Retraction
G0 F7200.0 X-3.98373 Y-6.90003
G1 F2400.0 E669.98307 ; Reversed Retraction
G1 F3000.0 X3.98373 Y6.90003 E670.51307
G1 F2400.0 E665.51307 ; Retraction
G0 F7200.0 X2.94447 Y6.90003
G1 F2400.0 E670.51307 ; Reversed Retraction
G1 F3000.0 X6.90003 Y0.0488 E670.77619
G1 F2400.0 E665.77619 ; Retraction
G0 F7200.0 X6.90003 Y6.0
G1 F2400.0 E670.77619 ; Reversed Retraction
G1 F3000.0 X-6.90003 Y6.0 E671.23518
G1 F2400.0 E666.23518 ; Retraction
G0 F7200.0 X-6.90003 Y-0.0488
G1 F2400.0 E671.23518 ; Reversed Retraction
G1 F3000.0 X-2.94447 Y-6.90003 E671.49831
;Layer 89
G0 F1440.0 Z18.0
;Shell(s)
G1 F2400.0 E666.49831 ; Retraction
G0 F7200.0 X-7.3 Y-7.3
G1 F2400.0 E671.49831 ; Reversed Retraction
G1 F3000.0 X-7.3 Y7.3 E671.98391
G1 F3000.0 X7.3 Y7.3 E672.4695
G1 F3000.0 X7.3 Y-7.3 E672.9551
G1 F3000.0 X-7.3 Y-7.3 E673.4407
G1 F2400.0 E668.4407 ; Retraction
G0 F7200.0 X-6.9 Y-6.9
G1 F2400.0 E673.4407 ; Reversed Retraction
G1 F3000.0 X-6.9 Y6.9 E673.89969
G1 F3000.0 X6.9 Y6.9 E674.35868
G1 F3000.0 X6.9 Y-6.9 E674.81767
G1 F3000.0 X-6.9 Y-6.9 E675.27666
;Internal Infill
G1 F2400.0 E670.27666 ; Retraction
G0 F7200.0 X-6.90003 Y-6.0
G1 F2400.0 E675.27666 ; Reversed Retraction
G1 F3000.0 X6.90003 Y-6.0 E675.73565
G1 F2400.0 E670.73565 ; Retraction
G0 F7200.0 X2.94447 Y-6.90003
G1 F2400.0 E675.73565 ; Reversed Retraction
G1 F3000.0 X6.90003 Y-0.0488 E675.99878
G1 F2400.0 E670.99878 ; Retraction
G0 F7200.0 X6.90003 Y0.0
G1 F2400.0 E675.99878 ; Reversed Retraction
G1 F3000.0 X-6.90003 Y0.0 E676.45777
G1 F2400.0 E671.45777 ; Retraction
G0 F7200.0 X-6.90003 Y0.0488
G1 F2400.0 E676.45777 ; Reversed Retraction
G1 F3000.0 X-2.94447 Y6.90003 E676.72089
G1 F2400.0 E671.72089 ; Retraction
G0 F7200.0 X-3.98373 Y6.90003
G1 F2400.0 E676.72089 ; Reversed Retraction
G1 F3000.0 X3.98373 Y-6.90003 E677.25089
G1 F2400.0 E672.25089 ; Retraction
G0 F7200.0 X-3.98373 Y-6.90003
G1 F2400.0 E677.25089 ; Reversed Retraction
G1 F3000.0 X3.98373 Y6.90003 E677.78089
G1 F2400.0 E672.78089 ; Retraction
G0 F7200.0 X2.94447 Y6.90003
G1 F2400.0 E677.78089 ; Reversed Retraction
G1 F3000.0 X6.90003 Y0.0488 E678.04401
G1 F2400.0 E673.04401 ; Retraction
G0 F7200.0 X6.90003 Y6.0
G1 F2400.0 E678.04401 ; Reversed Retraction
G1 F3000.0 X-6.90003 Y6.0 E678.50301
G1 F2400.0 E673.50301 ; Retraction
G0 F7200.0 X-6.90003 Y-0.0488
G1 F2400.0 E678.50301 ; Reversed Retraction
G1 F3000.0 X-2.94447 Y-6.90003 E678.76613
;Layer 90
G0 F1440.0 Z18.2
;Shell(s)
G1 F2400.0 E673.76613 ; Retraction
G0 F7200.0 X-7.3 Y-7.3
G1 F2400.0 E678.76613 ; Reversed Retraction
G1 F3000.0 X-7.3 Y7.3 E679.25173
G1 F3000.0 X7.3 Y7.3 E679.73733
G1 F3000.0 X7.3 Y-7.3 E680.22293
G1 F3000.0 X-7.3 Y-7.3 E680.70852
G1 F2400.0 E675.70852 ; Retraction
G0 F7200.0 X-6.9 Y-6.9
G1 F2400.0 E680.70852 ; Reversed Retraction
G1 F3000.0 X-6.9 Y6.9 E681.16751
G1 F3000.0 X6.9 Y6.9 E681.6265
G1 F3000.0 X6.9 Y-6.9 E682.08549
G1 F3000.0 X-6.9 Y-6.9 E682.54448
;Internal Infill
G1 F2400.0 E677.54448 ; Retraction
G0 F7200.0 X-6.90003 Y-6.0
G1 F2400.0 E682.54448 ; Reversed Retraction
G1 F3000.0 X6.90003 Y-6.0 E683.00347
G1 F2400.0 E678.00347 ; Retraction
G0 F7200.0 X2.94447 Y-6.90003
G1 F2400.0 E683.00347 ; Reversed Retraction
G1 F3000.0 X6.90003 Y-0.0488 E683.2666
G1 F2400.0 E678.2666 ; Retraction
G0 F7200.0 X6.90003 Y0.0
G1 F2400.0 E683.2666 ; Reversed Retraction
G1 F3000.0 X-6.90003 Y0.0 E683.72559
G1 F2400.0 E678.72559 ; Retraction
G0 F7200.0 X-6.90003 Y0.0488
G1 F2400.0 E683.72559 ; Reversed Retraction
G1 F3000.0 X-2.94447 Y6.90003 E683.98872
G1 F2400.0 E678.98872 ; Retraction
G0 F7200.0 X-3.98373 Y6.90003
G1 F2400.0 E683.98872 ; Reversed Retraction
G1 F3000.0 X3.98373 Y-6.90003 E684.51871
G1 F2400.0 E679.51871 ; Retraction
G0 F7200.0 X-3.98373 Y-6.90003
G1 F2400.0 E684.51871 ; Reversed Retraction
G1 F3000.0 X3.98373 Y6.90003 E685.04871
G1 F2400.0 E680.04871 ; Retraction
G0 F7200.0 X2.94447 Y6.90003
G1 F2400.0 E685.04871 ; Reversed Retraction
G1 F3000.0 X6.90003 Y0.0488 E685.31184
G1 F2400.0 E680.31184 ; Retraction
G0 F7200.0 X6.90003 Y6.0
G1 F2400.0 E685.31184 ; Reversed Retraction
G1 F3000.0 X-6.90003 Y6.0 E685.77083
G1 F2400.0 E680.77083 ; Retraction
G0 F7200.0 X-6.90003 Y-0.0488
G1 F2400.0 E685.77083 ; Reversed Retraction
G1 F3000.0 X-2.94447 Y-6.90003 E686.03395
;Layer 91
G0 F1440.0 Z18.4
;Shell(s)
G1 F2400.0 E681.03395 ; Retraction
G0 F7200.0 X-7.3 Y-7.3
G1 F2400.0 E686.03395 ; Reversed Retraction
G1 F3000.0 X-7.3 Y7.3 E686.51955
G1 F3000.0 X7.3 Y7.3 E687.00515
G1 F3000.0 X7.3 Y-7.3 E687.49075
G1 F3000.0 X-7.3 Y-7.3 E687.97635
G1 F2400.0 E682.97635 ; Retraction
G0 F7200.0 X-6.9 Y-6.9
G1 F2400.0 E687.97635 ; Reversed Retraction
G1 F3000.0 X-6.9 Y6.9 E688.43534
G1 F3000.0 X6.9 Y6.9 E688.89433
G1 F3000.0 X6.9 Y-6.9 E689.35332
G1 F3000.0 X-6.9 Y-6.9 E689.8123
;Internal Infill
G1 F2400.0 E684.8123 ; Retraction
G0 F7200.0 X-6.90003 Y-6.0
G1 F2400.0 E689.8123 ; Reversed Retraction
G1 F3000.0 X6.90003 Y-6.0 E690.2713
G1 F2400.0 E685.2713 ; Retraction
G0 F7200.0 X2.94447 Y-6.90003
G1 F2400.0 E690.2713 ; Reversed Retraction
G1 F3000.0 X6.90003 Y-0.0488 E690.53442
G1 F2400.0 E685.53442 ; Retraction
G0 F7200.0 X6.90003 Y0.0
G1 F2400.0 E690.53442 ; Reversed Retraction
G1 F3000.0 X-6.90003 Y0.0 E690.99341
G1 F2400.0 E685.99341 ; Retraction
G0 F7200.0 X-6.90003 Y0.0488
G1 F2400.0 E690.99341 ; Reversed Retraction
G1 F3000.0 X-2.94447 Y6.90003 E691.25654
G1 F2400.0 E686.25654 ; Retraction
G0 F7200.0 X-3.98373 Y6.90003
G1 F2400.0 E691.25654 ; Reversed Retraction
G1 F3000.0 X3.98373 Y-6.90003 E691.78654
G1 F2400.0 E686.78654 ; Retraction
G0 F7200.0 X-3.98373 Y-6.90003
G1 F2400.0 E691.78654 ; Reversed Retraction
G1 F3000.0 X3.98373 Y6.90003 E692.31653
G1 F2400.0 E687.31653 ; Retraction
G0 F7200.0 X2.94447 Y6.90003
G1 F2400.0 E692.31653 ; Reversed Retraction
G1 F3000.0 X6.90003 Y0.0488 E692.57966
G1 F2400.0 E687.57966 ; Retraction
G0 F7200.0 X6.90003 Y6.0
G1 F2400.0 E692.57966 ; Reversed Retraction
G1 F3000.0 X-6.90003 Y6.0 E693.03865
G1 F2400.0 E688.03865 ; Retraction
G0 F7200.0 X-6.90003 Y-0.0488
G1 F2400.0 E693.03865 ; Reversed Retraction
G1 F3000.0 X-2.94447 Y-6.90003 E693.30178
;Layer 92
G0 F1440.0 Z18.6
;Shell(s)
G1 F2400.0 E688.30178 ; Retraction
G0 F7200.0 X-7.3 Y-7.3
G1 F2400.0 E693.30178 ; Reversed Retraction
G1 F3000.0 X-7.3 Y7.3 E693.78737
G1 F3000.0 X7.3 Y7.3 E694.27297
G1 F3000.0 X7.3 Y-7.3 E694.75857
G1 F3000.0 X-7.3 Y-7.3 E695.24417
G1 F2400.0 E690.24417 ; Retraction
G0 F7200.0 X-6.9 Y-6.9
G1 F2400.0 E695.24417 ; Reversed Retraction
G1 F3000.0 X-6.9 Y6.9 E695.70316
G1 F3000.0 X6.9 Y6.9 E696.16215
G1 F3000.0 X6.9 Y-6.9 E696.62114
G1 F3000.0 X-6.9 Y-6.9 E697.08013
;Internal Infill
G1 F2400.0 E692.08013 ; Retraction
G0 F7200.0 X-6.90003 Y-6.0
G1 F2400.0 E697.08013 ; Reversed Retraction
G1 F3000.0 X6.90003 Y-6.0 E697.53912
G1 F2400.0 E692.53912 ; Retraction
G0 F7200.0 X2.94447 Y-6.90003
G1 F2400.0 E697.53912 ; Reversed Retraction
G1 F3000.0 X6.90003 Y-0.0488 E697.80224
G1 F2400.0 E692.80224 ; Retraction
G0 F7200.0 X6.90003 Y0.0
G1 F2400.0 E697.80224 ; Reversed Retraction
G1 F3000.0 X-6.90003 Y0.0 E698.26124
G1 F2400.0 E693.26124 ; Retraction
G0 F7200.0 X-6.90003 Y0.0488
G1 F2400.0 E698.26124 ; Reversed Retraction
G1 F3000.0 X-2.94447 Y6.90003 E698.52436
G1 F2400.0 E693.52436 ; Retraction
G0 F7200.0 X-3.98373 Y6.90003
G1 F2400.0 E698.52436 ; Reversed Retraction
G1 F3000.0 X3.98373 Y-6.90003 E699.05436
G1 F2400.0 E694.05436 ; Retraction
G0 F7200.0 X-3.98373 Y-6.90003
G1 F2400.0 E699.05436 ; Reversed Retraction
G1 F3000.0 X3.98373 Y6.90003 E699.58436
G1 F2400.0 E694.58436 ; Retraction
G0 F7200.0 X2.94447 Y6.90003
G1 F2400.0 E699.58436 ; Reversed Retraction
G1 F3000.0 X6.90003 Y0.0488 E699.84748
G1 F2400.0 E694.84748 ; Retraction
G0 F7200.0 X6.90003 Y6.0
G1 F2400.0 E699.84748 ; Reversed Retraction
G1 F3000.0 X-6.90003 Y6.0 E700.30647
G1 F2400.0 E695.30647 ; Retraction
G0 F7200.0 X-6.90003 Y-0.0488
G1 F2400.0 E700.30647 ; Reversed Retraction
G1 F3000.0 X-2.94447 Y-6.90003 E700.5696
;Layer 93
G0 F1440.0 Z18.8
;Shell(s)
G1 F2400.0 E695.5696 ; Retraction
G0 F7200.0 X-7.3 Y-7.3
G1 F2400.0 E700.5696 ; Reversed Retraction
G1 F3000.0 X-7.3 Y7.3 E701.0552
G1 F3000.0 X7.3 Y7.3 E701.54079
G1 F3000.0 X7.3 Y-7.3 E702.02639
G1 F3000.0 X-7.3 Y-7.3 E702.51199
G1 F2400.0 E697.51199 ; Retraction
G0 F7200.0 X-6.9 Y-6.9
G1 F2400.0 E702.51199 ; Reversed Retraction
G1 F3000.0 X-6.9 Y6.9 E702.97098
G1 F3000.0 X6.9 Y6.9 E703.42997
G1 F3000.0 X6.9 Y-6.9 E703.88896
G1 F3000.0 X-6.9 Y-6.9 E704.34795
;Internal Infill
G1 F2400.0 E699.34795 ; Retraction
G0 F7200.0 X-6.90003 Y-6.0
G1 F2400.0 E704.34795 ; Reversed Retraction
G1 F3000.0 X6.90003 Y-6.0 E704.80694
G1 F2400.0 E699.80694 ; Retraction
G0 F7200.0 X2.94447 Y-6.90003
G1 F2400.0 E704.80694 ; Reversed Retraction
G1 F3000.0 X6.90003 Y-0.0488 E705.07007
G1 F2400.0 E700.07007 ; Retraction
G0 F7200.0 X6.90003 Y0.0
G1 F2400.0 E705.07007 ; Reversed Retraction
G1 F3000.0 X-6.90003 Y0.0 E705.52906
G1 F2400.0 E700.52906 ; Retraction
G0 F7200.0 X-6.90003 Y0.0488
G1 F2400.0 E705.52906 ; Reversed Retraction
G1 F3000.0 X-2.94447 Y6.90003 E705.79218
G1 F2400.0 E700.79218 ; Retraction
G0 F7200.0 X-3.98373 Y6.90003
G1 F2400.0 E705.79218 ; Reversed Retraction
G1 F3000.0 X3.98373 Y-6.90003 E706.32218
G1 F2400.0 E701.32218 ; Retraction
G0 F7200.0 X-3.98373 Y-6.90003
G1 F2400.0 E706.32218 ; Reversed Retraction
G1 F3000.0 X3.98373 Y6.90003 E706.85218
G1 F2400.0 E701.85218 ; Retraction
G0 F7200.0 X2.94447 Y6.90003
G1 F2400.0 E706.85218 ; Reversed Retraction
G1 F3000.0 X6.90003 Y0.0488 E707.1153
G1 F2400.0 E702.1153 ; Retraction
G0 F7200.0 X6.90003 Y6.0
G1 F2400.0 E707.1153 ; Reversed Retraction
G1 F3000.0 X-6.90003 Y6.0 E707.5743
G1 F2400.0 E702.5743 ; Retraction
G0 F7200.0 X-6.90003 Y-0.0488
G1 F2400.0 E707.5743 ; Reversed Retraction
G1 F3000.0 X-2.94447 Y-6.90003 E707.83742
;Layer 94
G0 F1440.0 Z19.0
;Shell(s)
G1 F2400.0 E702.83742 ; Retraction
G0 F7200.0 X-7.3 Y-7.3
G1 F2400.0 E707.83742 ; Reversed Retraction
G1 F3000.0 X-7.3 Y7.3 E708.32302
G1 F3000.0 X7.3 Y7.3 E708.80862
G1 F3000.0 X7.3 Y-7.3 E709.29422
G1 F3000.0 X-7.3 Y-7.3 E709.77981
G1 F2400.0 E704.77981 ; Retraction
G0 F7200.0 X-6.9 Y-6.9
G1 F2400.0 E709.77981 ; Reversed Retraction
G1 F3000.0 X-6.9 Y6.9 E710.2388
G1 F3000.0 X6.9 Y6.9 E710.69779
G1 F3000.0 X6.9 Y-6.9 E711.15678
G1 F3000.0 X-6.9 Y-6.9 E711.61577
;Internal Infill
G1 F2400.0 E706.61577 ; Retraction
G0 F7200.0 X-6.90003 Y-6.0
G1 F2400.0 E711.61577 ; Reversed Retraction
G1 F3000.0 X6.90003 Y-6.0 E712.07476
G1 F2400.0 E707.07476 ; Retraction
G0 F7200.0 X2.94447 Y-6.90003
G1 F2400.0 E712.07476 ; Reversed Retraction
G1 F3000.0 X6.90003 Y-0.0488 E712.33789
G1 F2400.0 E707.33789 ; Retraction
G0 F7200.0 X6.90003 Y0.0
G1 F2400.0 E712.33789 ; Reversed Retraction
G1 F3000.0 X-6.90003 Y0.0 E712.79688
G1 F2400.0 E707.79688 ; Retraction
G0 F7200.0 X-6.90003 Y0.0488
G1 F2400.0 E712.79688 ; Reversed Retraction
G1 F3000.0 X-2.94447 Y6.90003 E713.06001
G1 F2400.0 E708.06001 ; Retraction
G0 F7200.0 X-3.98373 Y6.90003
G1 F2400.0 E713.06001 ; Reversed Retraction
G1 F3000.0 X3.98373 Y-6.90003 E713.59
G1 F2400.0 E708.59 ; Retraction
G0 F7200.0 X-3.98373 Y-6.90003
G1 F2400.0 E713.59 ; Reversed Retraction
G1 F3000.0 X3.98373 Y6.90003 E714.12
G1 F2400.0 E709.12 ; Retraction
G0 F7200.0 X2.94447 Y6.90003
G1 F2400.0 E714.12 ; Reversed Retraction
G1 F3000.0 X6.90003 Y0.0488 E714.38313
G1 F2400.0 E709.38313 ; Retraction
G0 F7200.0 X6.90003 Y6.0
G1 F2400.0 E714.38313 ; Reversed Retraction
G1 F3000.0 X-6.90003 Y6.0 E714.84212
G1 F2400.0 E709.84212 ; Retraction
G0 F7200.0 X-6.90003 Y-0.0488
G1 F2400.0 E714.84212 ; Reversed Retraction
G1 F3000.0 X-2.94447 Y-6.90003 E715.10524
;Layer 95
G0 F1440.0 Z19.2
;Shell(s)
G1 F2400.0 E710.10524 ; Retraction
G0 F7200.0 X-7.3 Y-7.3
G1 F2400.0 E715.10524 ; Reversed Retraction
G1 F3000.0 X-7.3 Y7.3 E715.59084
G1 F3000.0 X7.3 Y7.3 E716.07644
G1 F3000.0 X7.3 Y-7.3 E716.56204
G1 F3000.0 X-7.3 Y-7.3 E717.04764
G1 F2400.0 E712.04764 ; Retraction
G0 F7200.0 X-6.9 Y-6.9
G1 F2400.0 E717.04764 ; Reversed Retraction
G1 F3000.0 X-6.9 Y6.9 E717.50663
G1 F3000.0 X6.9 Y6.9 E717.96562
G1 F3000.0 X6.9 Y-6.9 E718.42461
G1 F3000.0 X-6.9 Y-6.9 E718.8836
;Internal Infill
G1 F2400.0 E713.8836 ; Retraction
G0 F7200.0 X-6.90003 Y-6.0
G1 F2400.0 E718.8836 ; Reversed Retraction
G1 F3000.0 X6.90003 Y-6.0 E719.34259
G1 F2400.0 E714.34259 ; Retraction
G0 F7200.0 X2.94447 Y-6.90003
G1 F2400.0 E719.34259 ; Reversed Retraction
G1 F3000.0 X6.90003 Y-0.0488 E719.60571
G1 F2400.0 E714.60571 ; Retraction
G0 F7200.0 X6.90003 Y0.0
G1 F2400.0 E719.60571 ; Reversed Retraction
G1 F3000.0 X-6.90003 Y0.0 E720.0647
G1 F2400.0 E715.0647 ; Retraction
G0 F7200.0 X-6.90003 Y0.0488
G1 F2400.0 E720.0647 ; Reversed Retraction
G1 F3000.0 X-2.94447 Y6.90003 E720.32783
G1 F2400.0 E715.32783 ; Retraction
G0 F7200.0 X-3.98373 Y6.90003
G1 F2400.0 E720.32783 ; Reversed Retraction
G1 F3000.0 X3.98373 Y-6.90003 E720.85783
G1 F2400.0 E715.85783 ; Retraction
G0 F7200.0 X-3.98373 Y-6.90003
G1 F2400.0 E720.85783 ; Reversed Retraction
G1 F3000.0 X3.98373 Y6.90003 E721.38782
G1 F2400.0 E716.38782 ; Retraction
G0 F7200.0 X2.94447 Y6.90003
G1 F2400.0 E721.38782 ; Reversed Retraction
G1 F3000.0 X6.90003 Y0.0488 E721.65095
G1 F2400.0 E716.65095 ; Retraction
G0 F7200.0 X6.90003 Y6.0
G1 F2400.0 E721.65095 ; Reversed Retraction
G1 F3000.0 X-6.90003 Y6.0 E722.10994
G1 F2400.0 E717.10994 ; Retraction
G0 F7200.0 X-6.90003 Y-0.0488
G1 F2400.0 E722.10994 ; Reversed Retraction
G1 F3000.0 X-2.94447 Y-6.90003 E722.37307
;Layer 96
G0 F1440.0 Z19.4
;Shell(s)
G1 F2400.0 E717.37307 ; Retraction
G0 F7200.0 X-7.3 Y-7.3
G1 F2400.0 E722.37307 ; Reversed Retraction
G1 F3000.0 X-7.3 Y7.3 E722.85866
G1 F3000.0 X7.3 Y7.3 E723.34426
G1 F3000.0 X7.3 Y-7.3 E723.82986
G1 F3000.0 X-7.3 Y-7.3 E724.31546
G1 F2400.0 E719.31546 ; Retraction
G0 F7200.0 X-6.9 Y-6.9
G1 F2400.0 E724.31546 ; Reversed Retraction
G1 F3000.0 X-6.9 Y6.9 E724.77445
G1 F3000.0 X6.9 Y6.9 E725.23344
G1 F3000.0 X6.9 Y-6.9 E725.69243
G1 F3000.0 X-6.9 Y-6.9 E726.15142
;Internal Infill
G1 F2400.0 E721.15142 ; Retraction
G0 F7200.0 X-6.90003 Y-6.0
G1 F2400.0 E726.15142 ; Reversed Retraction
G1 F3000.0 X6.90003 Y-6.0 E726.61041
G1 F2400.0 E721.61041 ; Retraction
G0 F7200.0 X2.94447 Y-6.90003
G1 F2400.0 E726.61041 ; Reversed Retraction
G1 F3000.0 X6.90003 Y-0.0488 E726.87353
G1 F2400.0 E721.87353 ; Retraction
G0 F7200.0 X6.90003 Y0.0
G1 F2400.0 E726.87353 ; Reversed Retraction
G1 F3000.0 X-6.90003 Y0.0 E727.33253
G1 F2400.0 E722.33253 ; Retraction
G0 F7200.0 X-6.90003 Y0.0488
G1 F2400.0 E727.33253 ; Reversed Retraction
G1 F3000.0 X-2.94447 Y6.90003 E727.59565
G1 F2400.0 E722.59565 ; Retraction
G0 F7200.0 X-3.98373 Y6.90003
G1 F2400.0 E727.59565 ; Reversed Retraction
G1 F3000.0 X3.98373 Y-6.90003 E728.12565
G1 F2400.0 E723.12565 ; Retraction
G0 F7200.0 X-3.98373 Y-6.90003
G1 F2400.0 E728.12565 ; Reversed Retraction
G1 F3000.0 X3.98373 Y6.90003 E728.65565
G1 F2400.0 E723.65565 ; Retraction
G0 F7200.0 X2.94447 Y6.90003
G1 F2400.0 E728.65565 ; Reversed Retraction
G1 F3000.0 X6.90003 Y0.0488 E728.91877
G1 F2400.0 E723.91877 ; Retraction
G0 F7200.0 X6.90003 Y6.0
G1 F2400.0 E728.91877 ; Reversed Retraction
G1 F3000.0 X-6.90003 Y6.0 E729.37776
G1 F2400.0 E724.37776 ; Retraction
G0 F7200.0 X-6.90003 Y-0.0488
G1 F2400.0 E729.37776 ; Reversed Retraction
G1 F3000.0 X-2.94447 Y-6.90003 E729.64089
;Layer 97
G0 F1440.0 Z19.6
;Shell(s)
G1 F2400.0 E724.64089 ; Retraction
G0 F7200.0 X-7.3 Y-7.3
G1 F2400.0 E729.64089 ; Reversed Retraction
G1 F3000.0 X-7.3 Y7.3 E730.12649
G1 F3000.0 X7.3 Y7.3 E730.61208
G1 F3000.0 X7.3 Y-7.3 E731.09768
G1 F3000.0 X-7.3 Y-7.3 E731.58328
G1 F2400.0 E726.58328 ; Retraction
G0 F7200.0 X-6.9 Y-6.9
G1 F2400.0 E731.58328 ; Reversed Retraction
G1 F3000.0 X-6.9 Y6.9 E732.04227
G1 F3000.0 X6.9 Y6.9 E732.50126
G1 F3000.0 X6.9 Y-6.9 E732.96025
G1 F3000.0 X-6.9 Y-6.9 E733.41924
;Internal Infill
G1 F2400.0 E728.41924 ; Retraction
G0 F7200.0 X-6.90003 Y-6.0
G1 F2400.0 E733.41924 ; Reversed Retraction
G1 F3000.0 X6.90003 Y-6.0 E733.87823
G1 F2400.0 E728.87823 ; Retraction
G0 F7200.0 X2.94447 Y-6.90003
G1 F2400.0 E733.87823 ; Reversed Retraction
G1 F3000.0 X6.90003 Y-0.0488 E734.14136
G1 F2400.0 E729.14136 ; Retraction
G0 F7200.0 X6.90003 Y0.0
G1 F2400.0 E734.14136 ; Reversed Retraction
G1 F3000.0 X-6.90003 Y0.0 E734.60035
G1 F2400.0 E729.60035 ; Retraction
G0 F7200.0 X-6.90003 Y0.0488
G1 F2400.0 E734.60035 ; Reversed Retraction
G1 F3000.0 X-2.94447 Y6.90003 E734.86347
G1 F2400.0 E729.86347 ; Retraction
G0 F7200.0 X-3.98373 Y6.90003
G1 F2400.0 E734.86347 ; Reversed Retraction
G1 F3000.0 X3.98373 Y-6.90003 E735.39347
G1 F2400.0 E730.39347 ; Retraction
G0 F7200.0 X-3.98373 Y-6.90003
G1 F2400.0 E735.39347 ; Reversed Retraction
G1 F3000.0 X3.98373 Y6.90003 E735.92347
G1 F2400.0 E730.92347 ; Retraction
G0 F7200.0 X2.94447 Y6.90003
G1 F2400.0 E735.92347 ; Reversed Retraction
G1 F3000.0 X6.90003 Y0.0488 E736.18659
G1 F2400.0 E731.18659 ; Retraction
G0 F7200.0 X6.90003 Y6.0
G1 F2400.0 E736.18659 ; Reversed Retraction
G1 F3000.0 X-6.90003 Y6.0 E736.64559
G1 F2400.0 E731.64559 ; Retraction
G0 F7200.0 X-6.90003 Y-0.0488
G1 F2400.0 E736.64559 ; Reversed Retraction
G1 F3000.0 X-2.94447 Y-6.90003 E736.90871
;Layer 98
G0 F1440.0 Z19.8
;Shell(s)
G1 F2400.0 E731.90871 ; Retraction
G0 F7200.0 X-7.3 Y-7.3
G1 F2400.0 E736.90871 ; Reversed Retraction
G1 F3000.0 X-7.3 Y7.3 E737.39431
G1 F3000.0 X7.3 Y7.3 E737.87991
G1 F3000.0 X7.3 Y-7.3 E738.36551
G1 F3000.0 X-7.3 Y-7.3 E738.8511
G1 F2400.0 E733.8511 ; Retraction
G0 F7200.0 X-6.9 Y-6.9
G1 F2400.0 E738.8511 ; Reversed Retraction
G1 F3000.0 X-6.9 Y6.9 E739.31009
G1 F3000.0 X6.9 Y6.9 E739.76908
G1 F3000.0 X6.9 Y-6.9 E740.22807
G1 F3000.0 X-6.9 Y-6.9 E740.68706
;Internal Infill
G1 F2400.0 E735.68706 ; Retraction
G0 F7200.0 X-6.90003 Y-6.0
G1 F2400.0 E740.68706 ; Reversed Retraction
G1 F3000.0 X6.90003 Y-6.0 E741.14605
G1 F2400.0 E736.14605 ; Retraction
G0 F7200.0 X2.94447 Y-6.90003
G1 F2400.0 E741.14605 ; Reversed Retraction
G1 F3000.0 X6.90003 Y-0.0488 E741.40918
G1 F2400.0 E736.40918 ; Retraction
G0 F7200.0 X6.90003 Y0.0
G1 F2400.0 E741.40918 ; Reversed Retraction
G1 F3000.0 X-6.90003 Y0.0 E741.86817
G1 F2400.0 E736.86817 ; Retraction
G0 F7200.0 X-6.90003 Y0.0488
G1 F2400.0 E741.86817 ; Reversed Retraction
G1 F3000.0 X-2.94447 Y6.90003 E742.1313
G1 F2400.0 E737.1313 ; Retraction
G0 F7200.0 X-3.98373 Y6.90003
G1 F2400.0 E742.1313 ; Reversed Retraction
G1 F3000.0 X3.98373 Y-6.90003 E742.66129
G1 F2400.0 E737.66129 ; Retraction
G0 F7200.0 X-3.98373 Y-6.90003
G1 F2400.0 E742.66129 ; Reversed Retraction
G1 F3000.0 X3.98373 Y6.90003 E743.19129
G1 F2400.0 E738.19129 ; Retraction
G0 F7200.0 X2.94447 Y6.90003
G1 F2400.0 E743.19129 ; Reversed Retraction
G1 F3000.0 X6.90003 Y0.0488 E743.45442
G1 F2400.0 E738.45442 ; Retraction
G0 F7200.0 X6.90003 Y6.0
G1 F2400.0 E743.45442 ; Reversed Retraction
G1 F3000.0 X-6.90003 Y6.0 E743.91341
G1 F2400.0 E738.91341 ; Retraction
G0 F7200.0 X-6.90003 Y-0.0488
G1 F2400.0 E743.91341 ; Reversed Retraction
G1 F3000.0 X-2.94447 Y-6.90003 E744.17653
;Layer 99
G0 F1440.0 Z20.0
;Shell(s)
G1 F2400.0 E739.17653 ; Retraction
G0 F7200.0 X-7.3 Y-7.3
G1 F2400.0 E744.17653 ; Reversed Retraction
G1 F3000.0 X-7.3 Y7.3 E744.66213
G1 F3000.0 X7.3 Y7.3 E745.14773
G1 F3000.0 X7.3 Y-7.3 E745.63333
G1 F3000.0 X-7.3 Y-7.3 E746.11893
G1 F2400.0 E741.11893 ; Retraction
G0 F7200.0 X-6.9 Y-6.9
G1 F2400.0 E746.11893 ; Reversed Retraction
G1 F3000.0 X-6.9 Y6.9 E746.57792
G1 F3000.0 X6.9 Y6.9 E747.03691
G1 F3000.0 X6.9 Y-6.9 E747.4959
G1 F3000.0 X-6.9 Y-6.9 E747.95489
;Internal Infill
G1 F2400.0 E742.95489 ; Retraction
G0 F7200.0 X-6.90003 Y-6.0
G1 F2400.0 E747.95489 ; Reversed Retraction
G1 F3000.0 X6.90003 Y-6.0 E748.41388
G1 F2400.0 E743.41388 ; Retraction
G0 F7200.0 X2.94447 Y-6.90003
G1 F2400.0 E748.41388 ; Reversed Retraction
G1 F3000.0 X6.90003 Y-0.0488 E748.677
G1 F2400.0 E743.677 ; Retraction
G0 F7200.0 X6.90003 Y0.0
G1 F2400.0 E748.677 ; Reversed Retraction
G1 F3000.0 X-6.90003 Y0.0 E749.13599
G1 F2400.0 E744.13599 ; Retraction
G0 F7200.0 X-6.90003 Y0.0488
G1 F2400.0 E749.13599 ; Reversed Retraction
G1 F3000.0 X-2.94447 Y6.90003 E749.39912
G1 F2400.0 E744.39912 ; Retraction
G0 F7200.0 X-3.98373 Y6.90003
G1 F2400.0 E749.39912 ; Reversed Retraction
G1 F3000.0 X3.98373 Y-6.90003 E749.92912
G1 F2400.0 E744.92912 ; Retraction
G0 F7200.0 X-3.98373 Y-6.90003
G1 F2400.0 E749.92912 ; Reversed Retraction
G1 F3000.0 X3.98373 Y6.90003 E750.45911
G1 F2400.0 E745.45911 ; Retraction
G0 F7200.0 X2.94447 Y6.90003
G1 F2400.0 E750.45911 ; Reversed Retraction
G1 F3000.0 X6.90003 Y0.0488 E750.72224
G1 F2400.0 E745.72224 ; Retraction
G0 F7200.0 X6.90003 Y6.0
G1 F2400.0 E750.72224 ; Reversed Retraction
G1 F3000.0 X-6.90003 Y6.0 E751.18123
G1 F2400.0 E746.18123 ; Retraction
G0 F7200.0 X-6.90003 Y-0.0488
G1 F2400.0 E751.18123 ; Reversed Retraction
G1 F3000.0 X-2.94447 Y-6.90003 E751.44436
;Layer 100
G0 F1440.0 Z20.2
;Shell(s)
G1 F2400.0 E746.44436 ; Retraction
G0 F7200.0 X-7.3 Y-7.3
G1 F2400.0 E751.44436 ; Reversed Retraction
G1 F3000.0 X-7.3 Y7.3 E751.92995
G1 F3000.0 X7.3 Y7.3 E752.41555
G1 F3000.0 X7.3 Y-7.3 E752.90115
G1 F3000.0 X-7.3 Y-7.3 E753.38675
G1 F2400.0 E748.38675 ; Retraction
G0 F7200.0 X-6.9 Y-6.9
G1 F2400.0 E753.38675 ; Reversed Retraction
G1 F3000.0 X-6.9 Y6.9 E753.84574
G1 F3000.0 X6.9 Y6.9 E754.30473
G1 F3000.0 X6.9 Y-6.9 E754.76372
G1 F3000.0 X-6.9 Y-6.9 E755.22271
;Internal Infill
G1 F2400.0 E750.22271 ; Retraction
G0 F7200.0 X-6.90003 Y-6.0
G1 F2400.0 E755.22271 ; Reversed Retraction
G1 F3000.0 X6.90003 Y-6.0 E755.6817
G1 F2400.0 E750.6817 ; Retraction
G0 F7200.0 X2.94447 Y-6.90003
G1 F2400.0 E755.6817 ; Reversed Retraction
G1 F3000.0 X6.90003 Y-0.0488 E755.94482
G1 F2400.0 E750.94482 ; Retraction
G0 F7200.0 X6.90003 Y0.0
G1 F2400.0 E755.94482 ; Reversed Retraction
G1 F3000.0 X-6.90003 Y0.0 E756.40382
G1 F2400.0 E751.40382 ; Retraction
G0 F7200.0 X-6.90003 Y0.0488
G1 F2400.0 E756.40382 ; Reversed Retraction
G1 F3000.0 X-2.94447 Y6.90003 E756.66694
G1 F2400.0 E751.66694 ; Retraction
G0 F7200.0 X-3.98373 Y6.90003
G1 F2400.0 E756.66694 ; Reversed Retraction
G1 F3000.0 X3.98373 Y-6.90003 E757.19694
G1 F2400.0 E752.19694 ; Retraction
G0 F7200.0 X-3.98373 Y-6.90003
G1 F2400.0 E757.19694 ; Reversed Retraction
G1 F3000.0 X3.98373 Y6.90003 E757.72694
G1 F2400.0 E752.72694 ; Retraction
G0 F7200.0 X2.94447 Y6.90003
G1 F2400.0 E757.72694 ; Reversed Retraction
G1 F3000.0 X6.90003 Y0.0488 E757.99006
G1 F2400.0 E752.99006 ; Retraction
G0 F7200.0 X6.90003 Y6.0
G1 F2400.0 E757.99006 ; Reversed Retraction
G1 F3000.0 X-6.90003 Y6.0 E758.44905
G1 F2400.0 E753.44905 ; Retraction
G0 F7200.0 X-6.90003 Y-0.0488
G1 F2400.0 E758.44905 ; Reversed Retraction
G1 F3000.0 X-2.94447 Y-6.90003 E758.71218
;Layer 101
G0 F1440.0 Z20.4
;Shell(s)
G1 F2400.0 E753.71218 ; Retraction
G0 F7200.0 X-7.3 Y-7.3
G1 F2400.0 E758.71218 ; Reversed Retraction
G1 F3000.0 X-7.3 Y7.3 E759.19778
G1 F3000.0 X7.3 Y7.3 E759.68337
G1 F3000.0 X7.3 Y-7.3 E760.16897
G1 F3000.0 X-7.3 Y-7.3 E760.65457
G1 F2400.0 E755.65457 ; Retraction
G0 F7200.0 X-6.9 Y-6.9
G1 F2400.0 E760.65457 ; Reversed Retraction
G1 F3000.0 X-6.9 Y6.9 E761.11356
G1 F3000.0 X6.9 Y6.9 E761.57255
G1 F3000.0 X6.9 Y-6.9 E762.03154
G1 F3000.0 X-6.9 Y-6.9 E762.49053
;Internal Infill
G1 F2400.0 E757.49053 ; Retraction
G0 F7200.0 X-6.90004 Y-6.0
G1 F2400.0 E762.49053 ; Reversed Retraction
G1 F3000.0 X6.7 Y-6.0 E762.94287
G1 F2400.0 E757.94287 ; Retraction
G0 F7200.0 X2.94446 Y-6.90004
G1 F2400.0 E762.94287 ; Reversed Retraction
G1 F3000.0 X6.7 Y-0.39526 E763.19269
G1 F2400.0 E758.19269 ; Retraction
G0 F7200.0 X6.7 Y0.0
G1 F2400.0 E763.19269 ; Reversed Retraction
G1 F3000.0 X-6.90004 Y0.0 E763.64503
G1 F2400.0 E758.64503 ; Retraction
G0 F7200.0 X-6.90004 Y-0.04878
G1 F2400.0 E763.64503 ; Reversed Retraction
G1 F3000.0 X-2.94446 Y-6.90004 E763.90815
G1 F2400.0 E758.90815 ; Retraction
G0 F7200.0 X-3.98374 Y-6.90004
G1 F2400.0 E763.90815 ; Reversed Retraction
G1 F3000.0 X3.98374 Y6.90004 E764.43815
G1 F2400.0 E759.43815 ; Retraction
G0 F7200.0 X2.94446 Y6.90004
G1 F2400.0 E764.43815 ; Reversed Retraction
G1 F3000.0 X6.7 Y0.39526 E764.68797
G1 F2400.0 E759.68797 ; Retraction
G0 F7200.0 X6.7 Y6.0
G1 F2400.0 E764.68797 ; Reversed Retraction
G1 F3000.0 X-6.90004 Y6.0 E765.14031
G1 F2400.0 E760.14031 ; Retraction
G0 F7200.0 X-2.94446 Y6.90004
G1 F2400.0 E765.14031 ; Reversed Retraction
G1 F3000.0 X-6.90004 Y0.04878 E765.40344
G1 F2400.0 E760.40344 ; Retraction
G0 F7200.0 X-3.98374 Y6.90004
G1 F2400.0 E765.40344 ; Reversed Retraction
G1 F3000.0 X3.98374 Y-6.90004 E765.93344
;Layer 102
G0 F1440.0 Z20.6
;Shell(s)
G1 F2400.0 E760.93344 ; Retraction
G0 F7200.0 X-7.3 Y-7.3
G1 F2400.0 E765.93344 ; Reversed Retraction
G1 F3000.0 X-7.3 Y7.3 E766.41903
G1 F3000.0 X7.3 Y7.3 E766.90463
G1 F3000.0 X7.3 Y-7.3 E767.39023
G1 F3000.0 X-7.3 Y-7.3 E767.87583
G1 F2400.0 E762.87583 ; Retraction
G0 F7200.0 X-6.9 Y-6.9
G1 F2400.0 E767.87583 ; Reversed Retraction
G1 F3000.0 X-6.9 Y6.9 E768.33482
G1 F3000.0 X6.9 Y6.9 E768.79381
G1 F3000.0 X6.9 Y-6.9 E769.2528
G1 F3000.0 X-6.9 Y-6.9 E769.71179
;Internal Infill
G1 F2400.0 E764.71179 ; Retraction
G0 F7200.0 X-6.90004 Y-6.0
G1 F2400.0 E769.71179 ; Reversed Retraction
G1 F3000.0 X6.5 Y-6.0 E770.15747
G1 F2400.0 E765.15747 ; Retraction
G0 F7200.0 X2.94446 Y-6.90004
G1 F2400.0 E770.15747 ; Reversed Retraction
G1 F3000.0 X6.5 Y-0.74167 E770.39399
G1 F2400.0 E765.39399 ; Retraction
G0 F7200.0 X6.5 Y0.0
G1 F2400.0 E770.39399 ; Reversed Retraction
G1 F3000.0 X-6.90004 Y0.0 E770.83968
G1 F2400.0 E765.83968 ; Retraction
G0 F7200.0 X-6.90004 Y-0.04878
G1 F2400.0 E770.83968 ; Reversed Retraction
G1 F3000.0 X-2.94446 Y-6.90004 E771.1028
G1 F2400.0 E766.1028 ; Retraction
G0 F7200.0 X-3.98374 Y-6.90004
G1 F2400.0 E771.1028 ; Reversed Retraction
G1 F3000.0 X3.98374 Y6.90004 E771.6328
G1 F2400.0 E766.6328 ; Retraction
G0 F7200.0 X2.94446 Y6.90004
G1 F2400.0 E771.6328 ; Reversed Retraction
G1 F3000.0 X6.5 Y0.74167 E771.86932
G1 F2400.0 E766.86932 ; Retraction
G0 F7200.0 X6.5 Y6.0
G1 F2400.0 E771.86932 ; Reversed Retraction
G1 F3000.0 X-6.90004 Y6.0 E772.315
G1 F2400.0 E767.315 ; Retraction
G0 F7200.0 X-2.94446 Y6.90004
G1 F2400.0 E772.315 ; Reversed Retraction
G1 F3000.0 X-6.90004 Y0.04878 E772.57813
G1 F2400.0 E767.57813 ; Retraction
G0 F7200.0 X-3.98374 Y6.90004
G1 F2400.0 E772.57813 ; Reversed Retraction
G1 F3000.0 X3.98374 Y-6.90004 E773.10813
;Layer 103
G0 F1440.0 Z20.8
;Shell(s)
G1 F2400.0 E768.10813 ; Retraction
G0 F7200.0 X-7.3 Y-7.3
G1 F2400.0 E773.10813 ; Reversed Retraction
G1 F3000.0 X-7.3 Y7.3 E773.59373
G1 F3000.0 X7.1 Y7.3 E774.07267
G1 F3000.0 X7.1 Y-7.3 E774.55827
G1 F3000.0 X-7.3 Y-7.3 E775.03722
G1 F2400.0 E770.03722 ; Retraction
G0 F7200.0 X-6.9 Y-6.9
G1 F2400.0 E775.03722 ; Reversed Retraction
G1 F3000.0 X-6.9 Y6.9 E775.49621
G1 F3000.0 X6.7 Y6.9 E775.94855
G1 F3000.0 X6.7 Y-6.9 E776.40754
G1 F3000.0 X-6.9 Y-6.9 E776.85987
;Internal Infill
G1 F2400.0 E771.85987 ; Retraction
G0 F7200.0 X-6.90004 Y-6.0
G1 F2400.0 E776.85987 ; Reversed Retraction
G1 F3000.0 X6.3 Y-6.0 E777.29891
G1 F2400.0 E772.29891 ; Retraction
G0 F7200.0 X2.94446 Y-6.90004
G1 F2400.0 E777.29891 ; Reversed Retraction
G1 F3000.0 X6.3 Y-1.08808 E777.52212
G1 F2400.0 E772.52212 ; Retraction
G0 F7200.0 X6.3 Y0.0
G1 F2400.0 E777.52212 ; Reversed Retraction
G1 F3000.0 X-6.90004 Y0.0 E777.96115
G1 F2400.0 E772.96115 ; Retraction
G0 F7200.0 X-6.90004 Y-0.04878
G1 F2400.0 E777.96115 ; Reversed Retraction
G1 F3000.0 X-2.94446 Y-6.90004 E778.22428
G1 F2400.0 E773.22428 ; Retraction
G0 F7200.0 X-3.98374 Y-6.90004
G1 F2400.0 E778.22428 ; Reversed Retraction
G1 F3000.0 X3.98374 Y6.90004 E778.75428
G1 F2400.0 E773.75428 ; Retraction
G0 F7200.0 X2.94446 Y6.90004
G1 F2400.0 E778.75428 ; Reversed Retraction
G1 F3000.0 X6.3 Y1.08808 E778.97749
G1 F2400.0 E773.97749 ; Retraction
G0 F7200.0 X6.3 Y6.0
G1 F2400.0 E778.97749 ; Reversed Retraction
G1 F3000.0 X-6.90004 Y6.0 E779.41653
G1 F2400.0 E774.41653 ; Retraction
G0 F7200.0 X-2.94446 Y6.90004
G1 F2400.0 E779.41653 ; Reversed Retraction
G1 F3000.0 X-6.90004 Y0.04878 E779.67965
G1 F2400.0 E774.67965 ; Retraction
G0 F7200.0 X-3.98374 Y6.90004
G1 F2400.0 E779.67965 ; Reversed Retraction
G1 F3000.0 X3.98374 Y-6.90004 E780.20965
;Layer 104
G0 F1440.0 Z21.0
;Shell(s)
G1 F2400.0 E775.20965 ; Retraction
G0 F7200.0 X-7.3 Y-7.3
G1 F2400.0 E780.20965 ; Reversed Retraction
G1 F3000.0 X-7.3 Y7.3 E780.69525
G1 F3000.0 X6.9 Y7.3 E781.16754
G1 F3000.0 X6.9 Y-7.3 E781.65314
G1 F3000.0 X-7.3 Y-7.3 E782.12543
G1 F2400.0 E777.12543 ; Retraction
G0 F7200.0 X-6.9 Y-6.9
G1 F2400.0 E782.12543 ; Reversed Retraction
G1 F3000.0 X-6.9 Y6.9 E782.58442
G1 F3000.0 X6.5 Y6.9 E783.03011
G1 F3000.0 X6.5 Y-6.9 E783.4891
G1 F3000.0 X-6.9 Y-6.9 E783.93479
;Internal Infill
G1 F2400.0 E778.93479 ; Retraction
G0 F7200.0 X-6.90004 Y-6.0
G1 F2400.0 E783.93479 ; Reversed Retraction
G1 F3000.0 X6.1 Y-6.0 E784.36717
G1 F2400.0 E779.36717 ; Retraction
G0 F7200.0 X2.94446 Y-6.90004
G1 F2400.0 E784.36717 ; Reversed Retraction
G1 F3000.0 X6.1 Y-1.43449 E784.57708
G1 F2400.0 E779.57708 ; Retraction
G0 F7200.0 X6.1 Y0.0
G1 F2400.0 E784.57708 ; Reversed Retraction
G1 F3000.0 X-6.90004 Y0.0 E785.00946
G1 F2400.0 E780.00946 ; Retraction
G0 F7200.0 X-6.90004 Y-0.04878
G1 F2400.0 E785.00946 ; Reversed Retraction
G1 F3000.0 X-2.94446 Y-6.90004 E785.27259
G1 F2400.0 E780.27259 ; Retraction
G0 F7200.0 X-3.98374 Y-6.90004
G1 F2400.0 E785.27259 ; Reversed Retraction
G1 F3000.0 X3.98374 Y6.90004 E785.80258
G1 F2400.0 E780.80258 ; Retraction
G0 F7200.0 X2.94446 Y6.90004
G1 F2400.0 E785.80258 ; Reversed Retraction
G1 F3000.0 X6.1 Y1.43449 E786.01249
G1 F2400.0 E781.01249 ; Retraction
G0 F7200.0 X6.1 Y6.0
G1 F2400.0 E786.01249 ; Reversed Retraction
G1 F3000.0 X-6.90004 Y6.0 E786.44487
G1 F2400.0 E781.44487 ; Retraction
G0 F7200.0 X-2.94446 Y6.90004
G1 F2400.0 E786.44487 ; Reversed Retraction
G1 F3000.0 X-6.90004 Y0.04878 E786.708
G1 F2400.0 E781.708 ; Retraction
G0 F7200.0 X-3.98374 Y6.90004
G1 F2400.0 E786.708 ; Reversed Retraction
G1 F3000.0 X3.98374 Y-6.90004 E787.238
;Layer 105
G0 F1440.0 Z21.2
;Shell(s)
G1 F2400.0 E782.238 ; Retraction
G0 F7200.0 X-7.3 Y-7.3
G1 F2400.0 E787.238 ; Reversed Retraction
G1 F3000.0 X-7.3 Y7.3 E787.7236
G1 F3000.0 X6.7 Y7.3 E788.18924
G1 F3000.0 X6.7 Y-7.3 E788.67484
G1 F3000.0 X-7.3 Y-7.3 E789.14048
G1 F2400.0 E784.14048 ; Retraction
G0 F7200.0 X-6.9 Y-6.9
G1 F2400.0 E789.14048 ; Reversed Retraction
G1 F3000.0 X-6.9 Y6.9 E789.59947
G1 F3000.0 X6.3 Y6.9 E790.0385
G1 F3000.0 X6.3 Y-6.9 E790.49749
G1 F3000.0 X-6.9 Y-6.9 E790.93653
;Internal Infill
G1 F2400.0 E785.93653 ; Retraction
G0 F7200.0 X-6.90004 Y-6.0
G1 F2400.0 E790.93653 ; Reversed Retraction
G1 F3000.0 X5.9 Y-6.0 E791.36226
G1 F2400.0 E786.36226 ; Retraction
G0 F7200.0 X2.94446 Y-6.90004
G1 F2400.0 E791.36226 ; Reversed Retraction
G1 F3000.0 X5.9 Y-1.7809 E791.55886
G1 F2400.0 E786.55886 ; Retraction
G0 F7200.0 X5.9 Y0.0
G1 F2400.0 E791.55886 ; Reversed Retraction
G1 F3000.0 X-6.90004 Y0.0 E791.98459
G1 F2400.0 E786.98459 ; Retraction
G0 F7200.0 X-6.90004 Y-0.04878
G1 F2400.0 E791.98459 ; Reversed Retraction
G1 F3000.0 X-2.94446 Y-6.90004 E792.24772
G1 F2400.0 E787.24772 ; Retraction
G0 F7200.0 X-3.98374 Y-6.90004
G1 F2400.0 E792.24772 ; Reversed Retraction
G1 F3000.0 X3.98374 Y6.90004 E792.77772
G1 F2400.0 E787.77772 ; Retraction
G0 F7200.0 X2.94446 Y6.90004
G1 F2400.0 E792.77772 ; Reversed Retraction
G1 F3000.0 X5.9 Y1.7809 E792.97432
G1 F2400.0 E787.97432 ; Retraction
G0 F7200.0 X5.9 Y6.0
G1 F2400.0 E792.97432 ; Reversed Retraction
G1 F3000.0 X-6.90004 Y6.0 E793.40005
G1 F2400.0 E788.40005 ; Retraction
G0 F7200.0 X-2.94446 Y6.90004
G1 F2400.0 E793.40005 ; Reversed Retraction
G1 F3000.0 X-6.90004 Y0.04878 E793.66318
G1 F2400.0 E788.66318 ; Retraction
G0 F7200.0 X-3.98374 Y6.90004
G1 F2400.0 E793.66318 ; Reversed Retraction
G1 F3000.0 X3.98374 Y-6.90004 E794.19318
;Layer 106
G0 F1440.0 Z21.4
;Shell(s)
G1 F2400.0 E789.19318 ; Retraction
G0 F7200.0 X-7.3 Y-7.3
G1 F2400.0 E794.19318 ; Reversed Retraction
G1 F3000.0 X-7.3 Y7.3 E794.67877
G1 F3000.0 X6.5 Y7.3 E795.13776
G1 F3000.0 X6.5 Y-7.3 E795.62336
G1 F3000.0 X-7.3 Y-7.3 E796.08235
G1 F2400.0 E791.08235 ; Retraction
G0 F7200.0 X-6.9 Y-6.9
G1 F2400.0 E796.08235 ; Reversed Retraction
G1 F3000.0 X-6.9 Y6.9 E796.54134
G1 F3000.0 X6.1 Y6.9 E796.97372
G1 F3000.0 X6.1 Y-6.9 E797.43271
G1 F3000.0 X-6.9 Y-6.9 E797.8651
;Internal Infill
G1 F2400.0 E792.8651 ; Retraction
G0 F7200.0 X-6.90004 Y-6.0
G1 F2400.0 E797.8651 ; Reversed Retraction
G1 F3000.0 X5.7 Y-6.0 E798.28417
G1 F2400.0 E793.28417 ; Retraction
G0 F7200.0 X2.94446 Y-6.90004
G1 F2400.0 E798.28417 ; Reversed Retraction
G1 F3000.0 X5.7 Y-2.12731 E798.46747
G1 F2400.0 E793.46747 ; Retraction
G0 F7200.0 X5.7 Y0.0
G1 F2400.0 E798.46747 ; Reversed Retraction
G1 F3000.0 X-6.90004 Y0.0 E798.88655
G1 F2400.0 E793.88655 ; Retraction
G0 F7200.0 X-6.90004 Y-0.04878
G1 F2400.0 E798.88655 ; Reversed Retraction
G1 F3000.0 X-2.94446 Y-6.90004 E799.14968
G1 F2400.0 E794.14968 ; Retraction
G0 F7200.0 X-3.98374 Y-6.90004
G1 F2400.0 E799.14968 ; Reversed Retraction
G1 F3000.0 X3.98374 Y6.90004 E799.67968
G1 F2400.0 E794.67968 ; Retraction
G0 F7200.0 X2.94446 Y6.90004
G1 F2400.0 E799.67968 ; Reversed Retraction
G1 F3000.0 X5.7 Y2.12731 E799.86298
G1 F2400.0 E794.86298 ; Retraction
G0 F7200.0 X5.7 Y6.0
G1 F2400.0 E799.86298 ; Reversed Retraction
G1 F3000.0 X-6.90004 Y6.0 E800.28206
G1 F2400.0 E795.28206 ; Retraction
G0 F7200.0 X-2.94446 Y6.90004
G1 F2400.0 E800.28206 ; Reversed Retraction
G1 F3000.0 X-6.90004 Y0.04878 E800.54518
G1 F2400.0 E795.54518 ; Retraction
G0 F7200.0 X-3.98374 Y6.90004
G1 F2400.0 E800.54518 ; Reversed Retraction
G1 F3000.0 X3.98374 Y-6.90004 E801.07518
;Layer 107
G0 F1440.0 Z21.6
;Shell(s)
G1 F2400.0 E796.07518 ; Retraction
G0 F7200.0 X-7.3 Y-7.3
G1 F2400.0 E801.07518 ; Reversed Retraction
G1 F3000.0 X-7.3 Y7.3 E801.56078
G1 F3000.0 X6.3 Y7.3 E802.01312
G1 F3000.0 X6.3 Y-7.3 E802.49871
G1 F3000.0 X-7.3 Y-7.3 E802.95105
G1 F2400.0 E797.95105 ; Retraction
G0 F7200.0 X-6.9 Y-6.9
G1 F2400.0 E802.95105 ; Reversed Retraction
G1 F3000.0 X-6.9 Y6.9 E803.41004
G1 F3000.0 X5.9 Y6.9 E803.83577
G1 F3000.0 X5.9 Y-6.9 E804.29476
G1 F3000.0 X-6.9 Y-6.9 E804.72049
;Internal Infill
G1 F2400.0 E799.72049 ; Retraction
G0 F7200.0 X-6.90004 Y-6.0
G1 F2400.0 E804.72049 ; Reversed Retraction
G1 F3000.0 X5.5 Y-6.0 E805.13292
G1 F2400.0 E800.13292 ; Retraction
G0 F7200.0 X2.94446 Y-6.90004
G1 F2400.0 E805.13292 ; Reversed Retraction
G1 F3000.0 X5.5 Y-2.47372 E805.30291
G1 F2400.0 E800.30291 ; Retraction
G0 F7200.0 X5.5 Y0.0
G1 F2400.0 E805.30291 ; Reversed Retraction
G1 F3000.0 X-6.90004 Y0.0 E805.71534
G1 F2400.0 E800.71534 ; Retraction
G0 F7200.0 X-6.90004 Y-0.04878
G1 F2400.0 E805.71534 ; Reversed Retraction
G1 F3000.0 X-2.94446 Y-6.90004 E805.97847
G1 F2400.0 E800.97847 ; Retraction
G0 F7200.0 X-3.98374 Y-6.90004
G1 F2400.0 E805.97847 ; Reversed Retraction
G1 F3000.0 X3.98374 Y6.90004 E806.50847
G1 F2400.0 E801.50847 ; Retraction
G0 F7200.0 X2.94446 Y6.90004
G1 F2400.0 E806.50847 ; Reversed Retraction
G1 F3000.0 X5.5 Y2.47372 E806.67846
G1 F2400.0 E801.67846 ; Retraction
G0 F7200.0 X5.5 Y6.0
G1 F2400.0 E806.67846 ; Reversed Retraction
G1 F3000.0 X-6.90004 Y6.0 E807.09089
G1 F2400.0 E802.09089 ; Retraction
G0 F7200.0 X-2.94446 Y6.90004
G1 F2400.0 E807.09089 ; Reversed Retraction
G1 F3000.0 X-6.90004 Y0.04878 E807.35401
G1 F2400.0 E802.35401 ; Retraction
G0 F7200.0 X-3.98374 Y6.90004
G1 F2400.0 E807.35401 ; Reversed Retraction
G1 F3000.0 X3.98374 Y-6.90004 E807.88401
;Layer 108
G0 F1440.0 Z21.8
;Shell(s)
G1 F2400.0 E802.88401 ; Retraction
G0 F7200.0 X-7.3 Y-7.3
G1 F2400.0 E807.88401 ; Reversed Retraction
G1 F3000.0 X-7.3 Y7.3 E808.36961
G1 F3000.0 X6.1 Y7.3 E808.8153
G1 F3000.0 X6.1 Y-7.3 E809.30089
G1 F3000.0 X-7.3 Y-7.3 E809.74658
G1 F2400.0 E804.74658 ; Retraction
G0 F7200.0 X-6.9 Y-6.9
G1 F2400.0 E809.74658 ; Reversed Retraction
G1 F3000.0 X-6.9 Y6.9 E810.20557
G1 F3000.0 X5.7 Y6.9 E810.62465
G1 F3000.0 X5.7 Y-6.9 E811.08364
G1 F3000.0 X-6.9 Y-6.9 E811.50272
;Internal Infill
G1 F2400.0 E806.50272 ; Retraction
G0 F7200.0 X-6.90004 Y-6.0
G1 F2400.0 E811.50272 ; Reversed Retraction
G1 F3000.0 X5.3 Y-6.0 E811.90849
G1 F2400.0 E806.90849 ; Retraction
G0 F7200.0 X2.94446 Y-6.90004
G1 F2400.0 E811.90849 ; Reversed Retraction
G1 F3000.0 X5.3 Y-2.82013 E812.06518
G1 F2400.0 E807.06518 ; Retraction
G0 F7200.0 X5.3 Y0.0
G1 F2400.0 E812.06518 ; Reversed Retraction
G1 F3000.0 X-6.90004 Y0.0 E812.47096
G1 F2400.0 E807.47096 ; Retraction
G0 F7200.0 X-6.90004 Y-0.04878
G1 F2400.0 E812.47096 ; Reversed Retraction
G1 F3000.0 X-2.94446 Y-6.90004 E812.73408
G1 F2400.0 E807.73408 ; Retraction
G0 F7200.0 X-3.98374 Y-6.90004
G1 F2400.0 E812.73408 ; Reversed Retraction
G1 F3000.0 X3.98374 Y6.90004 E813.26408
G1 F2400.0 E808.26408 ; Retraction
G0 F7200.0 X2.94446 Y6.90004
G1 F2400.0 E813.26408 ; Reversed Retraction
G1 F3000.0 X5.3 Y2.82013 E813.42077
G1 F2400.0 E808.42077 ; Retraction
G0 F7200.0 X5.3 Y6.0
G1 F2400.0 E813.42077 ; Reversed Retraction
G1 F3000.0 X-6.90004 Y6.0 E813.82655
G1 F2400.0 E808.82655 ; Retraction
G0 F7200.0 X-2.94446 Y6.90004
G1 F2400.0 E813.82655 ; Reversed Retraction
G1 F3000.0 X-6.90004 Y0.04878 E814.08967
G1 F2400.0 E809.08967 ; Retraction
G0 F7200.0 X-3.98374 Y6.90004
G1 F2400.0 E814.08967 ; Reversed Retraction
G1 F3000.0 X3.98374 Y-6.90004 E814.61967
;Layer 109
G0 F1440.0 Z22.0
;Shell(s)
G1 F2400.0 E809.61967 ; Retraction
G0 F7200.0 X-7.3 Y-7.3
G1 F2400.0 E814.61967 ; Reversed Retraction
G1 F3000.0 X-7.3 Y7.3 E815.10527
G1 F3000.0 X5.9 Y7.3 E815.5443
G1 F3000.0 X5.9 Y-7.3 E816.0299
G1 F3000.0 X-7.3 Y-7.3 E816.46894
G1 F2400.0 E811.46894 ; Retraction
G0 F7200.0 X-6.9 Y-6.9
G1 F2400.0 E816.46894 ; Reversed Retraction
G1 F3000.0 X-6.9 Y6.9 E816.92793
G1 F3000.0 X5.5 Y6.9 E817.34035
G1 F3000.0 X5.5 Y-6.9 E817.79934
G1 F3000.0 X-6.9 Y-6.9 E818.21177
;Internal Infill
G1 F2400.0 E813.21177 ; Retraction
G0 F7200.0 X-6.90004 Y-6.0
G1 F2400.0 E818.21177 ; Reversed Retraction
G1 F3000.0 X5.1 Y-6.0 E818.61089
G1 F2400.0 E813.61089 ; Retraction
G0 F7200.0 X2.94446 Y-6.90004
G1 F2400.0 E818.61089 ; Reversed Retraction
G1 F3000.0 X5.1 Y-3.16654 E818.75428
G1 F2400.0 E813.75428 ; Retraction
G0 F7200.0 X3.98374 Y-6.90004
G1 F2400.0 E818.75428 ; Reversed Retraction
G1 F3000.0 X-3.98374 Y6.90004 E819.28428
G1 F2400.0 E814.28428 ; Retraction
G0 F7200.0 X-2.94446 Y6.90004
G1 F2400.0 E819.28428 ; Reversed Retraction
G1 F3000.0 X-6.90004 Y0.04878 E819.5474
G1 F2400.0 E814.5474 ; Retraction
G0 F7200.0 X-6.90004 Y0.0
G1 F2400.0 E819.5474 ; Reversed Retraction
G1 F3000.0 X5.1 Y0.0 E819.94652
G1 F2400.0 E814.94652 ; Retraction
G0 F7200.0 X5.1 Y3.16654
G1 F2400.0 E819.94652 ; Reversed Retraction
G1 F3000.0 X2.94446 Y6.90004 E820.08991
G1 F2400.0 E815.08991 ; Retraction
G0 F7200.0 X3.98374 Y6.90004
G1 F2400.0 E820.08991 ; Reversed Retraction
G1 F3000.0 X-3.98374 Y-6.90004 E820.61991
G1 F2400.0 E815.61991 ; Retraction
G0 F7200.0 X-2.94446 Y-6.90004
G1 F2400.0 E820.61991 ; Reversed Retraction
G1 F3000.0 X-6.90004 Y-0.04878 E820.88304
G1 F2400.0 E815.88304 ; Retraction
G0 F7200.0 X-6.90004 Y6.0
G1 F2400.0 E820.88304 ; Reversed Retraction
G1 F3000.0 X5.1 Y6.0 E821.28216
;Layer 110
G0 F1440.0 Z22.2
;Shell(s)
G1 F2400.0 E816.28216 ; Retraction
G0 F7200.0 X-7.3 Y-7.3
G1 F2400.0 E821.28216 ; Reversed Retraction
G1 F3000.0 X-7.3 Y7.3 E821.76776
G1 F3000.0 X5.7 Y7.3 E822.20014
G1 F3000.0 X5.7 Y4.97368 E822.27751
G1 F3000.0 X5.7 Y-7.3 E822.68574
G1 F3000.0 X-7.3 Y-7.3 E823.11812
G1 F2400.0 E818.11812 ; Retraction
G0 F7200.0 X-6.9 Y-6.9
G1 F2400.0 E823.11812 ; Reversed Retraction
G1 F3000.0 X-6.9 Y6.9 E823.57711
G1 F3000.0 X5.3 Y6.9 E823.98288
G1 F3000.0 X5.3 Y4.97368 E824.04695
G1 F3000.0 X5.3 Y-6.9 E824.44187
G1 F3000.0 X-6.9 Y-6.9 E824.84765
;Internal Infill
G1 F2400.0 E819.84765 ; Retraction
G0 F7200.0 X-6.90004 Y-6.0
G1 F2400.0 E824.84765 ; Reversed Retraction
G1 F3000.0 X4.9 Y-6.0 E825.24012
G1 F2400.0 E820.24012 ; Retraction
G0 F7200.0 X2.94446 Y-6.90004
G1 F2400.0 E825.24012 ; Reversed Retraction
G1 F3000.0 X4.9 Y-3.51295 E825.3702
G1 F2400.0 E820.3702 ; Retraction
G0 F7200.0 X3.98374 Y-6.90004
G1 F2400.0 E825.3702 ; Reversed Retraction
G1 F3000.0 X-3.98374 Y6.90004 E825.9002
G1 F2400.0 E820.9002 ; Retraction
G0 F7200.0 X-2.94446 Y6.90004
G1 F2400.0 E825.9002 ; Reversed Retraction
G1 F3000.0 X-6.90004 Y0.04878 E826.16332
G1 F2400.0 E821.16332 ; Retraction
G0 F7200.0 X-6.90004 Y0.0
G1 F2400.0 E826.16332 ; Reversed Retraction
G1 F3000.0 X4.9 Y0.0 E826.5558
G1 F2400.0 E821.5558 ; Retraction
G0 F7200.0 X4.9 Y3.51295
G1 F2400.0 E826.5558 ; Reversed Retraction
G1 F3000.0 X2.94446 Y6.90004 E826.68588
G1 F2400.0 E821.68588 ; Retraction
G0 F7200.0 X3.98374 Y6.90004
G1 F2400.0 E826.68588 ; Reversed Retraction
G1 F3000.0 X-3.98374 Y-6.90004 E827.21588
G1 F2400.0 E822.21588 ; Retraction
G0 F7200.0 X-2.94446 Y-6.90004
G1 F2400.0 E827.21588 ; Reversed Retraction
G1 F3000.0 X-6.90004 Y-0.04878 E827.479
G1 F2400.0 E822.479 ; Retraction
G0 F7200.0 X-6.90004 Y6.0
G1 F2400.0 E827.479 ; Reversed Retraction
G1 F3000.0 X4.9 Y6.0 E827.87147
;Layer 111
G0 F1440.0 Z22.4
;Shell(s)
G1 F2400.0 E822.87147 ; Retraction
G0 F7200.0 X-7.3 Y-7.3
G1 F2400.0 E827.87147 ; Reversed Retraction
G1 F3000.0 X-7.3 Y7.3 E828.35707
G1 F3000.0 X5.5 Y7.3 E828.7828
G1 F3000.0 X5.5 Y-7.3 E829.2684
G1 F3000.0 X-7.3 Y-7.3 E829.69413
G1 F2400.0 E824.69413 ; Retraction
G0 F7200.0 X-6.9 Y-6.9
G1 F2400.0 E829.69413 ; Reversed Retraction
G1 F3000.0 X-6.9 Y6.9 E830.15312
G1 F3000.0 X5.1 Y6.9 E830.55224
G1 F3000.0 X5.1 Y-6.9 E831.01123
G1 F3000.0 X-6.9 Y-6.9 E831.41035
;Internal Infill
G1 F2400.0 E826.41035 ; Retraction
G0 F7200.0 X-6.90004 Y-6.0
G1 F2400.0 E831.41035 ; Reversed Retraction
G1 F3000.0 X4.7 Y-6.0 E831.79617
G1 F2400.0 E826.79617 ; Retraction
G0 F7200.0 X3.98374 Y-6.90004
G1 F2400.0 E831.79617 ; Reversed Retraction
G1 F3000.0 X-3.98374 Y6.90004 E832.32617
G1 F2400.0 E827.32617 ; Retraction
G0 F7200.0 X-2.94446 Y6.90004
G1 F2400.0 E832.32617 ; Reversed Retraction
G1 F3000.0 X-6.90004 Y0.04878 E832.5893
G1 F2400.0 E827.5893 ; Retraction
G0 F7200.0 X-6.90004 Y0.0
G1 F2400.0 E832.5893 ; Reversed Retraction
G1 F3000.0 X4.7 Y0.0 E832.97512
G1 F2400.0 E827.97512 ; Retraction
G0 F7200.0 X4.7 Y3.85936
G1 F2400.0 E832.97512 ; Reversed Retraction
G1 F3000.0 X2.94446 Y6.90004 E833.09189
G1 F2400.0 E828.09189 ; Retraction
G0 F7200.0 X4.7 Y6.0
G1 F2400.0 E833.09189 ; Reversed Retraction
G1 F3000.0 X-6.90004 Y6.0 E833.47771
G1 F2400.0 E828.47771 ; Retraction
G0 F7200.0 X-6.90004 Y-0.04878
G1 F2400.0 E833.47771 ; Reversed Retraction
G1 F3000.0 X-2.94446 Y-6.90004 E833.74084
G1 F2400.0 E828.74084 ; Retraction
G0 F7200.0 X-3.98374 Y-6.90004
G1 F2400.0 E833.74084 ; Reversed Retraction
G1 F3000.0 X3.98374 Y6.90004 E834.27084
G1 F2400.0 E829.27084 ; Retraction
G0 F7200.0 X4.7 Y-3.85936
G1 F2400.0 E834.27084 ; Reversed Retraction
G1 F3000.0 X2.94446 Y-6.90004 E834.38762
;Layer 112
G0 F1440.0 Z22.6
;Shell(s)
G1 F2400.0 E829.38762 ; Retraction
G0 F7200.0 X-7.3 Y-7.3
G1 F2400.0 E834.38762 ; Reversed Retraction
G1 F3000.0 X-7.3 Y7.3 E834.87322
G1 F3000.0 X5.3 Y7.3 E835.29229
G1 F3000.0 X5.3 Y-7.3 E835.77789
G1 F3000.0 X-7.3 Y-7.3 E836.19697
G1 F2400.0 E831.19697 ; Retraction
G0 F7200.0 X-6.9 Y-6.9
G1 F2400.0 E836.19697 ; Reversed Retraction
G1 F3000.0 X-6.9 Y6.9 E836.65596
G1 F3000.0 X4.9 Y6.9 E837.04843
G1 F3000.0 X4.9 Y-6.9 E837.50742
G1 F3000.0 X-6.9 Y-6.9 E837.89989
;Internal Infill
G1 F2400.0 E832.89989 ; Retraction
G0 F7200.0 X-6.90004 Y-6.0
G1 F2400.0 E837.89989 ; Reversed Retraction
G1 F3000.0 X4.5 Y-6.0 E838.27905
G1 F2400.0 E833.27905 ; Retraction
G0 F7200.0 X4.5 Y-4.20577
G1 F2400.0 E838.27905 ; Reversed Retraction
G1 F3000.0 X2.94446 Y-6.90004 E838.38253
G1 F2400.0 E833.38253 ; Retraction
G0 F7200.0 X3.98374 Y-6.90004
G1 F2400.0 E838.38253 ; Reversed Retraction
G1 F3000.0 X-3.98374 Y6.90004 E838.91253
G1 F2400.0 E833.91253 ; Retraction
G0 F7200.0 X-2.94446 Y6.90004
G1 F2400.0 E838.91253 ; Reversed Retraction
G1 F3000.0 X-6.90004 Y0.04878 E839.17565
G1 F2400.0 E834.17565 ; Retraction
G0 F7200.0 X-6.90004 Y0.0
G1 F2400.0 E839.17565 ; Reversed Retraction
G1 F3000.0 X4.5 Y0.0 E839.55482
G1 F2400.0 E834.55482 ; Retraction
G0 F7200.0 X3.98374 Y6.90004
G1 F2400.0 E839.55482 ; Reversed Retraction
G1 F3000.0 X-3.98374 Y-6.90004 E840.08482
G1 F2400.0 E835.08482 ; Retraction
G0 F7200.0 X-2.94446 Y-6.90004
G1 F2400.0 E840.08482 ; Reversed Retraction
G1 F3000.0 X-6.90004 Y-0.04878 E840.34795
G1 F2400.0 E835.34795 ; Retraction
G0 F7200.0 X-6.90004 Y6.0
G1 F2400.0 E840.34795 ; Reversed Retraction
G1 F3000.0 X4.5 Y6.0 E840.72711
G1 F2400.0 E835.72711 ; Retraction
G0 F7200.0 X4.5 Y4.20577
G1 F2400.0 E840.72711 ; Reversed Retraction
G1 F3000.0 X2.94446 Y6.90004 E840.83059
;Layer 113
G0 F1440.0 Z22.8
;Shell(s)
G1 F2400.0 E835.83059 ; Retraction
G0 F7200.0 X-7.3 Y-7.3
G1 F2400.0 E840.83059 ; Reversed Retraction
G1 F3000.0 X-7.3 Y7.3 E841.31619
G1 F3000.0 X5.1 Y7.3 E841.72861
G1 F3000.0 X5.1 Y4.02632 E841.83749
G1 F3000.0 X5.1 Y-7.3 E842.21421
G1 F3000.0 X-7.3 Y-7.3 E842.62664
G1 F2400.0 E837.62664 ; Retraction
G0 F7200.0 X-6.9 Y-6.9
G1 F2400.0 E842.62664 ; Reversed Retraction
G1 F3000.0 X-6.9 Y6.9 E843.08563
G1 F3000.0 X4.7 Y6.9 E843.47144
G1 F3000.0 X4.7 Y4.02632 E843.56702
G1 F3000.0 X4.7 Y-6.9 E843.93043
G1 F3000.0 X-6.9 Y-6.9 E844.31625
;Internal Infill
G1 F2400.0 E839.31625 ; Retraction
G0 F7200.0 X-6.90004 Y-6.0
G1 F2400.0 E844.31625 ; Reversed Retraction
G1 F3000.0 X4.3 Y-6.0 E844.68876
G1 F2400.0 E839.68876 ; Retraction
G0 F7200.0 X4.3 Y-4.55218
G1 F2400.0 E844.68876 ; Reversed Retraction
G1 F3000.0 X2.94446 Y-6.90004 E844.77894
G1 F2400.0 E839.77894 ; Retraction
G0 F7200.0 X3.98374 Y-6.90004
G1 F2400.0 E844.77894 ; Reversed Retraction
G1 F3000.0 X-3.98374 Y6.90004 E845.30893
G1 F2400.0 E840.30893 ; Retraction
G0 F7200.0 X-6.90004 Y6.0
G1 F2400.0 E845.30893 ; Reversed Retraction
G1 F3000.0 X4.3 Y6.0 E845.68145
G1 F2400.0 E840.68145 ; Retraction
G0 F7200.0 X4.3 Y4.55218
G1 F2400.0 E845.68145 ; Reversed Retraction
G1 F3000.0 X2.94446 Y6.90004 E845.77162
G1 F2400.0 E840.77162 ; Retraction
G0 F7200.0 X3.98374 Y6.90004
G1 F2400.0 E845.77162 ; Reversed Retraction
G1 F3000.0 X-3.98374 Y-6.90004 E846.30162
G1 F2400.0 E841.30162 ; Retraction
G0 F7200.0 X-2.94446 Y-6.90004
G1 F2400.0 E846.30162 ; Reversed Retraction
G1 F3000.0 X-6.90004 Y-0.04878 E846.56475
G1 F2400.0 E841.56475 ; Retraction
G0 F7200.0 X-6.90004 Y0.0
G1 F2400.0 E846.56475 ; Reversed Retraction
G1 F3000.0 X4.3 Y0.0 E846.93726
G1 F2400.0 E841.93726 ; Retraction
G0 F7200.0 X-2.94446 Y6.90004
G1 F2400.0 E846.93726 ; Reversed Retraction
G1 F3000.0 X-6.90004 Y0.04878 E847.20039
;Layer 114
G0 F1440.0 Z23.0
;Shell(s)
G1 F2400.0 E842.20039 ; Retraction
G0 F7200.0 X-7.3 Y-7.3
G1 F2400.0 E847.20039 ; Reversed Retraction
G1 F3000.0 X-7.3 Y7.3 E847.68598
G1 F3000.0 X4.9 Y7.3 E848.09176
G1 F3000.0 X4.9 Y-7.3 E848.57736
G1 F3000.0 X-7.3 Y-7.3 E848.98313
G1 F2400.0 E843.98313 ; Retraction
G0 F7200.0 X-6.9 Y-6.9
G1 F2400.0 E848.98313 ; Reversed Retraction
G1 F3000.0 X-6.9 Y6.9 E849.44212
G1 F3000.0 X4.5 Y6.9 E849.82128
G1 F3000.0 X4.5 Y-6.9 E850.28027
G1 F3000.0 X-6.9 Y-6.9 E850.65944
;Internal Infill
G1 F2400.0 E845.65944 ; Retraction
G0 F7200.0 X-6.90004 Y-6.0
G1 F2400.0 E850.65944 ; Reversed Retraction
G1 F3000.0 X4.1 Y-6.0 E851.0253
G1 F2400.0 E846.0253 ; Retraction
G0 F7200.0 X4.1 Y-4.89859
G1 F2400.0 E851.0253 ; Reversed Retraction
G1 F3000.0 X2.94446 Y-6.90004 E851.10217
G1 F2400.0 E846.10217 ; Retraction
G0 F7200.0 X3.98374 Y-6.90004
G1 F2400.0 E851.10217 ; Reversed Retraction
G1 F3000.0 X-3.98374 Y6.90004 E851.63217
G1 F2400.0 E846.63217 ; Retraction
G0 F7200.0 X-2.94446 Y6.90004
G1 F2400.0 E851.63217 ; Reversed Retraction
G1 F3000.0 X-6.90004 Y0.04878 E851.89529
G1 F2400.0 E846.89529 ; Retraction
G0 F7200.0 X-6.90004 Y0.0
G1 F2400.0 E851.89529 ; Reversed Retraction
G1 F3000.0 X4.1 Y0.0 E852.26116
G1 F2400.0 E847.26116 ; Retraction
G0 F7200.0 X3.98374 Y6.90004
G1 F2400.0 E852.26116 ; Reversed Retraction
G1 F3000.0 X-3.98374 Y-6.90004 E852.79116
G1 F2400.0 E847.79116 ; Retraction
G0 F7200.0 X-2.94446 Y-6.90004
G1 F2400.0 E852.79116 ; Reversed Retraction
G1 F3000.0 X-6.90004 Y-0.04878 E853.05428
G1 F2400.0 E848.05428 ; Retraction
G0 F7200.0 X-6.90004 Y6.0
G1 F2400.0 E853.05428 ; Reversed Retraction
G1 F3000.0 X4.1 Y6.0 E853.42015
G1 F2400.0 E848.42015 ; Retraction
G0 F7200.0 X4.1 Y4.89859
G1 F2400.0 E853.42015 ; Reversed Retraction
G1 F3000.0 X2.94446 Y6.90004 E853.49701
;Layer 115
G0 F1440.0 Z23.2
;Shell(s)
G1 F2400.0 E848.49701 ; Retraction
G0 F7200.0 X-7.3 Y-7.3
G1 F2400.0 E853.49701 ; Reversed Retraction
G1 F3000.0 X-7.3 Y7.3 E853.98261
G1 F3000.0 X4.7 Y7.3 E854.38173
G1 F3000.0 X4.7 Y-7.3 E854.86733
G1 F3000.0 X-7.3 Y-7.3 E855.26645
G1 F2400.0 E850.26645 ; Retraction
G0 F7200.0 X-6.9 Y-6.9
G1 F2400.0 E855.26645 ; Reversed Retraction
G1 F3000.0 X-6.9 Y6.9 E855.72544
G1 F3000.0 X4.3 Y6.9 E856.09795
G1 F3000.0 X4.3 Y-6.9 E856.55694
G1 F3000.0 X-6.9 Y-6.9 E856.92946
;Internal Infill
G1 F2400.0 E851.92946 ; Retraction
G0 F7200.0 X-6.90004 Y-6.0
G1 F2400.0 E856.92946 ; Reversed Retraction
G1 F3000.0 X3.9 Y-6.0 E857.28867
G1 F2400.0 E852.28867 ; Retraction
G0 F7200.0 X3.9 Y-5.245
G1 F2400.0 E857.28867 ; Reversed Retraction
G1 F3000.0 X2.94446 Y-6.90004 E857.35223
G1 F2400.0 E852.35223 ; Retraction
G0 F7200.0 X3.9 Y-6.755
G1 F2400.0 E857.35223 ; Reversed Retraction
G1 F3000.0 X-3.98374 Y6.90004 E857.87666
G1 F2400.0 E852.87666 ; Retraction
G0 F7200.0 X-2.94446 Y6.90004
G1 F2400.0 E857.87666 ; Reversed Retraction
G1 F3000.0 X-6.90004 Y0.04878 E858.13979
G1 F2400.0 E853.13979 ; Retraction
G0 F7200.0 X-6.90004 Y0.0
G1 F2400.0 E858.13979 ; Reversed Retraction
G1 F3000.0 X3.9 Y0.0 E858.499
G1 F2400.0 E853.499 ; Retraction
G0 F7200.0 X3.9 Y6.755
G1 F2400.0 E858.499 ; Reversed Retraction
G1 F3000.0 X-3.98374 Y-6.90004 E859.02343
G1 F2400.0 E854.02343 ; Retraction
G0 F7200.0 X-2.94446 Y-6.90004
G1 F2400.0 E859.02343 ; Reversed Retraction
G1 F3000.0 X-6.90004 Y-0.04878 E859.28655
G1 F2400.0 E854.28655 ; Retraction
G0 F7200.0 X-6.90004 Y6.0
G1 F2400.0 E859.28655 ; Reversed Retraction
G1 F3000.0 X3.9 Y6.0 E859.64576
G1 F2400.0 E854.64576 ; Retraction
G0 F7200.0 X3.9 Y5.245
G1 F2400.0 E859.64576 ; Reversed Retraction
G1 F3000.0 X2.94446 Y6.90004 E859.70932
;Layer 116
G0 F1440.0 Z23.4
;Shell(s)
G1 F2400.0 E854.70932 ; Retraction
G0 F7200.0 X-7.3 Y-7.3
G1 F2400.0 E859.70932 ; Reversed Retraction
G1 F3000.0 X-7.3 Y7.3 E860.19492
G1 F3000.0 X4.5 Y7.3 E860.58739
G1 F3000.0 X4.5 Y3.07895 E860.72779
G1 F3000.0 X4.5 Y-7.3 E861.07299
G1 F3000.0 X-7.3 Y-7.3 E861.46546
G1 F2400.0 E856.46546 ; Retraction
G0 F7200.0 X-6.9 Y-6.9
G1 F2400.0 E861.46546 ; Reversed Retraction
G1 F3000.0 X-6.9 Y6.9 E861.92445
G1 F3000.0 X4.1 Y6.9 E862.29031
G1 F3000.0 X4.1 Y3.07895 E862.4174
G1 F3000.0 X4.1 Y-6.9 E862.7493
G1 F3000.0 X-6.9 Y-6.9 E863.11516
;Internal Infill
G1 F2400.0 E858.11516 ; Retraction
G0 F7200.0 X-6.90004 Y-6.0
G1 F2400.0 E863.11516 ; Reversed Retraction
G1 F3000.0 X3.7 Y-6.0 E863.46772
G1 F2400.0 E858.46772 ; Retraction
G0 F7200.0 X3.7 Y-5.59141
G1 F2400.0 E863.46772 ; Reversed Retraction
G1 F3000.0 X2.94446 Y-6.90004 E863.51798
G1 F2400.0 E858.51798 ; Retraction
G0 F7200.0 X3.7 Y-6.40859
G1 F2400.0 E863.51798 ; Reversed Retraction
G1 F3000.0 X-3.98374 Y6.90004 E864.0291
G1 F2400.0 E859.0291 ; Retraction
G0 F7200.0 X-2.94446 Y6.90004
G1 F2400.0 E864.0291 ; Reversed Retraction
G1 F3000.0 X-6.90004 Y0.04878 E864.29223
G1 F2400.0 E859.29223 ; Retraction
G0 F7200.0 X-6.90004 Y0.0
G1 F2400.0 E864.29223 ; Reversed Retraction
G1 F3000.0 X3.7 Y0.0 E864.64479
G1 F2400.0 E859.64479 ; Retraction
G0 F7200.0 X3.7 Y6.40859
G1 F2400.0 E864.64479 ; Reversed Retraction
G1 F3000.0 X-3.98374 Y-6.90004 E865.15591
G1 F2400.0 E860.15591 ; Retraction
G0 F7200.0 X-2.94446 Y-6.90004
G1 F2400.0 E865.15591 ; Reversed Retraction
G1 F3000.0 X-6.90004 Y-0.04878 E865.41904
G1 F2400.0 E860.41904 ; Retraction
G0 F7200.0 X-6.90004 Y6.0
G1 F2400.0 E865.41904 ; Reversed Retraction
G1 F3000.0 X3.7 Y6.0 E865.7716
G1 F2400.0 E860.7716 ; Retraction
G0 F7200.0 X3.7 Y5.59141
G1 F2400.0 E865.7716 ; Reversed Retraction
G1 F3000.0 X2.94446 Y6.90004 E865.82186
;Layer 117
G0 F1440.0 Z23.6
;Shell(s)
G1 F2400.0 E860.82186 ; Retraction
G0 F7200.0 X-7.3 Y-7.3
G1 F2400.0 E865.82186 ; Reversed Retraction
G1 F3000.0 X-7.3 Y7.3 E866.30746
G1 F3000.0 X4.3 Y7.3 E866.69327
G1 F3000.0 X4.3 Y-7.3 E867.17887
G1 F3000.0 X-7.3 Y-7.3 E867.56469
G1 F2400.0 E862.56469 ; Retraction
G0 F7200.0 X-6.9 Y-6.9
G1 F2400.0 E867.56469 ; Reversed Retraction
G1 F3000.0 X-6.9 Y6.9 E868.02368
G1 F3000.0 X3.9 Y6.9 E868.38289
G1 F3000.0 X3.9 Y-6.9 E868.84188
G1 F3000.0 X-6.9 Y-6.9 E869.20109
;Internal Infill
G1 F2400.0 E864.20109 ; Retraction
G0 F7200.0 X-6.90004 Y-6.0
G1 F2400.0 E869.20109 ; Reversed Retraction
G1 F3000.0 X3.5 Y-6.0 E869.54699
G1 F2400.0 E864.54699 ; Retraction
G0 F7200.0 X3.5 Y-6.06218
G1 F2400.0 E869.54699 ; Reversed Retraction
G1 F3000.0 X-3.98374 Y6.90004 E870.04481
G1 F2400.0 E865.04481 ; Retraction
G0 F7200.0 X-2.94446 Y6.90004
G1 F2400.0 E870.04481 ; Reversed Retraction
G1 F3000.0 X-6.90004 Y0.04878 E870.30794
G1 F2400.0 E865.30794 ; Retraction
G0 F7200.0 X-6.90004 Y0.0
G1 F2400.0 E870.30794 ; Reversed Retraction
G1 F3000.0 X3.5 Y0.0 E870.65385
G1 F2400.0 E865.65385 ; Retraction
G0 F7200.0 X3.5 Y6.06218
G1 F2400.0 E870.65385 ; Reversed Retraction
G1 F3000.0 X-3.98374 Y-6.90004 E871.15167
G1 F2400.0 E866.15167 ; Retraction
G0 F7200.0 X-2.94446 Y-6.90004
G1 F2400.0 E871.15167 ; Reversed Retraction
G1 F3000.0 X-6.90004 Y-0.04878 E871.41479
G1 F2400.0 E866.41479 ; Retraction
G0 F7200.0 X-6.90004 Y6.0
G1 F2400.0 E871.41479 ; Reversed Retraction
G1 F3000.0 X3.5 Y6.0 E871.7607
G1 F2400.0 E866.7607 ; Retraction
G0 F7200.0 X3.5 Y5.93782
G1 F2400.0 E871.7607 ; Reversed Retraction
G1 F3000.0 X2.94446 Y6.90004 E871.79766
G1 F2400.0 E866.79766 ; Retraction
G0 F7200.0 X3.5 Y-5.93782
G1 F2400.0 E871.79766 ; Reversed Retraction
G1 F3000.0 X2.94446 Y-6.90004 E871.83461
;Layer 118
G0 F1440.0 Z23.8
;Shell(s)
G1 F2400.0 E866.83461 ; Retraction
G0 F7200.0 X-7.3 Y-7.3
G1 F2400.0 E871.83461 ; Reversed Retraction
G1 F3000.0 X-7.3 Y7.3 E872.32021
G1 F3000.0 X4.1 Y7.3 E872.69937
G1 F3000.0 X4.1 Y-7.3 E873.18497
G1 F3000.0 X-7.3 Y-7.3 E873.56414
G1 F2400.0 E868.56414 ; Retraction
G0 F7200.0 X-6.9 Y-6.9
G1 F2400.0 E873.56414 ; Reversed Retraction
G1 F3000.0 X-6.9 Y6.9 E874.02313
G1 F3000.0 X3.7 Y6.9 E874.37568
G1 F3000.0 X3.7 Y-6.9 E874.83467
G1 F3000.0 X-6.9 Y-6.9 E875.18723
;Internal Infill
G1 F2400.0 E870.18723 ; Retraction
G0 F7200.0 X-6.90004 Y-6.0
G1 F2400.0 E875.18723 ; Reversed Retraction
G1 F3000.0 X3.3 Y-6.0 E875.52649
G1 F2400.0 E870.52649 ; Retraction
G0 F7200.0 X3.3 Y-5.71577
G1 F2400.0 E875.52649 ; Reversed Retraction
G1 F3000.0 X-3.98374 Y6.90004 E876.011
G1 F2400.0 E871.011 ; Retraction
G0 F7200.0 X-2.94446 Y6.90004
G1 F2400.0 E876.011 ; Reversed Retraction
G1 F3000.0 X-6.90004 Y0.04878 E876.27413
G1 F2400.0 E871.27413 ; Retraction
G0 F7200.0 X-6.90004 Y0.0
G1 F2400.0 E876.27413 ; Reversed Retraction
G1 F3000.0 X3.3 Y0.0 E876.61338
G1 F2400.0 E871.61338 ; Retraction
G0 F7200.0 X3.3 Y5.71577
G1 F2400.0 E876.61338 ; Reversed Retraction
G1 F3000.0 X-3.98374 Y-6.90004 E877.0979
G1 F2400.0 E872.0979 ; Retraction
G0 F7200.0 X-2.94446 Y-6.90004
G1 F2400.0 E877.0979 ; Reversed Retraction
G1 F3000.0 X-6.90004 Y-0.04878 E877.36103
G1 F2400.0 E872.36103 ; Retraction
G0 F7200.0 X-6.90004 Y6.0
G1 F2400.0 E877.36103 ; Reversed Retraction
G1 F3000.0 X3.3 Y6.0 E877.70028
;Layer 119
G0 F1440.0 Z24.0
;Shell(s)
G1 F2400.0 E872.70028 ; Retraction
G0 F7200.0 X-7.3 Y-7.3
G1 F2400.0 E877.70028 ; Reversed Retraction
G1 F3000.0 X-7.3 Y7.3 E878.18588
G1 F3000.0 X3.9 Y7.3 E878.55839
G1 F3000.0 X3.9 Y-7.3 E879.04399
G1 F3000.0 X-7.3 Y-7.3 E879.4165
G1 F2400.0 E874.4165 ; Retraction
G0 F7200.0 X-6.9 Y-6.9
G1 F2400.0 E879.4165 ; Reversed Retraction
G1 F3000.0 X-6.9 Y6.9 E879.87549
G1 F3000.0 X3.5 Y6.9 E880.2214
G1 F3000.0 X3.5 Y-6.9 E880.68039
G1 F3000.0 X-6.9 Y-6.9 E881.02629
;Internal Infill
G1 F2400.0 E876.02629 ; Retraction
G0 F7200.0 X-6.90004 Y-6.0
G1 F2400.0 E881.02629 ; Reversed Retraction
G1 F3000.0 X3.1 Y-6.0 E881.3589
G1 F2400.0 E876.3589 ; Retraction
G0 F7200.0 X3.1 Y-5.36936
G1 F2400.0 E881.3589 ; Reversed Retraction
G1 F3000.0 X-3.98374 Y6.90004 E881.83011
G1 F2400.0 E876.83011 ; Retraction
G0 F7200.0 X-2.94446 Y6.90004
G1 F2400.0 E881.83011 ; Reversed Retraction
G1 F3000.0 X-6.90004 Y0.04878 E882.09324
G1 F2400.0 E877.09324 ; Retraction
G0 F7200.0 X-6.90004 Y0.0
G1 F2400.0 E882.09324 ; Reversed Retraction
G1 F3000.0 X3.1 Y0.0 E882.42584
G1 F2400.0 E877.42584 ; Retraction
G0 F7200.0 X3.1 Y5.36936
G1 F2400.0 E882.42584 ; Reversed Retraction
G1 F3000.0 X-3.98374 Y-6.90004 E882.89705
G1 F2400.0 E877.89705 ; Retraction
G0 F7200.0 X-2.94446 Y-6.90004
G1 F2400.0 E882.89705 ; Reversed Retraction
G1 F3000.0 X-6.90004 Y-0.04878 E883.16018
G1 F2400.0 E878.16018 ; Retraction
G0 F7200.0 X-6.90004 Y6.0
G1 F2400.0 E883.16018 ; Reversed Retraction
G1 F3000.0 X3.1 Y6.0 E883.49278
;Layer 120
G0 F1440.0 Z24.2
;Shell(s)
G1 F2400.0 E878.49278 ; Retraction
G0 F7200.0 X-7.3 Y-7.3
G1 F2400.0 E883.49278 ; Reversed Retraction
G1 F3000.0 X-7.3 Y7.3 E883.97838
G1 F3000.0 X3.7 Y7.3 E884.34424
G1 F3000.0 X3.7 Y1.81579 E884.52664
G1 F3000.0 X3.7 Y-7.3 E884.82984
G1 F3000.0 X-7.3 Y-7.3 E885.1957
G1 F2400.0 E880.1957 ; Retraction
G0 F7200.0 X-6.9 Y-6.9
G1 F2400.0 E885.1957 ; Reversed Retraction
G1 F3000.0 X-6.9 Y6.9 E885.65469
G1 F3000.0 X3.3 Y6.9 E885.99394
G1 F3000.0 X3.3 Y1.81579 E886.16304
G1 F3000.0 X3.3 Y-6.9 E886.45293
G1 F3000.0 X-6.9 Y-6.9 E886.79218
;Internal Infill
G1 F2400.0 E881.79218 ; Retraction
G0 F7200.0 X-6.90004 Y-6.0
G1 F2400.0 E886.79218 ; Reversed Retraction
G1 F3000.0 X2.9 Y-6.0 E887.11813
G1 F2400.0 E882.11813 ; Retraction
G0 F7200.0 X2.9 Y-5.02295
G1 F2400.0 E887.11813 ; Reversed Retraction
G1 F3000.0 X-3.98374 Y6.90004 E887.57604
G1 F2400.0 E882.57604 ; Retraction
G0 F7200.0 X-6.90004 Y6.0
G1 F2400.0 E887.57604 ; Reversed Retraction
G1 F3000.0 X2.9 Y6.0 E887.90199
G1 F2400.0 E882.90199 ; Retraction
G0 F7200.0 X2.9 Y5.02295
G1 F2400.0 E887.90199 ; Reversed Retraction
G1 F3000.0 X-3.98374 Y-6.90004 E888.3599
G1 F2400.0 E883.3599 ; Retraction
G0 F7200.0 X-2.94446 Y-6.90004
G1 F2400.0 E888.3599 ; Reversed Retraction
G1 F3000.0 X-6.90004 Y-0.04878 E888.62303
G1 F2400.0 E883.62303 ; Retraction
G0 F7200.0 X-6.90004 Y0.0
G1 F2400.0 E888.62303 ; Reversed Retraction
G1 F3000.0 X2.9 Y0.0 E888.94898
G1 F2400.0 E883.94898 ; Retraction
G0 F7200.0 X-2.94446 Y6.90004
G1 F2400.0 E888.94898 ; Reversed Retraction
G1 F3000.0 X-6.90004 Y0.04878 E889.21211
;Layer 121
G0 F1440.0 Z24.4
;Shell(s)
G1 F2400.0 E884.21211 ; Retraction
G0 F7200.0 X-7.3 Y-7.3
G1 F2400.0 E889.21211 ; Reversed Retraction
G1 F3000.0 X-7.3 Y7.3 E889.6977
G1 F3000.0 X3.5 Y7.3 E890.05691
G1 F3000.0 X3.5 Y1.5 E890.24982
G1 F3000.0 X3.5 Y-7.3 E890.54251
G1 F3000.0 X-7.3 Y-7.3 E890.90172
G1 F2400.0 E885.90172 ; Retraction
G0 F7200.0 X-6.9 Y-6.9
G1 F2400.0 E890.90172 ; Reversed Retraction
G1 F3000.0 X-6.9 Y6.9 E891.36071
G1 F3000.0 X3.1 Y6.9 E891.69331
G1 F3000.0 X3.1 Y1.5 E891.87292
G1 F3000.0 X3.1 Y-6.9 E892.1523
G1 F3000.0 X-6.9 Y-6.9 E892.4849
;Internal Infill
G1 F2400.0 E887.4849 ; Retraction
G0 F7200.0 X-6.90004 Y-6.0
G1 F2400.0 E892.4849 ; Reversed Retraction
G1 F3000.0 X2.7 Y-6.0 E892.8042
G1 F2400.0 E887.8042 ; Retraction
G0 F7200.0 X2.7 Y-4.67654
G1 F2400.0 E892.8042 ; Reversed Retraction
G1 F3000.0 X-3.98374 Y6.90004 E893.24881
G1 F2400.0 E888.24881 ; Retraction
G0 F7200.0 X-2.94446 Y6.90004
G1 F2400.0 E893.24881 ; Reversed Retraction
G1 F3000.0 X-6.90004 Y0.04878 E893.51193
G1 F2400.0 E888.51193 ; Retraction
G0 F7200.0 X-6.90004 Y0.0
G1 F2400.0 E893.51193 ; Reversed Retraction
G1 F3000.0 X2.7 Y0.0 E893.83123
G1 F2400.0 E888.83123 ; Retraction
G0 F7200.0 X2.7 Y4.67654
G1 F2400.0 E893.83123 ; Reversed Retraction
G1 F3000.0 X-3.98374 Y-6.90004 E894.27583
G1 F2400.0 E889.27583 ; Retraction
G0 F7200.0 X-2.94446 Y-6.90004
G1 F2400.0 E894.27583 ; Reversed Retraction
G1 F3000.0 X-6.90004 Y-0.04878 E894.53896
G1 F2400.0 E889.53896 ; Retraction
G0 F7200.0 X-6.90004 Y6.0
G1 F2400.0 E894.53896 ; Reversed Retraction
G1 F3000.0 X2.7 Y6.0 E894.85826
;Layer 122
G0 F1440.0 Z24.6
;Shell(s)
G1 F2400.0 E889.85826 ; Retraction
G0 F7200.0 X-7.3 Y-7.3
G1 F2400.0 E894.85826 ; Reversed Retraction
G1 F3000.0 X-7.3 Y7.3 E895.34386
G1 F3000.0 X3.3 Y7.3 E895.69641
G1 F3000.0 X3.3 Y-7.3 E896.18201
G1 F3000.0 X-7.3 Y-7.3 E896.53457
G1 F2400.0 E891.53457 ; Retraction
G0 F7200.0 X-6.9 Y-6.9
G1 F2400.0 E896.53457 ; Reversed Retraction
G1 F3000.0 X-6.9 Y6.9 E896.99356
G1 F3000.0 X2.9 Y6.9 E897.31951
G1 F3000.0 X2.9 Y-6.9 E897.7785
G1 F3000.0 X-6.9 Y-6.9 E898.10445
;Internal Infill
G1 F2400.0 E893.10445 ; Retraction
G0 F7200.0 X-6.90004 Y-6.0
G1 F2400.0 E898.10445 ; Reversed Retraction
G1 F3000.0 X2.5 Y-6.0 E898.41709
G1 F2400.0 E893.41709 ; Retraction
G0 F7200.0 X2.5 Y-4.33013
G1 F2400.0 E898.41709 ; Reversed Retraction
G1 F3000.0 X-3.98374 Y6.90004 E898.84839
G1 F2400.0 E893.84839 ; Retraction
G0 F7200.0 X-2.94446 Y6.90004
G1 F2400.0 E898.84839 ; Reversed Retraction
G1 F3000.0 X-6.90004 Y0.04878 E899.11152
G1 F2400.0 E894.11152 ; Retraction
G0 F7200.0 X-6.90004 Y0.0
G1 F2400.0 E899.11152 ; Reversed Retraction
G1 F3000.0 X2.5 Y0.0 E899.42417
G1 F2400.0 E894.42417 ; Retraction
G0 F7200.0 X2.5 Y4.33013
G1 F2400.0 E899.42417 ; Reversed Retraction
G1 F3000.0 X-3.98374 Y-6.90004 E899.85547
G1 F2400.0 E894.85547 ; Retraction
G0 F7200.0 X-2.94446 Y-6.90004
G1 F2400.0 E899.85547 ; Reversed Retraction
G1 F3000.0 X-6.90004 Y-0.04878 E900.11859
G1 F2400.0 E895.11859 ; Retraction
G0 F7200.0 X-6.90004 Y6.0
G1 F2400.0 E900.11859 ; Reversed Retraction
G1 F3000.0 X2.5 Y6.0 E900.43124
;Layer 123
G0 F1440.0 Z24.8
;Shell(s)
G1 F2400.0 E895.43124 ; Retraction
G0 F7200.0 X-7.3 Y-7.3
G1 F2400.0 E900.43124 ; Reversed Retraction
G1 F3000.0 X-7.3 Y7.3 E900.91684
G1 F3000.0 X3.1 Y7.3 E901.26274
G1 F3000.0 X3.1 Y-7.3 E901.74834
G1 F3000.0 X-7.3 Y-7.3 E902.09425
G1 F2400.0 E897.09425 ; Retraction
G0 F7200.0 X-6.9 Y-6.9
G1 F2400.0 E902.09425 ; Reversed Retraction
G1 F3000.0 X-6.9 Y6.9 E902.55324
G1 F3000.0 X2.7 Y6.9 E902.87253
G1 F3000.0 X2.7 Y-6.9 E903.33152
G1 F3000.0 X-6.9 Y-6.9 E903.65082
;Internal Infill
G1 F2400.0 E898.65082 ; Retraction
G0 F7200.0 X-6.90004 Y-6.0
G1 F2400.0 E903.65082 ; Reversed Retraction
G1 F3000.0 X2.3 Y-6.0 E903.95682
G1 F2400.0 E898.95682 ; Retraction
G0 F7200.0 X2.3 Y-3.98372
G1 F2400.0 E903.95682 ; Reversed Retraction
G1 F3000.0 X-3.98374 Y6.90004 E904.37481
G1 F2400.0 E899.37481 ; Retraction
G0 F7200.0 X-2.94446 Y6.90004
G1 F2400.0 E904.37481 ; Reversed Retraction
G1 F3000.0 X-6.90004 Y0.04878 E904.63794
G1 F2400.0 E899.63794 ; Retraction
G0 F7200.0 X-6.90004 Y0.0
G1 F2400.0 E904.63794 ; Reversed Retraction
G1 F3000.0 X2.3 Y0.0 E904.94393
G1 F2400.0 E899.94393 ; Retraction
G0 F7200.0 X2.3 Y3.98372
G1 F2400.0 E904.94393 ; Reversed Retraction
G1 F3000.0 X-3.98374 Y-6.90004 E905.36193
G1 F2400.0 E900.36193 ; Retraction
G0 F7200.0 X-2.94446 Y-6.90004
G1 F2400.0 E905.36193 ; Reversed Retraction
G1 F3000.0 X-6.90004 Y-0.04878 E905.62506
G1 F2400.0 E900.62506 ; Retraction
G0 F7200.0 X-6.90004 Y6.0
G1 F2400.0 E905.62506 ; Reversed Retraction
G1 F3000.0 X2.3 Y6.0 E905.93105
;Layer 124
G0 F1440.0 Z25.0
;Shell(s)
G1 F2400.0 E900.93105 ; Retraction
G0 F7200.0 X-7.3 Y-7.3
G1 F2400.0 E905.93105 ; Reversed Retraction
G1 F3000.0 X-7.3 Y7.3 E906.41665
G1 F3000.0 X2.9 Y7.3 E906.7559
G1 F3000.0 X2.9 Y-7.3 E907.2415
G1 F3000.0 X-7.3 Y-7.3 E907.58075
G1 F2400.0 E902.58075 ; Retraction
G0 F7200.0 X-6.9 Y-6.9
G1 F2400.0 E907.58075 ; Reversed Retraction
G1 F3000.0 X-6.9 Y6.9 E908.03974
G1 F3000.0 X2.5 Y6.9 E908.35239
G1 F3000.0 X2.5 Y-6.9 E908.81138
G1 F3000.0 X-6.9 Y-6.9 E909.12402
;Internal Infill
G1 F2400.0 E904.12402 ; Retraction
G0 F7200.0 X-6.90004 Y-6.0
G1 F2400.0 E909.12402 ; Reversed Retraction
G1 F3000.0 X2.1 Y-6.0 E909.42337
G1 F2400.0 E904.42337 ; Retraction
G0 F7200.0 X2.1 Y-3.63731
G1 F2400.0 E909.42337 ; Reversed Retraction
G1 F3000.0 X-3.98374 Y6.90004 E909.82806
G1 F2400.0 E904.82806 ; Retraction
G0 F7200.0 X-2.94446 Y6.90004
G1 F2400.0 E909.82806 ; Reversed Retraction
G1 F3000.0 X-6.90004 Y0.04878 E910.09118
G1 F2400.0 E905.09118 ; Retraction
G0 F7200.0 X-6.90004 Y0.0
G1 F2400.0 E910.09118 ; Reversed Retraction
G1 F3000.0 X2.1 Y0.0 E910.39053
G1 F2400.0 E905.39053 ; Retraction
G0 F7200.0 X2.1 Y3.63731
G1 F2400.0 E910.39053 ; Reversed Retraction
G1 F3000.0 X-3.98374 Y-6.90004 E910.79522
G1 F2400.0 E905.79522 ; Retraction
G0 F7200.0 X-2.94446 Y-6.90004
G1 F2400.0 E910.79522 ; Reversed Retraction
G1 F3000.0 X-6.90004 Y-0.04878 E911.05834
G1 F2400.0 E906.05834 ; Retraction
G0 F7200.0 X-6.90004 Y6.0
G1 F2400.0 E911.05834 ; Reversed Retraction
G1 F3000.0 X2.1 Y6.0 E911.35769
;Layer 125
G0 F1440.0 Z25.2
;Shell(s)
G1 F2400.0 E906.35769 ; Retraction
G0 F7200.0 X-7.3 Y-7.3
G1 F2400.0 E911.35769 ; Reversed Retraction
G1 F3000.0 X-7.3 Y7.3 E911.84328
G1 F3000.0 X2.7 Y7.3 E912.17589
G1 F3000.0 X2.7 Y-7.3 E912.66148
G1 F3000.0 X-7.3 Y-7.3 E912.99409
G1 F2400.0 E907.99409 ; Retraction
G0 F7200.0 X-6.9 Y-6.9
G1 F2400.0 E912.99409 ; Reversed Retraction
G1 F3000.0 X-6.9 Y6.9 E913.45308
G1 F3000.0 X2.3 Y6.9 E913.75907
G1 F3000.0 X2.3 Y-6.9 E914.21806
G1 F3000.0 X-6.9 Y-6.9 E914.52405
;Internal Infill
G1 F2400.0 E909.52405 ; Retraction
G0 F7200.0 X-6.90004 Y-6.0
G1 F2400.0 E914.52405 ; Reversed Retraction
G1 F3000.0 X1.9 Y-6.0 E914.81674
G1 F2400.0 E909.81674 ; Retraction
G0 F7200.0 X1.9 Y-3.2909
G1 F2400.0 E914.81674 ; Reversed Retraction
G1 F3000.0 X-3.98374 Y6.90004 E915.20813
G1 F2400.0 E910.20813 ; Retraction
G0 F7200.0 X-2.94446 Y6.90004
G1 F2400.0 E915.20813 ; Reversed Retraction
G1 F3000.0 X-6.90004 Y0.04878 E915.47126
G1 F2400.0 E910.47126 ; Retraction
G0 F7200.0 X-6.90004 Y0.0
G1 F2400.0 E915.47126 ; Reversed Retraction
G1 F3000.0 X1.9 Y0.0 E915.76395
G1 F2400.0 E910.76395 ; Retraction
G0 F7200.0 X1.9 Y3.2909
G1 F2400.0 E915.76395 ; Reversed Retraction
G1 F3000.0 X-3.98374 Y-6.90004 E916.15534
G1 F2400.0 E911.15534 ; Retraction
G0 F7200.0 X-2.94446 Y-6.90004
G1 F2400.0 E916.15534 ; Reversed Retraction
G1 F3000.0 X-6.90004 Y-0.04878 E916.41846
G1 F2400.0 E911.41846 ; Retraction
G0 F7200.0 X-6.90004 Y6.0
G1 F2400.0 E916.41846 ; Reversed Retraction
G1 F3000.0 X1.9 Y6.0 E916.71115
;Layer 126
G0 F1440.0 Z25.4
;Shell(s)
G1 F2400.0 E911.71115 ; Retraction
G0 F7200.0 X-7.3 Y-7.3
G1 F2400.0 E916.71115 ; Reversed Retraction
G1 F3000.0 X-7.3 Y7.3 E917.19675
G1 F3000.0 X2.5 Y7.3 E917.5227
G1 F3000.0 X2.5 Y-7.3 E918.0083
G1 F3000.0 X-7.3 Y-7.3 E918.33425
G1 F2400.0 E913.33425 ; Retraction
G0 F7200.0 X-6.9 Y-6.9
G1 F2400.0 E918.33425 ; Reversed Retraction
G1 F3000.0 X-6.9 Y6.9 E918.79324
G1 F3000.0 X2.1 Y6.9 E919.09258
G1 F3000.0 X2.1 Y-6.9 E919.55157
G1 F3000.0 X-6.9 Y-6.9 E919.85091
;Internal Infill
G1 F2400.0 E914.85091 ; Retraction
G0 F7200.0 X-6.90004 Y-6.0
G1 F2400.0 E919.85091 ; Reversed Retraction
G1 F3000.0 X1.7 Y-6.0 E920.13695
G1 F2400.0 E915.13695 ; Retraction
G0 F7200.0 X1.7 Y-2.94449
G1 F2400.0 E920.13695 ; Reversed Retraction
G1 F3000.0 X-3.98374 Y6.90004 E920.51503
G1 F2400.0 E915.51503 ; Retraction
G0 F7200.0 X-6.90004 Y6.0
G1 F2400.0 E920.51503 ; Reversed Retraction
G1 F3000.0 X1.7 Y6.0 E920.80107
G1 F2400.0 E915.80107 ; Retraction
G0 F7200.0 X1.7 Y2.94449
G1 F2400.0 E920.80107 ; Reversed Retraction
G1 F3000.0 X-3.98374 Y-6.90004 E921.17915
G1 F2400.0 E916.17915 ; Retraction
G0 F7200.0 X-2.94446 Y-6.90004
G1 F2400.0 E921.17915 ; Reversed Retraction
G1 F3000.0 X-6.90004 Y-0.04878 E921.44228
G1 F2400.0 E916.44228 ; Retraction
G0 F7200.0 X-6.90004 Y0.0
G1 F2400.0 E921.44228 ; Reversed Retraction
G1 F3000.0 X1.7 Y0.0 E921.72832
G1 F2400.0 E916.72832 ; Retraction
G0 F7200.0 X-2.94446 Y6.90004
G1 F2400.0 E921.72832 ; Reversed Retraction
G1 F3000.0 X-6.90004 Y0.04878 E921.99144
;Layer 127
G0 F1440.0 Z25.6
;Shell(s)
G1 F2400.0 E916.99144 ; Retraction
G0 F7200.0 X-7.3 Y-7.3
G1 F2400.0 E921.99144 ; Reversed Retraction
G1 F3000.0 X-7.3 Y7.3 E922.47704
G1 F3000.0 X2.3 Y7.3 E922.79634
G1 F3000.0 X2.3 Y-7.3 E923.28194
G1 F3000.0 X-7.3 Y-7.3 E923.60123
G1 F2400.0 E918.60123 ; Retraction
G0 F7200.0 X-6.9 Y-6.9
G1 F2400.0 E923.60123 ; Reversed Retraction
G1 F3000.0 X-6.9 Y6.9 E924.06022
G1 F3000.0 X1.9 Y6.9 E924.35291
G1 F3000.0 X1.9 Y-6.9 E924.8119
G1 F3000.0 X-6.9 Y-6.9 E925.10459
;Internal Infill
G1 F2400.0 E920.10459 ; Retraction
G0 F7200.0 X-6.90004 Y-6.0
G1 F2400.0 E925.10459 ; Reversed Retraction
G1 F3000.0 X1.5 Y-6.0 E925.38398
G1 F2400.0 E920.38398 ; Retraction
G0 F7200.0 X1.5 Y-2.59808
G1 F2400.0 E925.38398 ; Reversed Retraction
G1 F3000.0 X-3.98374 Y6.90004 E925.74876
G1 F2400.0 E920.74876 ; Retraction
G0 F7200.0 X-2.94446 Y6.90004
G1 F2400.0 E925.74876 ; Reversed Retraction
G1 F3000.0 X-6.90004 Y0.04878 E926.01189
G1 F2400.0 E921.01189 ; Retraction
G0 F7200.0 X-6.90004 Y0.0
G1 F2400.0 E926.01189 ; Reversed Retraction
G1 F3000.0 X1.5 Y0.0 E926.29127
G1 F2400.0 E921.29127 ; Retraction
G0 F7200.0 X1.5 Y2.59808
G1 F2400.0 E926.29127 ; Reversed Retraction
G1 F3000.0 X-3.98374 Y-6.90004 E926.65605
G1 F2400.0 E921.65605 ; Retraction
G0 F7200.0 X-2.94446 Y-6.90004
G1 F2400.0 E926.65605 ; Reversed Retraction
G1 F3000.0 X-6.90004 Y-0.04878 E926.91918
G1 F2400.0 E921.91918 ; Retraction
G0 F7200.0 X-6.90004 Y6.0
G1 F2400.0 E926.91918 ; Reversed Retraction
G1 F3000.0 X1.5 Y6.0 E927.19856
;Layer 128
G0 F1440.0 Z25.8
;Shell(s)
G1 F2400.0 E922.19856 ; Retraction
G0 F7200.0 X-7.3 Y-7.3
G1 F2400.0 E927.19856 ; Reversed Retraction
G1 F3000.0 X-7.3 Y7.3 E927.68416
G1 F3000.0 X2.1 Y7.3 E927.99681
G1 F3000.0 X2.1 Y-7.3 E928.48241
G1 F3000.0 X-7.3 Y-7.3 E928.79505
G1 F2400.0 E923.79505 ; Retraction
G0 F7200.0 X-6.9 Y-6.9
G1 F2400.0 E928.79505 ; Reversed Retraction
G1 F3000.0 X-6.9 Y6.9 E929.25404
G1 F3000.0 X1.7 Y6.9 E929.54008
G1 F3000.0 X1.7 Y-6.9 E929.99907
G1 F3000.0 X-6.9 Y-6.9 E930.2851
;Internal Infill
G1 F2400.0 E925.2851 ; Retraction
G0 F7200.0 X-6.90004 Y-6.0
G1 F2400.0 E930.2851 ; Reversed Retraction
G1 F3000.0 X1.3 Y-6.0 E930.55784
G1 F2400.0 E925.55784 ; Retraction
G0 F7200.0 X1.3 Y-2.25167
G1 F2400.0 E930.55784 ; Reversed Retraction
G1 F3000.0 X-3.98374 Y6.90004 E930.90932
G1 F2400.0 E925.90932 ; Retraction
G0 F7200.0 X-6.90004 Y6.0
G1 F2400.0 E930.90932 ; Reversed Retraction
G1 F3000.0 X1.3 Y6.0 E931.18205
G1 F2400.0 E926.18205 ; Retraction
G0 F7200.0 X1.3 Y2.25167
G1 F2400.0 E931.18205 ; Reversed Retraction
G1 F3000.0 X-3.98374 Y-6.90004 E931.53353
G1 F2400.0 E926.53353 ; Retraction
G0 F7200.0 X-2.94446 Y-6.90004
G1 F2400.0 E931.53353 ; Reversed Retraction
G1 F3000.0 X-6.90004 Y-0.04878 E931.79665
G1 F2400.0 E926.79665 ; Retraction
G0 F7200.0 X-6.90004 Y0.0
G1 F2400.0 E931.79665 ; Reversed Retraction
G1 F3000.0 X1.3 Y0.0 E932.06939
G1 F2400.0 E927.06939 ; Retraction
G0 F7200.0 X-2.94446 Y6.90004
G1 F2400.0 E932.06939 ; Reversed Retraction
G1 F3000.0 X-6.90004 Y0.04878 E932.33251
;Layer 129
G0 F1440.0 Z26.0
;Shell(s)
G1 F2400.0 E927.33251 ; Retraction
G0 F7200.0 X-7.3 Y-7.3
G1 F2400.0 E932.33251 ; Reversed Retraction
G1 F3000.0 X-7.3 Y7.3 E932.81811
G1 F3000.0 X1.9 Y7.3 E933.1241
G1 F3000.0 X1.9 Y-7.3 E933.6097
G1 F3000.0 X-7.3 Y-7.3 E933.91569
G1 F2400.0 E928.91569 ; Retraction
G0 F7200.0 X-6.9 Y-6.9
G1 F2400.0 E933.91569 ; Reversed Retraction
G1 F3000.0 X-6.9 Y6.9 E934.37468
G1 F3000.0 X1.5 Y6.9 E934.65407
G1 F3000.0 X1.5 Y-6.9 E935.11306
G1 F3000.0 X-6.9 Y-6.9 E935.39244
;Internal Infill
G1 F2400.0 E930.39244 ; Retraction
G0 F7200.0 X-6.90004 Y-6.0
G1 F2400.0 E935.39244 ; Reversed Retraction
G1 F3000.0 X1.1 Y-6.0 E935.65853
G1 F2400.0 E930.65853 ; Retraction
G0 F7200.0 X-3.98374 Y-6.90004
G1 F2400.0 E935.65853 ; Reversed Retraction
G1 F3000.0 X1.1 Y1.90526 E935.9967
G1 F2400.0 E930.9967 ; Retraction
G0 F7200.0 X1.1 Y-1.90526
G1 F2400.0 E935.9967 ; Reversed Retraction
G1 F3000.0 X-3.98374 Y6.90004 E936.33487
G1 F2400.0 E931.33487 ; Retraction
G0 F7200.0 X-2.94446 Y6.90004
G1 F2400.0 E936.33487 ; Reversed Retraction
G1 F3000.0 X-6.90004 Y0.04878 E936.598
G1 F2400.0 E931.598 ; Retraction
G0 F7200.0 X-6.90004 Y0.0
G1 F2400.0 E936.598 ; Reversed Retraction
G1 F3000.0 X1.1 Y0.0 E936.86408
G1 F2400.0 E931.86408 ; Retraction
G0 F7200.0 X1.1 Y6.0
G1 F2400.0 E936.86408 ; Reversed Retraction
G1 F3000.0 X-6.90004 Y6.0 E937.13016
G1 F2400.0 E932.13016 ; Retraction
G0 F7200.0 X-6.90004 Y-0.04878
G1 F2400.0 E937.13016 ; Reversed Retraction
G1 F3000.0 X-2.94446 Y-6.90004 E937.39329
;Layer 130
G0 F1440.0 Z26.2
;Shell(s)
G1 F2400.0 E932.39329 ; Retraction
G0 F7200.0 X-7.3 Y-7.3
G1 F2400.0 E937.39329 ; Reversed Retraction
G1 F3000.0 X-7.3 Y7.3 E937.87889
G1 F3000.0 X1.7 Y7.3 E938.17823
G1 F3000.0 X1.7 Y-1.34211 E938.46566
G1 F3000.0 X1.7 Y-7.3 E938.66382
G1 F3000.0 X-7.3 Y-7.3 E938.96317
G1 F2400.0 E933.96317 ; Retraction
G0 F7200.0 X-6.9 Y-6.9
G1 F2400.0 E938.96317 ; Reversed Retraction
G1 F3000.0 X-6.9 Y6.9 E939.42216
G1 F3000.0 X1.3 Y6.9 E939.69489
G1 F3000.0 X1.3 Y-1.34211 E939.96902
G1 F3000.0 X1.3 Y-6.9 E940.15388
G1 F3000.0 X-6.9 Y-6.9 E940.42661
;Internal Infill
G1 F2400.0 E935.42661 ; Retraction
G0 F7200.0 X-6.90004 Y-6.0
G1 F2400.0 E940.42661 ; Reversed Retraction
G1 F3000.0 X0.9 Y-6.0 E940.68604
G1 F2400.0 E935.68604 ; Retraction
G0 F7200.0 X-3.98374 Y-6.90004
G1 F2400.0 E940.68604 ; Reversed Retraction
G1 F3000.0 X0.9 Y1.55885 E941.01091
G1 F2400.0 E936.01091 ; Retraction
G0 F7200.0 X0.9 Y0.0
G1 F2400.0 E941.01091 ; Reversed Retraction
G1 F3000.0 X-6.90004 Y0.0 E941.27034
G1 F2400.0 E936.27034 ; Retraction
G0 F7200.0 X-6.90004 Y-0.04878
G1 F2400.0 E941.27034 ; Reversed Retraction
G1 F3000.0 X-2.94446 Y-6.90004 E941.53347
G1 F2400.0 E936.53347 ; Retraction
G0 F7200.0 X0.9 Y-1.55885
G1 F2400.0 E941.53347 ; Reversed Retraction
G1 F3000.0 X-3.98374 Y6.90004 E941.85833
G1 F2400.0 E936.85833 ; Retraction
G0 F7200.0 X-2.94446 Y6.90004
G1 F2400.0 E941.85833 ; Reversed Retraction
G1 F3000.0 X-6.90004 Y0.04878 E942.12146
G1 F2400.0 E937.12146 ; Retraction
G0 F7200.0 X-6.90004 Y6.0
G1 F2400.0 E942.12146 ; Reversed Retraction
G1 F3000.0 X0.9 Y6.0 E942.38089
;Layer 131
G0 F1440.0 Z26.4
;Shell(s)
G1 F2400.0 E937.38089 ; Retraction
G0 F7200.0 X-7.3 Y-7.3
G1 F2400.0 E942.38089 ; Reversed Retraction
G1 F3000.0 X-7.3 Y7.3 E942.86649
G1 F3000.0 X1.5 Y7.3 E943.15918
G1 F3000.0 X1.5 Y-7.3 E943.64478
G1 F3000.0 X-7.3 Y-7.3 E943.93747
G1 F2400.0 E938.93747 ; Retraction
G0 F7200.0 X-6.9 Y-6.9
G1 F2400.0 E943.93747 ; Reversed Retraction
G1 F3000.0 X-6.9 Y6.9 E944.39646
G1 F3000.0 X1.1 Y6.9 E944.66254
G1 F3000.0 X1.1 Y-6.9 E945.12153
G1 F3000.0 X-6.9 Y-6.9 E945.38761
;Internal Infill
G1 F2400.0 E940.38761 ; Retraction
G0 F7200.0 X-6.90004 Y-6.0
G1 F2400.0 E945.38761 ; Reversed Retraction
G1 F3000.0 X0.7 Y-6.0 E945.64039
G1 F2400.0 E940.64039 ; Retraction
G0 F7200.0 X-3.98374 Y-6.90004
G1 F2400.0 E945.64039 ; Reversed Retraction
G1 F3000.0 X0.7 Y1.21244 E945.95195
G1 F2400.0 E940.95195 ; Retraction
G0 F7200.0 X0.7 Y-1.21244
G1 F2400.0 E945.95195 ; Reversed Retraction
G1 F3000.0 X-3.98374 Y6.90004 E946.26351
G1 F2400.0 E941.26351 ; Retraction
G0 F7200.0 X-2.94446 Y6.90004
G1 F2400.0 E946.26351 ; Reversed Retraction
G1 F3000.0 X-6.90004 Y0.04878 E946.52664
G1 F2400.0 E941.52664 ; Retraction
G0 F7200.0 X-6.90004 Y0.0
G1 F2400.0 E946.52664 ; Reversed Retraction
G1 F3000.0 X0.7 Y0.0 E946.77942
G1 F2400.0 E941.77942 ; Retraction
G0 F7200.0 X0.7 Y6.0
G1 F2400.0 E946.77942 ; Reversed Retraction
G1 F3000.0 X-6.90004 Y6.0 E947.0322
G1 F2400.0 E942.0322 ; Retraction
G0 F7200.0 X-6.90004 Y-0.04878
G1 F2400.0 E947.0322 ; Reversed Retraction
G1 F3000.0 X-2.94446 Y-6.90004 E947.29532
;Layer 132
G0 F1440.0 Z26.6
;Shell(s)
G1 F2400.0 E942.29532 ; Retraction
G0 F7200.0 X-7.3 Y-7.3
G1 F2400.0 E947.29532 ; Reversed Retraction
G1 F3000.0 X-7.3 Y7.3 E947.78092
G1 F3000.0 X1.3 Y7.3 E948.06696
G1 F3000.0 X1.3 Y-1.97368 E948.3754
G1 F3000.0 X1.3 Y-7.3 E948.55256
G1 F3000.0 X-7.3 Y-7.3 E948.83859
G1 F2400.0 E943.83859 ; Retraction
G0 F7200.0 X-6.9 Y-6.9
G1 F2400.0 E948.83859 ; Reversed Retraction
G1 F3000.0 X-6.9 Y6.9 E949.29758
G1 F3000.0 X0.9 Y6.9 E949.55701
G1 F3000.0 X0.9 Y-1.97368 E949.85215
G1 F3000.0 X0.9 Y-6.9 E950.016
G1 F3000.0 X-6.9 Y-6.9 E950.27543
;Internal Infill
G1 F2400.0 E945.27543 ; Retraction
G0 F7200.0 X-6.90004 Y-6.0
G1 F2400.0 E950.27543 ; Reversed Retraction
G1 F3000.0 X0.5 Y-6.0 E950.52156
G1 F2400.0 E945.52156 ; Retraction
G0 F7200.0 X-3.98374 Y-6.90004
G1 F2400.0 E950.52156 ; Reversed Retraction
G1 F3000.0 X0.5 Y0.86603 E950.81982
G1 F2400.0 E945.81982 ; Retraction
G0 F7200.0 X0.5 Y-0.86603
G1 F2400.0 E950.81982 ; Reversed Retraction
G1 F3000.0 X-3.98374 Y6.90004 E951.11808
G1 F2400.0 E946.11808 ; Retraction
G0 F7200.0 X-2.94446 Y6.90004
G1 F2400.0 E951.11808 ; Reversed Retraction
G1 F3000.0 X-6.90004 Y0.04878 E951.3812
G1 F2400.0 E946.3812 ; Retraction
G0 F7200.0 X-6.90004 Y0.0
G1 F2400.0 E951.3812 ; Reversed Retraction
G1 F3000.0 X0.5 Y0.0 E951.62733
G1 F2400.0 E946.62733 ; Retraction
G0 F7200.0 X0.5 Y6.0
G1 F2400.0 E951.62733 ; Reversed Retraction
G1 F3000.0 X-6.90004 Y6.0 E951.87345
G1 F2400.0 E946.87345 ; Retraction
G0 F7200.0 X-6.90004 Y-0.04878
G1 F2400.0 E951.87345 ; Reversed Retraction
G1 F3000.0 X-2.94446 Y-6.90004 E952.13658
;Layer 133
G0 F1440.0 Z26.8
;Shell(s)
G1 F2400.0 E947.13658 ; Retraction
G0 F7200.0 X-7.3 Y-7.3
G1 F2400.0 E952.13658 ; Reversed Retraction
G1 F3000.0 X-7.3 Y7.3 E952.62218
G1 F3000.0 X1.1 Y7.3 E952.90156
G1 F3000.0 X1.1 Y-2.28947 E953.22051
G1 F3000.0 X1.1 Y-7.3 E953.38716
G1 F3000.0 X-7.3 Y-7.3 E953.66655
G1 F2400.0 E948.66655 ; Retraction
G0 F7200.0 X-6.9 Y-6.9
G1 F2400.0 E953.66655 ; Reversed Retraction
G1 F3000.0 X-6.9 Y6.9 E954.12554
G1 F3000.0 X0.7 Y6.9 E954.37831
G1 F3000.0 X0.7 Y-2.28947 E954.68396
G1 F3000.0 X0.7 Y-6.9 E954.8373
G1 F3000.0 X-6.9 Y-6.9 E955.09008
;Internal Infill
G1 F2400.0 E950.09008 ; Retraction
G0 F7200.0 X-6.90004 Y-6.0
G1 F2400.0 E955.09008 ; Reversed Retraction
G1 F3000.0 X0.3 Y-6.0 E955.32956
G1 F2400.0 E950.32956 ; Retraction
G0 F7200.0 X-3.98374 Y-6.90004
G1 F2400.0 E955.32956 ; Reversed Retraction
G1 F3000.0 X0.3 Y0.51962 E955.61451
G1 F2400.0 E950.61451 ; Retraction
G0 F7200.0 X0.3 Y0.0
G1 F2400.0 E955.61451 ; Reversed Retraction
G1 F3000.0 X-6.90004 Y0.0 E955.85399
G1 F2400.0 E950.85399 ; Retraction
G0 F7200.0 X-6.90004 Y-0.04878
G1 F2400.0 E955.85399 ; Reversed Retraction
G1 F3000.0 X-2.94446 Y-6.90004 E956.11711
G1 F2400.0 E951.11711 ; Retraction
G0 F7200.0 X0.3 Y-0.51962
G1 F2400.0 E956.11711 ; Reversed Retraction
G1 F3000.0 X-3.98374 Y6.90004 E956.40207
G1 F2400.0 E951.40207 ; Retraction
G0 F7200.0 X-6.90004 Y6.0
G1 F2400.0 E956.40207 ; Reversed Retraction
G1 F3000.0 X0.3 Y6.0 E956.64154
G1 F2400.0 E951.64154 ; Retraction
G0 F7200.0 X-2.94446 Y6.90004
G1 F2400.0 E956.64154 ; Reversed Retraction
G1 F3000.0 X-6.90004 Y0.04878 E956.90467
;Layer 134
G0 F1440.0 Z27.0
;Shell(s)
G1 F2400.0 E951.90467 ; Retraction
G0 F7200.0 X-7.3 Y-7.3
G1 F2400.0 E956.90467 ; Reversed Retraction
G1 F3000.0 X-7.3 Y7.3 E957.39027
G1 F3000.0 X0.9 Y7.3 E957.663
G1 F3000.0 X0.9 Y-2.60526 E957.99245
G1 F3000.0 X0.9 Y-7.3 E958.1486
G1 F3000.0 X-7.3 Y-7.3 E958.42133
G1 F2400.0 E953.42133 ; Retraction
G0 F7200.0 X-6.9 Y-6.9
G1 F2400.0 E958.42133 ; Reversed Retraction
G1 F3000.0 X-6.9 Y6.9 E958.88032
G1 F3000.0 X0.5 Y6.9 E959.12644
G1 F3000.0 X0.5 Y-2.60526 E959.44259
G1 F3000.0 X0.5 Y-6.9 E959.58543
G1 F3000.0 X-6.9 Y-6.9 E959.83156
;Internal Infill
G1 F2400.0 E954.83156 ; Retraction
G0 F7200.0 X-6.90004 Y-6.0
G1 F2400.0 E959.83156 ; Reversed Retraction
G1 F3000.0 X0.1 Y-6.0 E960.06438
G1 F2400.0 E955.06438 ; Retraction
G0 F7200.0 X-3.98374 Y-6.90004
G1 F2400.0 E960.06438 ; Reversed Retraction
G1 F3000.0 X0.1 Y0.17321 E960.33603
G1 F2400.0 E955.33603 ; Retraction
G0 F7200.0 X0.1 Y-0.17321
G1 F2400.0 E960.33603 ; Reversed Retraction
G1 F3000.0 X-3.98374 Y6.90004 E960.60768
G1 F2400.0 E955.60768 ; Retraction
G0 F7200.0 X-2.94446 Y6.90004
G1 F2400.0 E960.60768 ; Reversed Retraction
G1 F3000.0 X-6.90004 Y0.04878 E960.87081
G1 F2400.0 E955.87081 ; Retraction
G0 F7200.0 X-6.90004 Y0.0
G1 F2400.0 E960.87081 ; Reversed Retraction
G1 F3000.0 X0.1 Y0.0 E961.10363
G1 F2400.0 E956.10363 ; Retraction
G0 F7200.0 X0.1 Y6.0
G1 F2400.0 E961.10363 ; Reversed Retraction
G1 F3000.0 X-6.90004 Y6.0 E961.33646
G1 F2400.0 E956.33646 ; Retraction
G0 F7200.0 X-6.90004 Y-0.04878
G1 F2400.0 E961.33646 ; Reversed Retraction
G1 F3000.0 X-2.94446 Y-6.90004 E961.59958
;Layer 135
G0 F1440.0 Z27.2
;Shell(s)
G1 F2400.0 E956.59958 ; Retraction
G0 F7200.0 X-7.3 Y-7.3
G1 F2400.0 E961.59958 ; Reversed Retraction
G1 F3000.0 X-7.3 Y7.3 E962.08518
G1 F3000.0 X0.7 Y7.3 E962.35126
G1 F3000.0 X0.7 Y-7.3 E962.83686
G1 F3000.0 X-7.3 Y-7.3 E963.10294
G1 F2400.0 E958.10294 ; Retraction
G0 F7200.0 X-6.9 Y-6.9
G1 F2400.0 E963.10294 ; Reversed Retraction
G1 F3000.0 X-6.9 Y6.9 E963.56193
G1 F3000.0 X0.3 Y6.9 E963.8014
G1 F3000.0 X0.3 Y-6.9 E964.26039
G1 F3000.0 X-6.9 Y-6.9 E964.49987
;Internal Infill
G1 F2400.0 E959.49987 ; Retraction
G0 F7200.0 X-6.90004 Y-6.0
G1 F2400.0 E964.49987 ; Reversed Retraction
G1 F3000.0 X-0.1 Y-6.0 E964.72604
G1 F2400.0 E959.72604 ; Retraction
G0 F7200.0 X-3.98374 Y-6.90004
G1 F2400.0 E964.72604 ; Reversed Retraction
G1 F3000.0 X-0.1 Y-0.17321 E964.98438
G1 F2400.0 E959.98438 ; Retraction
G0 F7200.0 X-0.1 Y0.0
G1 F2400.0 E964.98438 ; Reversed Retraction
G1 F3000.0 X-6.90004 Y0.0 E965.21055
G1 F2400.0 E960.21055 ; Retraction
G0 F7200.0 X-6.90004 Y-0.04878
G1 F2400.0 E965.21055 ; Reversed Retraction
G1 F3000.0 X-2.94446 Y-6.90004 E965.47368
G1 F2400.0 E960.47368 ; Retraction
G0 F7200.0 X-0.1 Y0.17321
G1 F2400.0 E965.47368 ; Reversed Retraction
G1 F3000.0 X-3.98374 Y6.90004 E965.73203
G1 F2400.0 E960.73203 ; Retraction
G0 F7200.0 X-6.90004 Y6.0
G1 F2400.0 E965.73203 ; Reversed Retraction
G1 F3000.0 X-0.1 Y6.0 E965.9582
G1 F2400.0 E960.9582 ; Retraction
G0 F7200.0 X-2.94446 Y6.90004
G1 F2400.0 E965.9582 ; Reversed Retraction
G1 F3000.0 X-6.90004 Y0.04878 E966.22132
;Layer 136
G0 F1440.0 Z27.4
;Shell(s)
G1 F2400.0 E961.22132 ; Retraction
G0 F7200.0 X-7.3 Y-7.3
G1 F2400.0 E966.22132 ; Reversed Retraction
G1 F3000.0 X-7.3 Y7.3 E966.70692
G1 F3000.0 X0.5 Y7.3 E966.96635
G1 F3000.0 X0.5 Y-7.3 E967.45195
G1 F3000.0 X-7.3 Y-7.3 E967.71138
G1 F2400.0 E962.71138 ; Retraction
G0 F7200.0 X-6.9 Y-6.9
G1 F2400.0 E967.71138 ; Reversed Retraction
G1 F3000.0 X-6.9 Y6.9 E968.17037
G1 F3000.0 X0.1 Y6.9 E968.40319
G1 F3000.0 X0.1 Y-6.9 E968.86218
G1 F3000.0 X-6.9 Y-6.9 E969.095
;Internal Infill
G1 F2400.0 E964.095 ; Retraction
G0 F7200.0 X-6.90004 Y-6.0
G1 F2400.0 E969.095 ; Reversed Retraction
G1 F3000.0 X-0.3 Y-6.0 E969.31452
G1 F2400.0 E964.31452 ; Retraction
G0 F7200.0 X-3.98374 Y-6.90004
G1 F2400.0 E969.31452 ; Reversed Retraction
G1 F3000.0 X-0.3 Y-0.51962 E969.55956
G1 F2400.0 E964.55956 ; Retraction
G0 F7200.0 X-0.3 Y0.0
G1 F2400.0 E969.55956 ; Reversed Retraction
G1 F3000.0 X-6.90004 Y0.0 E969.77908
G1 F2400.0 E964.77908 ; Retraction
G0 F7200.0 X-6.90004 Y-0.04878
G1 F2400.0 E969.77908 ; Reversed Retraction
G1 F3000.0 X-2.94446 Y-6.90004 E970.0422
G1 F2400.0 E965.0422 ; Retraction
G0 F7200.0 X-0.3 Y0.51962
G1 F2400.0 E970.0422 ; Reversed Retraction
G1 F3000.0 X-3.98374 Y6.90004 E970.28725
G1 F2400.0 E965.28725 ; Retraction
G0 F7200.0 X-2.94446 Y6.90004
G1 F2400.0 E970.28725 ; Reversed Retraction
G1 F3000.0 X-6.90004 Y0.04878 E970.55037
G1 F2400.0 E965.55037 ; Retraction
G0 F7200.0 X-6.90004 Y6.0
G1 F2400.0 E970.55037 ; Reversed Retraction
G1 F3000.0 X-0.3 Y6.0 E970.76989
;Layer 137
G0 F1440.0 Z27.6
;Shell(s)
G1 F2400.0 E965.76989 ; Retraction
G0 F7200.0 X-7.3 Y-7.3
G1 F2400.0 E970.76989 ; Reversed Retraction
G1 F3000.0 X-7.3 Y7.3 E971.25549
G1 F3000.0 X0.3 Y7.3 E971.50827
G1 F3000.0 X0.3 Y-3.55263 E971.86923
G1 F3000.0 X0.3 Y-7.3 E971.99386
G1 F3000.0 X-7.3 Y-7.3 E972.24664
G1 F2400.0 E967.24664 ; Retraction
G0 F7200.0 X-6.9 Y-6.9
G1 F2400.0 E972.24664 ; Reversed Retraction
G1 F3000.0 X-6.9 Y6.9 E972.70563
G1 F3000.0 X-0.1 Y6.9 E972.9318
G1 F3000.0 X-0.1 Y-3.55263 E973.27946
G1 F3000.0 X-0.1 Y-6.9 E973.39079
G1 F3000.0 X-6.9 Y-6.9 E973.61696
;Internal Infill
G1 F2400.0 E968.61696 ; Retraction
G0 F7200.0 X-6.90004 Y-6.0
G1 F2400.0 E973.61696 ; Reversed Retraction
G1 F3000.0 X-0.5 Y-6.0 E973.82983
G1 F2400.0 E968.82983 ; Retraction
G0 F7200.0 X-3.98374 Y-6.90004
G1 F2400.0 E973.82983 ; Reversed Retraction
G1 F3000.0 X-0.5 Y-0.86603 E974.06156
G1 F2400.0 E969.06156 ; Retraction
G0 F7200.0 X-0.5 Y0.0
G1 F2400.0 E974.06156 ; Reversed Retraction
G1 F3000.0 X-6.90004 Y0.0 E974.27443
G1 F2400.0 E969.27443 ; Retraction
G0 F7200.0 X-6.90004 Y-0.04878
G1 F2400.0 E974.27443 ; Reversed Retraction
G1 F3000.0 X-2.94446 Y-6.90004 E974.53756
G1 F2400.0 E969.53756 ; Retraction
G0 F7200.0 X-6.90004 Y0.04878
G1 F2400.0 E974.53756 ; Reversed Retraction
G1 F3000.0 X-2.94446 Y6.90004 E974.80068
G1 F2400.0 E969.80068 ; Retraction
G0 F7200.0 X-3.98374 Y6.90004
G1 F2400.0 E974.80068 ; Reversed Retraction
G1 F3000.0 X-0.5 Y0.86603 E975.03242
G1 F2400.0 E970.03242 ; Retraction
G0 F7200.0 X-0.5 Y6.0
G1 F2400.0 E975.03242 ; Reversed Retraction
G1 F3000.0 X-6.90004 Y6.0 E975.24529
;Layer 138
G0 F1440.0 Z27.8
;Shell(s)
G1 F2400.0 E970.24529 ; Retraction
G0 F7200.0 X-7.3 Y-7.3
G1 F2400.0 E975.24529 ; Reversed Retraction
G1 F3000.0 X-7.3 Y7.3 E975.73089
G1 F3000.0 X0.1 Y7.3 E975.97701
G1 F3000.0 X0.1 Y-7.3 E976.46261
G1 F3000.0 X-7.3 Y-7.3 E976.70873
G1 F2400.0 E971.70873 ; Retraction
G0 F7200.0 X-6.9 Y-6.9
G1 F2400.0 E976.70873 ; Reversed Retraction
G1 F3000.0 X-6.9 Y6.9 E977.16772
G1 F3000.0 X-0.3 Y6.9 E977.38724
G1 F3000.0 X-0.3 Y-6.9 E977.84623
G1 F3000.0 X-6.9 Y-6.9 E978.06575
;Internal Infill
G1 F2400.0 E973.06575 ; Retraction
G0 F7200.0 X-6.90004 Y-6.0
G1 F2400.0 E978.06575 ; Reversed Retraction
G1 F3000.0 X-0.7 Y-6.0 E978.27196
G1 F2400.0 E973.27196 ; Retraction
G0 F7200.0 X-3.98374 Y-6.90004
G1 F2400.0 E978.27196 ; Reversed Retraction
G1 F3000.0 X-0.7 Y-1.21244 E978.4904
G1 F2400.0 E973.4904 ; Retraction
G0 F7200.0 X-0.7 Y0.0
G1 F2400.0 E978.4904 ; Reversed Retraction
G1 F3000.0 X-6.90004 Y0.0 E978.69661
G1 F2400.0 E973.69661 ; Retraction
G0 F7200.0 X-6.90004 Y-0.04878
G1 F2400.0 E978.69661 ; Reversed Retraction
G1 F3000.0 X-2.94446 Y-6.90004 E978.95974
G1 F2400.0 E973.95974 ; Retraction
G0 F7200.0 X-6.90004 Y0.04878
G1 F2400.0 E978.95974 ; Reversed Retraction
G1 F3000.0 X-2.94446 Y6.90004 E979.22286
G1 F2400.0 E974.22286 ; Retraction
G0 F7200.0 X-3.98374 Y6.90004
G1 F2400.0 E979.22286 ; Reversed Retraction
G1 F3000.0 X-0.7 Y1.21244 E979.4413
G1 F2400.0 E974.4413 ; Retraction
G0 F7200.0 X-0.7 Y6.0
G1 F2400.0 E979.4413 ; Reversed Retraction
G1 F3000.0 X-6.90004 Y6.0 E979.64751
;Layer 139
G0 F1440.0 Z28.0
;Shell(s)
G1 F2400.0 E974.64751 ; Retraction
G0 F7200.0 X-7.3 Y-7.3
G1 F2400.0 E979.64751 ; Reversed Retraction
G1 F3000.0 X-7.3 Y7.3 E980.13311
G1 F3000.0 X-0.1 Y7.3 E980.37258
G1 F3000.0 X-0.1 Y-7.3 E980.85818
G1 F3000.0 X-7.3 Y-7.3 E981.09765
G1 F2400.0 E976.09765 ; Retraction
G0 F7200.0 X-6.9 Y-6.9
G1 F2400.0 E981.09765 ; Reversed Retraction
G1 F3000.0 X-6.9 Y6.9 E981.55664
G1 F3000.0 X-0.5 Y6.9 E981.76951
G1 F3000.0 X-0.5 Y-6.9 E982.2285
G1 F3000.0 X-6.9 Y-6.9 E982.44136
;Internal Infill
G1 F2400.0 E977.44136 ; Retraction
G0 F7200.0 X-6.90004 Y-6.0
G1 F2400.0 E982.44136 ; Reversed Retraction
G1 F3000.0 X-0.9 Y-6.0 E982.64093
G1 F2400.0 E977.64093 ; Retraction
G0 F7200.0 X-3.98374 Y-6.90004
G1 F2400.0 E982.64093 ; Reversed Retraction
G1 F3000.0 X-0.9 Y-1.55885 E982.84606
G1 F2400.0 E977.84606 ; Retraction
G0 F7200.0 X-0.9 Y0.0
G1 F2400.0 E982.84606 ; Reversed Retraction
G1 F3000.0 X-6.90004 Y0.0 E983.04562
G1 F2400.0 E978.04562 ; Retraction
G0 F7200.0 X-6.90004 Y-0.04878
G1 F2400.0 E983.04562 ; Reversed Retraction
G1 F3000.0 X-2.94446 Y-6.90004 E983.30875
G1 F2400.0 E978.30875 ; Retraction
G0 F7200.0 X-6.90004 Y0.04878
G1 F2400.0 E983.30875 ; Reversed Retraction
G1 F3000.0 X-2.94446 Y6.90004 E983.57187
G1 F2400.0 E978.57187 ; Retraction
G0 F7200.0 X-3.98374 Y6.90004
G1 F2400.0 E983.57187 ; Reversed Retraction
G1 F3000.0 X-0.9 Y1.55885 E983.777
G1 F2400.0 E978.777 ; Retraction
G0 F7200.0 X-0.9 Y6.0
G1 F2400.0 E983.777 ; Reversed Retraction
G1 F3000.0 X-6.90004 Y6.0 E983.97656
;Layer 140
G0 F1440.0 Z28.2
;Shell(s)
G1 F2400.0 E978.97656 ; Retraction
G0 F7200.0 X-7.3 Y-7.3
G1 F2400.0 E983.97656 ; Reversed Retraction
G1 F3000.0 X-7.3 Y7.3 E984.46216
G1 F3000.0 X-0.3 Y7.3 E984.69498
G1 F3000.0 X-0.3 Y-4.5 E985.08745
G1 F3000.0 X-0.3 Y-7.3 E985.18058
G1 F3000.0 X-7.3 Y-7.3 E985.4134
G1 F2400.0 E980.4134 ; Retraction
G0 F7200.0 X-6.9 Y-6.9
G1 F2400.0 E985.4134 ; Reversed Retraction
G1 F3000.0 X-6.9 Y6.9 E985.87239
G1 F3000.0 X-0.7 Y6.9 E986.07861
G1 F3000.0 X-0.7 Y-4.5 E986.45777
G1 F3000.0 X-0.7 Y-6.9 E986.5376
G1 F3000.0 X-6.9 Y-6.9 E986.74381
;Internal Infill
G1 F2400.0 E981.74381 ; Retraction
G0 F7200.0 X-6.90004 Y-6.0
G1 F2400.0 E986.74381 ; Reversed Retraction
G1 F3000.0 X-1.1 Y-6.0 E986.93672
G1 F2400.0 E981.93672 ; Retraction
G0 F7200.0 X-3.98374 Y-6.90004
G1 F2400.0 E986.93672 ; Reversed Retraction
G1 F3000.0 X-1.1 Y-1.90526 E987.12855
G1 F2400.0 E982.12855 ; Retraction
G0 F7200.0 X-1.1 Y0.0
G1 F2400.0 E987.12855 ; Reversed Retraction
G1 F3000.0 X-6.90004 Y0.0 E987.32146
G1 F2400.0 E982.32146 ; Retraction
G0 F7200.0 X-6.90004 Y-0.04878
G1 F2400.0 E987.32146 ; Reversed Retraction
G1 F3000.0 X-2.94446 Y-6.90004 E987.58458
G1 F2400.0 E982.58458 ; Retraction
G0 F7200.0 X-6.90004 Y0.04878
G1 F2400.0 E987.58458 ; Reversed Retraction
G1 F3000.0 X-2.94446 Y6.90004 E987.84771
G1 F2400.0 E982.84771 ; Retraction
G0 F7200.0 X-1.1 Y6.0
G1 F2400.0 E987.84771 ; Reversed Retraction
G1 F3000.0 X-6.90004 Y6.0 E988.04062
G1 F2400.0 E983.04062 ; Retraction
G0 F7200.0 X-3.98374 Y6.90004
G1 F2400.0 E988.04062 ; Reversed Retraction
G1 F3000.0 X-1.1 Y1.90526 E988.23244
;Layer 141
G0 F1440.0 Z28.4
;Shell(s)
G1 F2400.0 E983.23244 ; Retraction
G0 F7200.0 X-7.3 Y-7.3
G1 F2400.0 E988.23244 ; Reversed Retraction
G1 F3000.0 X-7.3 Y7.3 E988.71804
G1 F3000.0 X-0.5 Y7.3 E988.94421
G1 F3000.0 X-0.5 Y-4.81579 E989.34718
G1 F3000.0 X-0.5 Y-7.3 E989.42981
G1 F3000.0 X-7.3 Y-7.3 E989.65598
G1 F2400.0 E984.65598 ; Retraction
G0 F7200.0 X-6.9 Y-6.9
G1 F2400.0 E989.65598 ; Reversed Retraction
G1 F3000.0 X-6.9 Y6.9 E990.11497
G1 F3000.0 X-0.9 Y6.9 E990.31453
G1 F3000.0 X-0.9 Y-4.81579 E990.7042
G1 F3000.0 X-0.9 Y-6.9 E990.77352
G1 F3000.0 X-6.9 Y-6.9 E990.97308
;Internal Infill
G1 F2400.0 E985.97308 ; Retraction
G0 F7200.0 X-6.90004 Y-6.0
G1 F2400.0 E990.97308 ; Reversed Retraction
G1 F3000.0 X-1.3 Y-6.0 E991.15934
G1 F2400.0 E986.15934 ; Retraction
G0 F7200.0 X-3.98374 Y-6.90004
G1 F2400.0 E991.15934 ; Reversed Retraction
G1 F3000.0 X-1.3 Y-2.25167 E991.33786
G1 F2400.0 E986.33786 ; Retraction
G0 F7200.0 X-1.3 Y0.0
G1 F2400.0 E991.33786 ; Reversed Retraction
G1 F3000.0 X-6.90004 Y0.0 E991.52412
G1 F2400.0 E986.52412 ; Retraction
G0 F7200.0 X-6.90004 Y-0.04878
G1 F2400.0 E991.52412 ; Reversed Retraction
G1 F3000.0 X-2.94446 Y-6.90004 E991.78725
G1 F2400.0 E986.78725 ; Retraction
G0 F7200.0 X-6.90004 Y0.04878
G1 F2400.0 E991.78725 ; Reversed Retraction
G1 F3000.0 X-2.94446 Y6.90004 E992.05037
G1 F2400.0 E987.05037 ; Retraction
G0 F7200.0 X-3.98374 Y6.90004
G1 F2400.0 E992.05037 ; Reversed Retraction
G1 F3000.0 X-1.3 Y2.25167 E992.22889
G1 F2400.0 E987.22889 ; Retraction
G0 F7200.0 X-1.3 Y6.0
G1 F2400.0 E992.22889 ; Reversed Retraction
G1 F3000.0 X-6.90004 Y6.0 E992.41515
;Layer 142
G0 F1440.0 Z28.6
;Shell(s)
G1 F2400.0 E987.41515 ; Retraction
G0 F7200.0 X-7.3 Y-7.3
G1 F2400.0 E992.41515 ; Reversed Retraction
G1 F3000.0 X-7.3 Y7.3 E992.90075
G1 F3000.0 X-0.7 Y7.3 E993.12027
G1 F3000.0 X-0.7 Y-7.3 E993.60587
G1 F3000.0 X-7.3 Y-7.3 E993.82538
G1 F2400.0 E988.82538 ; Retraction
G0 F7200.0 X-6.9 Y-6.9
G1 F2400.0 E993.82538 ; Reversed Retraction
G1 F3000.0 X-6.9 Y6.9 E994.28437
G1 F3000.0 X-1.1 Y6.9 E994.47728
G1 F3000.0 X-1.1 Y-6.9 E994.93627
G1 F3000.0 X-6.9 Y-6.9 E995.12918
;Internal Infill
G1 F2400.0 E990.12918 ; Retraction
G0 F7200.0 X-6.90004 Y-6.0
G1 F2400.0 E995.12918 ; Reversed Retraction
G1 F3000.0 X-1.5 Y-6.0 E995.30879
G1 F2400.0 E990.30879 ; Retraction
G0 F7200.0 X-2.94446 Y-6.90004
G1 F2400.0 E995.30879 ; Reversed Retraction
G1 F3000.0 X-6.90004 Y-0.04878 E995.57191
G1 F2400.0 E990.57191 ; Retraction
G0 F7200.0 X-6.90004 Y0.0
G1 F2400.0 E995.57191 ; Reversed Retraction
G1 F3000.0 X-1.5 Y0.0 E995.75152
G1 F2400.0 E990.75152 ; Retraction
G0 F7200.0 X-1.5 Y-2.59808
G1 F2400.0 E995.75152 ; Reversed Retraction
G1 F3000.0 X-3.98374 Y-6.90004 E995.91674
G1 F2400.0 E990.91674 ; Retraction
G0 F7200.0 X-6.90004 Y0.04878
G1 F2400.0 E995.91674 ; Reversed Retraction
G1 F3000.0 X-2.94446 Y6.90004 E996.17986
G1 F2400.0 E991.17986 ; Retraction
G0 F7200.0 X-3.98374 Y6.90004
G1 F2400.0 E996.17986 ; Reversed Retraction
G1 F3000.0 X-1.5 Y2.59808 E996.34508
G1 F2400.0 E991.34508 ; Retraction
G0 F7200.0 X-1.5 Y6.0
G1 F2400.0 E996.34508 ; Reversed Retraction
G1 F3000.0 X-6.90004 Y6.0 E996.52469
;Layer 143
G0 F1440.0 Z28.8
;Shell(s)
G1 F2400.0 E991.52469 ; Retraction
G0 F7200.0 X-7.3 Y-7.3
G1 F2400.0 E996.52469 ; Reversed Retraction
G1 F3000.0 X-7.3 Y7.3 E997.01029
G1 F3000.0 X-0.9 Y7.3 E997.22315
G1 F3000.0 X-0.9 Y-7.3 E997.70875
G1 F3000.0 X-7.3 Y-7.3 E997.92161
G1 F2400.0 E992.92161 ; Retraction
G0 F7200.0 X-6.9 Y-6.9
G1 F2400.0 E997.92161 ; Reversed Retraction
G1 F3000.0 X-6.9 Y6.9 E998.3806
G1 F3000.0 X-1.3 Y6.9 E998.56686
G1 F3000.0 X-1.3 Y-6.9 E999.02585
G1 F3000.0 X-6.9 Y-6.9 E999.21211
;Internal Infill
G1 F2400.0 E994.21211 ; Retraction
G0 F7200.0 X-6.90004 Y-6.0
G1 F2400.0 E999.21211 ; Reversed Retraction
G1 F3000.0 X-1.7 Y-6.0 E999.38506
G1 F2400.0 E994.38506 ; Retraction
G0 F7200.0 X-2.94446 Y-6.90004
G1 F2400.0 E999.38506 ; Reversed Retraction
G1 F3000.0 X-6.90004 Y-0.04878 E999.64819
G1 F2400.0 E994.64819 ; Retraction
G0 F7200.0 X-6.90004 Y0.0
G1 F2400.0 E999.64819 ; Reversed Retraction
G1 F3000.0 X-1.7 Y0.0 E999.82114
G1 F2400.0 E994.82114 ; Retraction
G0 F7200.0 X-1.7 Y-2.94449
G1 F2400.0 E999.82114 ; Reversed Retraction
G1 F3000.0 X-3.98374 Y-6.90004 E999.97306
G1 F2400.0 E994.97306 ; Retraction
G0 F7200.0 X-6.90004 Y0.04878
G1 F2400.0 E999.97306 ; Reversed Retraction
G1 F3000.0 X-2.94446 Y6.90004 E1000.23618
G1 F2400.0 E995.23618 ; Retraction
G0 F7200.0 X-3.98374 Y6.90004
G1 F2400.0 E1000.23618 ; Reversed Retraction
G1 F3000.0 X-1.7 Y2.94449 E1000.3881
G1 F2400.0 E995.3881 ; Retraction
G0 F7200.0 X-1.7 Y6.0
G1 F2400.0 E1000.3881 ; Reversed Retraction
G1 F3000.0 X-6.90004 Y6.0 E1000.56105
;Layer 144
G0 F1440.0 Z29.0
;Shell(s)
G1 F2400.0 E995.56105 ; Retraction
G0 F7200.0 X-7.3 Y-7.3
G1 F2400.0 E1000.56105 ; Reversed Retraction
G1 F3000.0 X-7.3 Y7.3 E1001.04665
G1 F3000.0 X-1.1 Y7.3 E1001.25286
G1 F3000.0 X-1.1 Y-7.3 E1001.73846
G1 F3000.0 X-7.3 Y-7.3 E1001.94467
G1 F2400.0 E996.94467 ; Retraction
G0 F7200.0 X-6.9 Y-6.9
G1 F2400.0 E1001.94467 ; Reversed Retraction
G1 F3000.0 X-6.9 Y6.9 E1002.40366
G1 F3000.0 X-1.5 Y6.9 E1002.58327
G1 F3000.0 X-1.5 Y-6.9 E1003.04226
G1 F3000.0 X-6.9 Y-6.9 E1003.22186
;Internal Infill
G1 F2400.0 E998.22186 ; Retraction
G0 F7200.0 X-6.90004 Y-6.0
G1 F2400.0 E1003.22186 ; Reversed Retraction
G1 F3000.0 X-1.9 Y-6.0 E1003.38816
G1 F2400.0 E998.38816 ; Retraction
G0 F7200.0 X-2.94446 Y-6.90004
G1 F2400.0 E1003.38816 ; Reversed Retraction
G1 F3000.0 X-6.90004 Y-0.04878 E1003.65129
G1 F2400.0 E998.65129 ; Retraction
G0 F7200.0 X-6.90004 Y0.0
G1 F2400.0 E1003.65129 ; Reversed Retraction
G1 F3000.0 X-1.9 Y0.0 E1003.81759
G1 F2400.0 E998.81759 ; Retraction
G0 F7200.0 X-1.9 Y-3.2909
G1 F2400.0 E1003.81759 ; Reversed Retraction
G1 F3000.0 X-3.98374 Y-6.90004 E1003.9562
G1 F2400.0 E998.9562 ; Retraction
G0 F7200.0 X-6.90004 Y0.04878
G1 F2400.0 E1003.9562 ; Reversed Retraction
G1 F3000.0 X-2.94446 Y6.90004 E1004.21933
G1 F2400.0 E999.21933 ; Retraction
G0 F7200.0 X-3.98374 Y6.90004
G1 F2400.0 E1004.21933 ; Reversed Retraction
G1 F3000.0 X-1.9 Y3.2909 E1004.35794
G1 F2400.0 E999.35794 ; Retraction
G0 F7200.0 X-1.9 Y6.0
G1 F2400.0 E1004.35794 ; Reversed Retraction
G1 F3000.0 X-6.90004 Y6.0 E1004.52424
;Layer 145
G0 F1440.0 Z29.2
;Shell(s)
G1 F2400.0 E999.52424 ; Retraction
G0 F7200.0 X-7.3 Y-7.3
G1 F2400.0 E1004.52424 ; Reversed Retraction
G1 F3000.0 X-7.3 Y7.3 E1005.00984
G1 F3000.0 X-1.3 Y7.3 E1005.2094
G1 F3000.0 X-1.3 Y-7.3 E1005.695
G1 F3000.0 X-7.3 Y-7.3 E1005.89456
G1 F2400.0 E1000.89456 ; Retraction
G0 F7200.0 X-6.9 Y-6.9
G1 F2400.0 E1005.89456 ; Reversed Retraction
G1 F3000.0 X-6.9 Y6.9 E1006.35355
G1 F3000.0 X-1.7 Y6.9 E1006.5265
G1 F3000.0 X-1.7 Y-6.9 E1006.98549
G1 F3000.0 X-6.9 Y-6.9 E1007.15844
;Internal Infill
G1 F2400.0 E1002.15844 ; Retraction
G0 F7200.0 X-6.90004 Y-6.0
G1 F2400.0 E1007.15844 ; Reversed Retraction
G1 F3000.0 X-2.1 Y-6.0 E1007.31809
G1 F2400.0 E1002.31809 ; Retraction
G0 F7200.0 X-2.94446 Y-6.90004
G1 F2400.0 E1007.31809 ; Reversed Retraction
G1 F3000.0 X-6.90004 Y-0.04878 E1007.58122
G1 F2400.0 E1002.58122 ; Retraction
G0 F7200.0 X-6.90004 Y0.0
G1 F2400.0 E1007.58122 ; Reversed Retraction
G1 F3000.0 X-2.1 Y0.0 E1007.74087
G1 F2400.0 E1002.74087 ; Retraction
G0 F7200.0 X-2.1 Y3.63731
G1 F2400.0 E1007.74087 ; Reversed Retraction
G1 F3000.0 X-3.98374 Y6.90004 E1007.86618
G1 F2400.0 E1002.86618 ; Retraction
G0 F7200.0 X-2.94446 Y6.90004
G1 F2400.0 E1007.86618 ; Reversed Retraction
G1 F3000.0 X-6.90004 Y0.04878 E1008.1293
G1 F2400.0 E1003.1293 ; Retraction
G0 F7200.0 X-6.90004 Y6.0
G1 F2400.0 E1008.1293 ; Reversed Retraction
G1 F3000.0 X-2.1 Y6.0 E1008.28895
G1 F2400.0 E1003.28895 ; Retraction
G0 F7200.0 X-2.1 Y-3.63731
G1 F2400.0 E1008.28895 ; Reversed Retraction
G1 F3000.0 X-3.98374 Y-6.90004 E1008.41426
;Layer 146
G0 F1440.0 Z29.4
;Shell(s)
G1 F2400.0 E1003.41426 ; Retraction
G0 F7200.0 X-7.3 Y-7.3
G1 F2400.0 E1008.41426 ; Reversed Retraction
G1 F3000.0 X-7.3 Y7.3 E1008.89986
G1 F3000.0 X-1.5 Y7.3 E1009.09277
G1 F3000.0 X-1.5 Y-7.3 E1009.57836
G1 F3000.0 X-7.3 Y-7.3 E1009.77127
G1 F2400.0 E1004.77127 ; Retraction
G0 F7200.0 X-6.9 Y-6.9
G1 F2400.0 E1009.77127 ; Reversed Retraction
G1 F3000.0 X-6.9 Y6.9 E1010.23026
G1 F3000.0 X-1.9 Y6.9 E1010.39656
G1 F3000.0 X-1.9 Y-6.9 E1010.85555
G1 F3000.0 X-6.9 Y-6.9 E1011.02185
;Internal Infill
G1 F2400.0 E1006.02185 ; Retraction
G0 F7200.0 X-6.90004 Y-6.0
G1 F2400.0 E1011.02185 ; Reversed Retraction
G1 F3000.0 X-2.3 Y-6.0 E1011.17485
G1 F2400.0 E1006.17485 ; Retraction
G0 F7200.0 X-3.98374 Y-6.90004
G1 F2400.0 E1011.17485 ; Reversed Retraction
G1 F3000.0 X-2.3 Y-3.98372 E1011.28685
G1 F2400.0 E1006.28685 ; Retraction
G0 F7200.0 X-2.94446 Y-6.90004
G1 F2400.0 E1011.28685 ; Reversed Retraction
G1 F3000.0 X-6.90004 Y-0.04878 E1011.54998
G1 F2400.0 E1006.54998 ; Retraction
G0 F7200.0 X-6.90004 Y0.0
G1 F2400.0 E1011.54998 ; Reversed Retraction
G1 F3000.0 X-2.3 Y0.0 E1011.70298
G1 F2400.0 E1006.70298 ; Retraction
G0 F7200.0 X-2.3 Y3.98372
G1 F2400.0 E1011.70298 ; Reversed Retraction
G1 F3000.0 X-3.98374 Y6.90004 E1011.81498
G1 F2400.0 E1006.81498 ; Retraction
G0 F7200.0 X-2.94446 Y6.90004
G1 F2400.0 E1011.81498 ; Reversed Retraction
G1 F3000.0 X-6.90004 Y0.04878 E1012.07811
G1 F2400.0 E1007.07811 ; Retraction
G0 F7200.0 X-6.90004 Y6.0
G1 F2400.0 E1012.07811 ; Reversed Retraction
G1 F3000.0 X-2.3 Y6.0 E1012.23111
;Layer 147
G0 F1440.0 Z29.6
;Shell(s)
G1 F2400.0 E1007.23111 ; Retraction
G0 F7200.0 X-7.3 Y-7.3
G1 F2400.0 E1012.23111 ; Reversed Retraction
G1 F3000.0 X-7.3 Y7.3 E1012.7167
G1 F3000.0 X-1.7 Y7.3 E1012.90296
G1 F3000.0 X-1.7 Y-7.3 E1013.38856
G1 F3000.0 X-7.3 Y-7.3 E1013.57482
G1 F2400.0 E1008.57482 ; Retraction
G0 F7200.0 X-6.9 Y-6.9
G1 F2400.0 E1013.57482 ; Reversed Retraction
G1 F3000.0 X-6.9 Y6.9 E1014.03381
G1 F3000.0 X-2.1 Y6.9 E1014.19345
G1 F3000.0 X-2.1 Y-6.9 E1014.65244
G1 F3000.0 X-6.9 Y-6.9 E1014.81209
;Solid Infill
G1 F2400.0 E1009.81209 ; Retraction
G0 F7200.0 X-6.90001 Y-6.11075
G1 F2400.0 E1014.81209 ; Reversed Retraction
G1 F3000.0 X-6.11075 Y-6.90001 E1014.84922
G1 F2400.0 E1009.84922 ; Retraction
G0 F7200.0 X-5.54507 Y-6.90001
G1 F2400.0 E1014.84922 ; Reversed Retraction
G1 F3000.0 X-6.90001 Y-5.54507 E1014.91295
G1 F2400.0 E1009.91295 ; Retraction
G0 F7200.0 X-6.90001 Y-4.97938
G1 F2400.0 E1014.91295 ; Reversed Retraction
G1 F3000.0 X-4.97938 Y-6.90001 E1015.00329
G1 F2400.0 E1010.00329 ; Retraction
G0 F7200.0 X-4.4137 Y-6.90001
G1 F2400.0 E1015.00329 ; Reversed Retraction
G1 F3000.0 X-6.90001 Y-4.4137 E1015.12024
G1 F2400.0 E1010.12024 ; Retraction
G0 F7200.0 X-6.90001 Y-3.84801
G1 F2400.0 E1015.12024 ; Reversed Retraction
G1 F3000.0 X-3.84801 Y-6.90001 E1015.26379
G1 F2400.0 E1010.26379 ; Retraction
G0 F7200.0 X-3.28233 Y-6.90001
G1 F2400.0 E1015.26379 ; Reversed Retraction
G1 F3000.0 X-6.90001 Y-3.28233 E1015.43396
G1 F2400.0 E1010.43396 ; Retraction
G0 F7200.0 X-6.90001 Y-2.71664
G1 F2400.0 E1015.43396 ; Reversed Retraction
G1 F3000.0 X-2.71664 Y-6.90001 E1015.63073
G1 F2400.0 E1010.63073 ; Retraction
G0 F7200.0 X-2.15096 Y-6.90001
G1 F2400.0 E1015.63073 ; Reversed Retraction
G1 F3000.0 X-6.90001 Y-2.15096 E1015.85411
G1 F2400.0 E1010.85411 ; Retraction
G0 F7200.0 X-6.90001 Y-1.58527
G1 F2400.0 E1015.85411 ; Reversed Retraction
G1 F3000.0 X-2.09999 Y-6.38529 E1016.07989
G1 F2400.0 E1011.07989 ; Retraction
G0 F7200.0 X-2.09999 Y-5.81961
G1 F2400.0 E1016.07989 ; Reversed Retraction
G1 F3000.0 X-6.90001 Y-1.01959 E1016.30567
G1 F2400.0 E1011.30567 ; Retraction
G0 F7200.0 X-6.90001 Y-0.4539
G1 F2400.0 E1016.30567 ; Reversed Retraction
G1 F3000.0 X-2.09999 Y-5.25392 E1016.53145
G1 F2400.0 E1011.53145 ; Retraction
G0 F7200.0 X-2.09999 Y-4.68824
G1 F2400.0 E1016.53145 ; Reversed Retraction
G1 F3000.0 X-6.90001 Y0.11178 E1016.75723
G1 F2400.0 E1011.75723 ; Retraction
G0 F7200.0 X-6.90001 Y0.67747
G1 F2400.0 E1016.75723 ; Reversed Retraction
G1 F3000.0 X-2.09999 Y-4.12255 E1016.983
G1 F2400.0 E1011.983 ; Retraction
G0 F7200.0 X-2.09999 Y-3.55686
G1 F2400.0 E1016.983 ; Reversed Retraction
G1 F3000.0 X-6.90001 Y1.24316 E1017.20878
G1 F2400.0 E1012.20878 ; Retraction
G0 F7200.0 X-6.90001 Y1.80884
G1 F2400.0 E1017.20878 ; Reversed Retraction
G1 F3000.0 X-2.09999 Y-2.99118 E1017.43456
G1 F2400.0 E1012.43456 ; Retraction
G0 F7200.0 X-2.09999 Y-2.42549
G1 F2400.0 E1017.43456 ; Reversed Retraction
G1 F3000.0 X-6.90001 Y2.37453 E1017.66034
G1 F2400.0 E1012.66034 ; Retraction
G0 F7200.0 X-6.90001 Y2.94021
G1 F2400.0 E1017.66034 ; Reversed Retraction
G1 F3000.0 X-2.09999 Y-1.85981 E1017.88612
G1 F2400.0 E1012.88612 ; Retraction
G0 F7200.0 X-2.09999 Y-1.29412
G1 F2400.0 E1017.88612 ; Reversed Retraction
G1 F3000.0 X-6.90001 Y3.5059 E1018.11189
G1 F2400.0 E1013.11189 ; Retraction
G0 F7200.0 X-6.90001 Y4.07158
G1 F2400.0 E1018.11189 ; Reversed Retraction
G1 F3000.0 X-2.09999 Y-0.72844 E1018.33767
G1 F2400.0 E1013.33767 ; Retraction
G0 F7200.0 X-2.09999 Y-0.16275
G1 F2400.0 E1018.33767 ; Reversed Retraction
G1 F3000.0 X-6.90001 Y4.63727 E1018.56345
G1 F2400.0 E1013.56345 ; Retraction
G0 F7200.0 X-6.90001 Y5.20295
G1 F2400.0 E1018.56345 ; Reversed Retraction
G1 F3000.0 X-2.09999 Y0.40293 E1018.78923
G1 F2400.0 E1013.78923 ; Retraction
G0 F7200.0 X-2.09999 Y0.96862
G1 F2400.0 E1018.78923 ; Reversed Retraction
G1 F3000.0 X-6.90001 Y5.76864 E1019.01501
G1 F2400.0 E1014.01501 ; Retraction
G0 F7200.0 X-6.90001 Y6.33432
G1 F2400.0 E1019.01501 ; Reversed Retraction
G1 F3000.0 X-2.09999 Y1.5343 E1019.24079
G1 F2400.0 E1014.24079 ; Retraction
G0 F7200.0 X-2.09999 Y2.09999
G1 F2400.0 E1019.24079 ; Reversed Retraction
G1 F3000.0 X-6.90001 Y6.90001 E1019.46656
G1 F2400.0 E1014.46656 ; Retraction
G0 F7200.0 X-6.33432 Y6.90001
G1 F2400.0 E1019.46656 ; Reversed Retraction
G1 F3000.0 X-2.09999 Y2.66568 E1019.66573
G1 F2400.0 E1014.66573 ; Retraction
G0 F7200.0 X-2.09999 Y3.23136
G1 F2400.0 E1019.66573 ; Reversed Retraction
G1 F3000.0 X-5.76864 Y6.90001 E1019.8383
G1 F2400.0 E1014.8383 ; Retraction
G0 F7200.0 X-5.20295 Y6.90001
G1 F2400.0 E1019.8383 ; Reversed Retraction
G1 F3000.0 X-2.09999 Y3.79705 E1019.98425
G1 F2400.0 E1014.98425 ; Retraction
G0 F7200.0 X-2.09999 Y4.36273
G1 F2400.0 E1019.98425 ; Reversed Retraction
G1 F3000.0 X-4.63727 Y6.90001 E1020.1036
G1 F2400.0 E1015.1036 ; Retraction
G0 F7200.0 X-4.07158 Y6.90001
G1 F2400.0 E1020.1036 ; Reversed Retraction
G1 F3000.0 X-2.09999 Y4.92842 E1020.19633
G1 F2400.0 E1015.19633 ; Retraction
G0 F7200.0 X-2.09999 Y5.4941
G1 F2400.0 E1020.19633 ; Reversed Retraction
G1 F3000.0 X-3.5059 Y6.90001 E1020.26246
G1 F2400.0 E1015.26246 ; Retraction
G0 F7200.0 X-2.94021 Y6.90001
G1 F2400.0 E1020.26246 ; Reversed Retraction
G1 F3000.0 X-2.09999 Y6.05979 E1020.30198
;Layer 148
G0 F1440.0 Z29.8
;Shell(s)
G1 F2400.0 E1015.30198 ; Retraction
G0 F7200.0 X-7.3 Y-7.3
G1 F2400.0 E1020.30198 ; Reversed Retraction
G1 F3000.0 X-7.3 Y7.3 E1020.78758
G1 F3000.0 X-1.9 Y7.3 E1020.96719
G1 F3000.0 X-1.9 Y-7.3 E1021.45279
G1 F3000.0 X-7.3 Y-7.3 E1021.63239
G1 F2400.0 E1016.63239 ; Retraction
G0 F7200.0 X-6.9 Y-6.9
G1 F2400.0 E1021.63239 ; Reversed Retraction
G1 F3000.0 X-6.9 Y6.9 E1022.09138
G1 F3000.0 X-2.3 Y6.9 E1022.24438
G1 F3000.0 X-2.3 Y-6.9 E1022.70337
G1 F3000.0 X-6.9 Y-6.9 E1022.85636
;Solid Infill
G1 F2400.0 E1017.85636 ; Retraction
G0 F7200.0 X-6.90001 Y-6.90001
G1 F2400.0 E1022.85636 ; Reversed Retraction
G1 F3000.0 X-2.29999 Y-2.29999 E1023.07273
G1 F2400.0 E1018.07273 ; Retraction
G0 F7200.0 X-2.29999 Y-1.7343
G1 F2400.0 E1023.07273 ; Reversed Retraction
G1 F3000.0 X-6.90001 Y-6.33432 E1023.2891
G1 F2400.0 E1018.2891 ; Retraction
G0 F7200.0 X-6.90001 Y-5.76864
G1 F2400.0 E1023.2891 ; Reversed Retraction
G1 F3000.0 X-2.29999 Y-1.16862 E1023.50548
G1 F2400.0 E1018.50548 ; Retraction
G0 F7200.0 X-2.29999 Y-0.60293
G1 F2400.0 E1023.50548 ; Reversed Retraction
G1 F3000.0 X-6.90001 Y-5.20295 E1023.72185
G1 F2400.0 E1018.72185 ; Retraction
G0 F7200.0 X-6.90001 Y-4.63727
G1 F2400.0 E1023.72185 ; Reversed Retraction
G1 F3000.0 X-2.29999 Y-0.03725 E1023.93822
G1 F2400.0 E1018.93822 ; Retraction
G0 F7200.0 X-2.29999 Y0.52844
G1 F2400.0 E1023.93822 ; Reversed Retraction
G1 F3000.0 X-6.90001 Y-4.07158 E1024.15459
G1 F2400.0 E1019.15459 ; Retraction
G0 F7200.0 X-6.90001 Y-3.5059
G1 F2400.0 E1024.15459 ; Reversed Retraction
G1 F3000.0 X-2.29999 Y1.09412 E1024.37096
G1 F2400.0 E1019.37096 ; Retraction
G0 F7200.0 X-2.29999 Y1.65981
G1 F2400.0 E1024.37096 ; Reversed Retraction
G1 F3000.0 X-6.90001 Y-2.94021 E1024.58733
G1 F2400.0 E1019.58733 ; Retraction
G0 F7200.0 X-6.90001 Y-2.37453
G1 F2400.0 E1024.58733 ; Reversed Retraction
G1 F3000.0 X-2.29999 Y2.22549 E1024.8037
G1 F2400.0 E1019.8037 ; Retraction
G0 F7200.0 X-2.29999 Y2.79118
G1 F2400.0 E1024.8037 ; Reversed Retraction
G1 F3000.0 X-6.90001 Y-1.80884 E1025.02007
G1 F2400.0 E1020.02007 ; Retraction
G0 F7200.0 X-6.90001 Y-1.24316
G1 F2400.0 E1025.02007 ; Reversed Retraction
G1 F3000.0 X-2.29999 Y3.35686 E1025.23644
G1 F2400.0 E1020.23644 ; Retraction
G0 F7200.0 X-2.29999 Y3.92255
G1 F2400.0 E1025.23644 ; Reversed Retraction
G1 F3000.0 X-6.90001 Y-0.67747 E1025.45281
G1 F2400.0 E1020.45281 ; Retraction
G0 F7200.0 X-6.90001 Y-0.11178
G1 F2400.0 E1025.45281 ; Reversed Retraction
G1 F3000.0 X-2.29999 Y4.48824 E1025.66918
G1 F2400.0 E1020.66918 ; Retraction
G0 F7200.0 X-2.29999 Y5.05392
G1 F2400.0 E1025.66918 ; Reversed Retraction
G1 F3000.0 X-6.90001 Y0.4539 E1025.88555
G1 F2400.0 E1020.88555 ; Retraction
G0 F7200.0 X-6.90001 Y1.01959
G1 F2400.0 E1025.88555 ; Reversed Retraction
G1 F3000.0 X-2.29999 Y5.61961 E1026.10193
G1 F2400.0 E1021.10193 ; Retraction
G0 F7200.0 X-2.29999 Y6.18529
G1 F2400.0 E1026.10193 ; Reversed Retraction
G1 F3000.0 X-6.90001 Y1.58527 E1026.3183
G1 F2400.0 E1021.3183 ; Retraction
G0 F7200.0 X-6.90001 Y2.15096
G1 F2400.0 E1026.3183 ; Reversed Retraction
G1 F3000.0 X-2.29999 Y6.75098 E1026.53467
G1 F2400.0 E1021.53467 ; Retraction
G0 F7200.0 X-2.71664 Y6.90001
G1 F2400.0 E1026.53467 ; Reversed Retraction
G1 F3000.0 X-6.90001 Y2.71664 E1026.73144
G1 F2400.0 E1021.73144 ; Retraction
G0 F7200.0 X-6.90001 Y3.28233
G1 F2400.0 E1026.73144 ; Reversed Retraction
G1 F3000.0 X-3.28233 Y6.90001 E1026.9016
G1 F2400.0 E1021.9016 ; Retraction
G0 F7200.0 X-3.84801 Y6.90001
G1 F2400.0 E1026.9016 ; Reversed Retraction
G1 F3000.0 X-6.90001 Y3.84801 E1027.04516
G1 F2400.0 E1022.04516 ; Retraction
G0 F7200.0 X-6.90001 Y4.4137
G1 F2400.0 E1027.04516 ; Reversed Retraction
G1 F3000.0 X-4.4137 Y6.90001 E1027.16211
G1 F2400.0 E1022.16211 ; Retraction
G0 F7200.0 X-4.97938 Y6.90001
G1 F2400.0 E1027.16211 ; Reversed Retraction
G1 F3000.0 X-6.90001 Y4.97938 E1027.25245
G1 F2400.0 E1022.25245 ; Retraction
G0 F7200.0 X-6.90001 Y5.54507
G1 F2400.0 E1027.25245 ; Reversed Retraction
G1 F3000.0 X-5.54507 Y6.90001 E1027.31618
G1 F2400.0 E1022.31618 ; Retraction
G0 F7200.0 X-6.11075 Y6.90001
G1 F2400.0 E1027.31618 ; Reversed Retraction
G1 F3000.0 X-6.90001 Y6.11075 E1027.35331
G1 F2400.0 E1022.35331 ; Retraction
G0 F7200.0 X-2.29999 Y-2.86568
G1 F2400.0 E1027.35331 ; Reversed Retraction
G1 F3000.0 X-6.33432 Y-6.90001 E1027.54307
G1 F2400.0 E1022.54307 ; Retraction
G0 F7200.0 X-5.76864 Y-6.90001
G1 F2400.0 E1027.54307 ; Reversed Retraction
G1 F3000.0 X-2.29999 Y-3.43136 E1027.70622
G1 F2400.0 E1022.70622 ; Retraction
G0 F7200.0 X-2.29999 Y-3.99705
G1 F2400.0 E1027.70622 ; Reversed Retraction
G1 F3000.0 X-5.20295 Y-6.90001 E1027.84277
G1 F2400.0 E1022.84277 ; Retraction
G0 F7200.0 X-4.63727 Y-6.90001
G1 F2400.0 E1027.84277 ; Reversed Retraction
G1 F3000.0 X-2.29999 Y-4.56273 E1027.95271
G1 F2400.0 E1022.95271 ; Retraction
G0 F7200.0 X-2.29999 Y-5.12842
G1 F2400.0 E1027.95271 ; Reversed Retraction
G1 F3000.0 X-4.07158 Y-6.90001 E1028.03604
G1 F2400.0 E1023.03604 ; Retraction
G0 F7200.0 X-3.5059 Y-6.90001
G1 F2400.0 E1028.03604 ; Reversed Retraction
G1 F3000.0 X-2.29999 Y-5.6941 E1028.09276
G1 F2400.0 E1023.09276 ; Retraction
G0 F7200.0 X-2.29999 Y-6.25979
G1 F2400.0 E1028.09276 ; Reversed Retraction
G1 F3000.0 X-2.94021 Y-6.90001 E1028.12288
;Chunk 1
G0 F1440.0 Z39.8; Moving Z axis to clear A & B Motion
G0 X0.0 Y-175.0; Moving Print Head to clear A & B Motion
MANUAL_STEPPER STEPPER=stepper_a MOVE=90.0 SPEED=22.36068 SYNC=0
MANUAL_STEPPER STEPPER=stepper_b MOVE=45.0 SPEED=11.18034 SYNC=1 STOP_ON_ENDSTOP=2
; A & B Axis Motion Complete
;Layer 0
G0 F1440.0 Z19.99899
;Shell(s)
G1 F2400.0 E1023.12288 ; Retraction
G0 F1440.0 Z50.19899
G0 F7200.0 X7.3 Y-22.32742
G1 F2400.0 E1028.12288 ; Reversed Retraction
G1 F1500.0 X-7.3 Y-22.32742 E1028.60847
G1 F1500.0 X-7.3 Y-9.49239 E1029.03537
G1 F1500.0 X7.3 Y-9.49239 E1029.52097
G1 F1500.0 X7.3 Y-22.32742 E1029.94786
G1 F2400.0 E1024.94786 ; Retraction
G0 F7200.0 X6.9 Y-21.92742
G1 F2400.0 E1029.94786 ; Reversed Retraction
G1 F1500.0 X-6.9 Y-21.92742 E1030.40685
G1 F1500.0 X-6.9 Y-9.89239 E1030.80714
G1 F1500.0 X6.9 Y-9.89239 E1031.26613
G1 F1500.0 X6.9 Y-21.92742 E1031.66641
;Solid Infill
G1 F2400.0 E1026.66641 ; Retraction
G0 F7200.0 X6.65392 Y-21.92743
G1 F2400.0 E1031.66641 ; Reversed Retraction
G1 F1500.0 X-5.38113 Y-9.89238 E1032.23251
G1 F2400.0 E1027.23251 ; Retraction
G0 F7200.0 X-5.94681 Y-9.89238
G1 F2400.0 E1032.23251 ; Reversed Retraction
G1 F1500.0 X6.08824 Y-21.92743 E1032.7986
G1 F2400.0 E1027.7986 ; Retraction
G0 F7200.0 X5.52255 Y-21.92743
G1 F2400.0 E1032.7986 ; Reversed Retraction
G1 F1500.0 X-6.5125 Y-9.89238 E1033.36469
G1 F2400.0 E1028.36469 ; Retraction
G0 F7200.0 X-6.90001 Y-10.07055
G1 F2400.0 E1033.36469 ; Reversed Retraction
G1 F1500.0 X4.95686 Y-21.92743 E1033.9224
G1 F2400.0 E1028.9224 ; Retraction
G0 F7200.0 X4.39118 Y-21.92743
G1 F2400.0 E1033.9224 ; Reversed Retraction
G1 F1500.0 X-6.90001 Y-10.63624 E1034.4535
G1 F2400.0 E1029.4535 ; Retraction
G0 F7200.0 X-6.90001 Y-11.20192
G1 F2400.0 E1034.4535 ; Reversed Retraction
G1 F1500.0 X3.82549 Y-21.92743 E1034.958
G1 F2400.0 E1029.958 ; Retraction
G0 F7200.0 X3.25981 Y-21.92743
G1 F2400.0 E1034.958 ; Reversed Retraction
G1 F1500.0 X-6.90001 Y-11.76761 E1035.43589
G1 F2400.0 E1030.43589 ; Retraction
G0 F7200.0 X-6.90001 Y-12.33329
G1 F2400.0 E1035.43589 ; Reversed Retraction
G1 F1500.0 X2.69412 Y-21.92743 E1035.88716
G1 F2400.0 E1030.88716 ; Retraction
G0 F7200.0 X2.12844 Y-21.92743
G1 F2400.0 E1035.88716 ; Reversed Retraction
G1 F1500.0 X-6.90001 Y-12.89898 E1036.31183
G1 F2400.0 E1031.31183 ; Retraction
G0 F7200.0 X-6.90001 Y-13.46467
G1 F2400.0 E1036.31183 ; Reversed Retraction
G1 F1500.0 X1.56275 Y-21.92743 E1036.7099
G1 F2400.0 E1031.7099 ; Retraction
G0 F7200.0 X0.99707 Y-21.92743
G1 F2400.0 E1036.7099 ; Reversed Retraction
G1 F1500.0 X-6.90001 Y-14.03035 E1037.08135
G1 F2400.0 E1032.08135 ; Retraction
G0 F7200.0 X-6.90001 Y-14.59604
G1 F2400.0 E1037.08135 ; Reversed Retraction
G1 F1500.0 X0.43138 Y-21.92743 E1037.4262
G1 F2400.0 E1032.4262 ; Retraction
G0 F7200.0 X-0.1343 Y-21.92743
G1 F2400.0 E1037.4262 ; Reversed Retraction
G1 F1500.0 X-6.90001 Y-15.16172 E1037.74444
G1 F2400.0 E1032.74444 ; Retraction
G0 F7200.0 X-6.90001 Y-15.72741
G1 F2400.0 E1037.74444 ; Reversed Retraction
G1 F1500.0 X-0.69999 Y-21.92743 E1038.03607
G1 F2400.0 E1033.03607 ; Retraction
G0 F7200.0 X-1.26568 Y-21.92743
G1 F2400.0 E1038.03607 ; Reversed Retraction
G1 F1500.0 X-6.90001 Y-16.29309 E1038.30109
G1 F2400.0 E1033.30109 ; Retraction
G0 F7200.0 X-6.90001 Y-16.85878
G1 F2400.0 E1038.30109 ; Reversed Retraction
G1 F1500.0 X-1.83136 Y-21.92743 E1038.5395
G1 F2400.0 E1033.5395 ; Retraction
G0 F7200.0 X-2.39705 Y-21.92743
G1 F2400.0 E1038.5395 ; Reversed Retraction
G1 F1500.0 X-6.90001 Y-17.42446 E1038.75131
G1 F2400.0 E1033.75131 ; Retraction
G0 F7200.0 X-6.90001 Y-17.99015
G1 F2400.0 E1038.75131 ; Reversed Retraction
G1 F1500.0 X-2.96273 Y-21.92743 E1038.9365
G1 F2400.0 E1033.9365 ; Retraction
G0 F7200.0 X-3.52842 Y-21.92743
G1 F2400.0 E1038.9365 ; Reversed Retraction
G1 F1500.0 X-6.90001 Y-18.55583 E1039.09509
G1 F2400.0 E1034.09509 ; Retraction
G0 F7200.0 X-6.90001 Y-19.12152
G1 F2400.0 E1039.09509 ; Reversed Retraction
G1 F1500.0 X-4.0941 Y-21.92743 E1039.22708
G1 F2400.0 E1034.22708 ; Retraction
G0 F7200.0 X-4.65979 Y-21.92743
G1 F2400.0 E1039.22708 ; Reversed Retraction
G1 F1500.0 X-6.90001 Y-19.6872 E1039.33245
G1 F2400.0 E1034.33245 ; Retraction
G0 F7200.0 X-6.90001 Y-20.25289
G1 F2400.0 E1039.33245 ; Reversed Retraction
G1 F1500.0 X-5.22547 Y-21.92743 E1039.41121
G1 F2400.0 E1034.41121 ; Retraction
G0 F7200.0 X-5.79116 Y-21.92743
G1 F2400.0 E1039.41121 ; Reversed Retraction
G1 F1500.0 X-6.90001 Y-20.81858 E1039.46337
G1 F2400.0 E1034.46337 ; Retraction
G0 F7200.0 X-4.81544 Y-9.89238
G1 F2400.0 E1039.46337 ; Reversed Retraction
G1 F1500.0 X6.90001 Y-21.60783 E1040.01443
G1 F2400.0 E1035.01443 ; Retraction
G0 F7200.0 X6.90001 Y-21.04215
G1 F2400.0 E1040.01443 ; Reversed Retraction
G1 F1500.0 X-4.24976 Y-9.89238 E1040.53888
G1 F2400.0 E1035.53888 ; Retraction
G0 F7200.0 X-3.68407 Y-9.89238
G1 F2400.0 E1040.53888 ; Reversed Retraction
G1 F1500.0 X6.90001 Y-20.47646 E1041.03672
G1 F2400.0 E1036.03672 ; Retraction
G0 F7200.0 X6.90001 Y-19.91077
G1 F2400.0 E1041.03672 ; Reversed Retraction
G1 F1500.0 X-3.11839 Y-9.89238 E1041.50796
G1 F2400.0 E1036.50796 ; Retraction
G0 F7200.0 X-2.5527 Y-9.89238
G1 F2400.0 E1041.50796 ; Reversed Retraction
G1 F1500.0 X6.90001 Y-19.34509 E1041.95258
G1 F2400.0 E1036.95258 ; Retraction
G0 F7200.0 X6.90001 Y-18.7794
G1 F2400.0 E1041.95258 ; Reversed Retraction
G1 F1500.0 X-1.98702 Y-9.89238 E1042.3706
G1 F2400.0 E1037.3706 ; Retraction
G0 F7200.0 X-1.42133 Y-9.89238
G1 F2400.0 E1042.3706 ; Reversed Retraction
G1 F1500.0 X6.90001 Y-18.21372 E1042.76201
G1 F2400.0 E1037.76201 ; Retraction
G0 F7200.0 X6.90001 Y-17.64803
G1 F2400.0 E1042.76201 ; Reversed Retraction
G1 F1500.0 X-0.85564 Y-9.89238 E1043.12682
G1 F2400.0 E1038.12682 ; Retraction
G0 F7200.0 X-0.28996 Y-9.89238
G1 F2400.0 E1043.12682 ; Reversed Retraction
G1 F1500.0 X6.90001 Y-17.08235 E1043.46501
G1 F2400.0 E1038.46501 ; Retraction
G0 F7200.0 X6.90001 Y-16.51666
G1 F2400.0 E1043.46501 ; Reversed Retraction
G1 F1500.0 X0.27573 Y-9.89238 E1043.7766
G1 F2400.0 E1038.7766 ; Retraction
G0 F7200.0 X0.84141 Y-9.89238
G1 F2400.0 E1043.7766 ; Reversed Retraction
G1 F1500.0 X6.90001 Y-15.95098 E1044.06157
G1 F2400.0 E1039.06157 ; Retraction
G0 F7200.0 X6.90001 Y-15.38529
G1 F2400.0 E1044.06157 ; Reversed Retraction
G1 F1500.0 X1.4071 Y-9.89238 E1044.31994
G1 F2400.0 E1039.31994 ; Retraction
G0 F7200.0 X1.97278 Y-9.89238
G1 F2400.0 E1044.31994 ; Reversed Retraction
G1 F1500.0 X6.90001 Y-14.81961 E1044.5517
G1 F2400.0 E1039.5517 ; Retraction
G0 F7200.0 X6.90001 Y-14.25392
G1 F2400.0 E1044.5517 ; Reversed Retraction
G1 F1500.0 X2.53847 Y-9.89238 E1044.75686
G1 F2400.0 E1039.75686 ; Retraction
G0 F7200.0 X3.10415 Y-9.89238
G1 F2400.0 E1044.75686 ; Reversed Retraction
G1 F1500.0 X6.90001 Y-13.68824 E1044.9354
G1 F2400.0 E1039.9354 ; Retraction
G0 F7200.0 X6.90001 Y-13.12255
G1 F2400.0 E1044.9354 ; Reversed Retraction
G1 F1500.0 X3.66984 Y-9.89238 E1045.08734
G1 F2400.0 E1040.08734 ; Retraction
G0 F7200.0 X4.23552 Y-9.89238
G1 F2400.0 E1045.08734 ; Reversed Retraction
G1 F1500.0 X6.90001 Y-12.55686 E1045.21267
G1 F2400.0 E1040.21267 ; Retraction
G0 F7200.0 X6.90001 Y-11.99118
G1 F2400.0 E1045.21267 ; Reversed Retraction
G1 F1500.0 X4.80121 Y-9.89238 E1045.31139
G1 F2400.0 E1040.31139 ; Retraction
G0 F7200.0 X5.36689 Y-9.89238
G1 F2400.0 E1045.31139 ; Reversed Retraction
G1 F1500.0 X6.90001 Y-11.42549 E1045.3835
G1 F2400.0 E1040.3835 ; Retraction
G0 F7200.0 X6.90001 Y-10.85981
G1 F2400.0 E1045.3835 ; Reversed Retraction
G1 F1500.0 X5.93258 Y-9.89238 E1045.42901
;Layer 1
M104 S210.0   ;Set nozzle temperature for remainder of print
M140 S60.0    ;Set bed temp for remainder of print
G0 F1440.0 Z20.19899
;Shell(s)
G1 F2400.0 E1040.42901 ; Retraction
G0 F7200.0 X7.3 Y-22.12742
G1 F2400.0 E1045.42901 ; Reversed Retraction
G1 F3000.0 X-7.3 Y-22.12742 E1045.91461
G1 F3000.0 X-7.3 Y-9.69239 E1046.3282
G1 F3000.0 X7.3 Y-9.69239 E1046.8138
G1 F3000.0 X7.3 Y-22.12742 E1047.22739
G1 F2400.0 E1042.22739 ; Retraction
G0 F7200.0 X6.9 Y-21.72742
G1 F2400.0 E1047.22739 ; Reversed Retraction
G1 F3000.0 X-6.9 Y-21.72742 E1047.68638
G1 F3000.0 X-6.9 Y-10.09239 E1048.07336
G1 F3000.0 X6.9 Y-10.09239 E1048.53235
G1 F3000.0 X6.9 Y-21.72742 E1048.91933
;Solid Infill
G1 F2400.0 E1043.91933 ; Retraction
G0 F7200.0 X6.90001 Y-20.81858
G1 F2400.0 E1048.91933 ; Reversed Retraction
G1 F3000.0 X5.99116 Y-21.72743 E1048.96208
G1 F2400.0 E1043.96208 ; Retraction
G0 F7200.0 X5.42547 Y-21.72743
G1 F2400.0 E1048.96208 ; Reversed Retraction
G1 F3000.0 X6.90001 Y-20.25289 E1049.03144
G1 F2400.0 E1044.03144 ; Retraction
G0 F7200.0 X6.90001 Y-19.6872
G1 F2400.0 E1049.03144 ; Reversed Retraction
G1 F3000.0 X4.85979 Y-21.72743 E1049.12741
G1 F2400.0 E1044.12741 ; Retraction
G0 F7200.0 X4.2941 Y-21.72743
G1 F2400.0 E1049.12741 ; Reversed Retraction
G1 F3000.0 X6.90001 Y-19.12152 E1049.24998
G1 F2400.0 E1044.24998 ; Retraction
G0 F7200.0 X6.90001 Y-18.55583
G1 F2400.0 E1049.24998 ; Reversed Retraction
G1 F3000.0 X3.72842 Y-21.72743 E1049.39916
G1 F2400.0 E1044.39916 ; Retraction
G0 F7200.0 X3.16273 Y-21.72743
G1 F2400.0 E1049.39916 ; Reversed Retraction
G1 F3000.0 X6.90001 Y-17.99015 E1049.57495
G1 F2400.0 E1044.57495 ; Retraction
G0 F7200.0 X6.90001 Y-17.42446
G1 F2400.0 E1049.57495 ; Reversed Retraction
G1 F3000.0 X2.59705 Y-21.72743 E1049.77735
G1 F2400.0 E1044.77735 ; Retraction
G0 F7200.0 X2.03136 Y-21.72743
G1 F2400.0 E1049.77735 ; Reversed Retraction
G1 F3000.0 X6.90001 Y-16.85878 E1050.00636
G1 F2400.0 E1045.00636 ; Retraction
G0 F7200.0 X6.90001 Y-16.29309
G1 F2400.0 E1050.00636 ; Reversed Retraction
G1 F3000.0 X1.46568 Y-21.72743 E1050.26197
G1 F2400.0 E1045.26197 ; Retraction
G0 F7200.0 X0.89999 Y-21.72743
G1 F2400.0 E1050.26197 ; Reversed Retraction
G1 F3000.0 X6.90001 Y-15.72741 E1050.54419
G1 F2400.0 E1045.54419 ; Retraction
G0 F7200.0 X6.90001 Y-15.16172
G1 F2400.0 E1050.54419 ; Reversed Retraction
G1 F3000.0 X0.3343 Y-21.72743 E1050.85302
G1 F2400.0 E1045.85302 ; Retraction
G0 F7200.0 X-0.23138 Y-21.72743
G1 F2400.0 E1050.85302 ; Reversed Retraction
G1 F3000.0 X6.90001 Y-14.59604 E1051.18846
G1 F2400.0 E1046.18846 ; Retraction
G0 F7200.0 X6.90001 Y-14.03035
G1 F2400.0 E1051.18846 ; Reversed Retraction
G1 F3000.0 X-0.79707 Y-21.72743 E1051.55051
G1 F2400.0 E1046.55051 ; Retraction
G0 F7200.0 X-1.36275 Y-21.72743
G1 F2400.0 E1051.55051 ; Reversed Retraction
G1 F3000.0 X6.90001 Y-13.46467 E1051.93916
G1 F2400.0 E1046.93916 ; Retraction
G0 F7200.0 X6.90001 Y-12.89898
G1 F2400.0 E1051.93916 ; Reversed Retraction
G1 F3000.0 X-1.92844 Y-21.72743 E1052.35443
G1 F2400.0 E1047.35443 ; Retraction
G0 F7200.0 X-2.49412 Y-21.72743
G1 F2400.0 E1052.35443 ; Reversed Retraction
G1 F3000.0 X6.90001 Y-12.33329 E1052.7963
G1 F2400.0 E1047.7963 ; Retraction
G0 F7200.0 X6.90001 Y-11.76761
G1 F2400.0 E1052.7963 ; Reversed Retraction
G1 F3000.0 X-3.05981 Y-21.72743 E1053.26478
G1 F2400.0 E1048.26478 ; Retraction
G0 F7200.0 X-3.62549 Y-21.72743
G1 F2400.0 E1053.26478 ; Reversed Retraction
G1 F3000.0 X6.90001 Y-11.20192 E1053.75987
G1 F2400.0 E1048.75987 ; Retraction
G0 F7200.0 X6.90001 Y-10.63624
G1 F2400.0 E1053.75987 ; Reversed Retraction
G1 F3000.0 X-4.19118 Y-21.72743 E1054.28156
G1 F2400.0 E1049.28156 ; Retraction
G0 F7200.0 X-4.75686 Y-21.72743
G1 F2400.0 E1054.28156 ; Reversed Retraction
G1 F3000.0 X6.87818 Y-10.09238 E1054.82884
G1 F2400.0 E1049.82884 ; Retraction
G0 F7200.0 X6.3125 Y-10.09238
G1 F2400.0 E1054.82884 ; Reversed Retraction
G1 F3000.0 X-5.32255 Y-21.72743 E1055.37612
G1 F2400.0 E1050.37612 ; Retraction
G0 F7200.0 X-5.88824 Y-21.72743
G1 F2400.0 E1055.37612 ; Reversed Retraction
G1 F3000.0 X5.74681 Y-10.09238 E1055.92339
G1 F2400.0 E1050.92339 ; Retraction
G0 F7200.0 X5.18113 Y-10.09238
G1 F2400.0 E1055.92339 ; Reversed Retraction
G1 F3000.0 X-6.45392 Y-21.72743 E1056.47067
G1 F2400.0 E1051.47067 ; Retraction
G0 F7200.0 X-6.90001 Y-21.60783
G1 F2400.0 E1056.47067 ; Reversed Retraction
G1 F3000.0 X4.61544 Y-10.09238 E1057.01232
G1 F2400.0 E1052.01232 ; Retraction
G0 F7200.0 X4.04976 Y-10.09238
G1 F2400.0 E1057.01232 ; Reversed Retraction
G1 F3000.0 X-6.90001 Y-21.04215 E1057.52736
G1 F2400.0 E1052.52736 ; Retraction
G0 F7200.0 X-6.90001 Y-20.47646
G1 F2400.0 E1057.52736 ; Reversed Retraction
G1 F3000.0 X3.48407 Y-10.09238 E1058.0158
G1 F2400.0 E1053.0158 ; Retraction
G0 F7200.0 X2.91839 Y-10.09238
G1 F2400.0 E1058.0158 ; Reversed Retraction
G1 F3000.0 X-6.90001 Y-19.91077 E1058.47763
G1 F2400.0 E1053.47763 ; Retraction
G0 F7200.0 X-6.90001 Y-19.34509
G1 F2400.0 E1058.47763 ; Reversed Retraction
G1 F3000.0 X2.3527 Y-10.09238 E1058.91285
G1 F2400.0 E1053.91285 ; Retraction
G0 F7200.0 X1.78702 Y-10.09238
G1 F2400.0 E1058.91285 ; Reversed Retraction
G1 F3000.0 X-6.90001 Y-18.7794 E1059.32146
G1 F2400.0 E1054.32146 ; Retraction
G0 F7200.0 X-6.90001 Y-18.21372
G1 F2400.0 E1059.32146 ; Reversed Retraction
G1 F3000.0 X1.22133 Y-10.09238 E1059.70346
G1 F2400.0 E1054.70346 ; Retraction
G0 F7200.0 X0.65564 Y-10.09238
G1 F2400.0 E1059.70346 ; Reversed Retraction
G1 F3000.0 X-6.90001 Y-17.64803 E1060.05885
G1 F2400.0 E1055.05885 ; Retraction
G0 F7200.0 X-6.90001 Y-17.08235
G1 F2400.0 E1060.05885 ; Reversed Retraction
G1 F3000.0 X0.08996 Y-10.09238 E1060.38764
G1 F2400.0 E1055.38764 ; Retraction
G0 F7200.0 X-0.47573 Y-10.09238
G1 F2400.0 E1060.38764 ; Reversed Retraction
G1 F3000.0 X-6.90001 Y-16.51666 E1060.68982
G1 F2400.0 E1055.68982 ; Retraction
G0 F7200.0 X-6.90001 Y-15.95098
G1 F2400.0 E1060.68982 ; Reversed Retraction
G1 F3000.0 X-1.04141 Y-10.09238 E1060.96539
G1 F2400.0 E1055.96539 ; Retraction
G0 F7200.0 X-1.6071 Y-10.09238
G1 F2400.0 E1060.96539 ; Reversed Retraction
G1 F3000.0 X-6.90001 Y-15.38529 E1061.21435
G1 F2400.0 E1056.21435 ; Retraction
G0 F7200.0 X-6.90001 Y-14.81961
G1 F2400.0 E1061.21435 ; Reversed Retraction
G1 F3000.0 X-2.17278 Y-10.09238 E1061.43671
G1 F2400.0 E1056.43671 ; Retraction
G0 F7200.0 X-2.73847 Y-10.09238
G1 F2400.0 E1061.43671 ; Reversed Retraction
G1 F3000.0 X-6.90001 Y-14.25392 E1061.63245
G1 F2400.0 E1056.63245 ; Retraction
G0 F7200.0 X-6.90001 Y-13.68824
G1 F2400.0 E1061.63245 ; Reversed Retraction
G1 F3000.0 X-3.30415 Y-10.09238 E1061.80159
G1 F2400.0 E1056.80159 ; Retraction
G0 F7200.0 X-3.86984 Y-10.09238
G1 F2400.0 E1061.80159 ; Reversed Retraction
G1 F3000.0 X-6.90001 Y-13.12255 E1061.94412
G1 F2400.0 E1056.94412 ; Retraction
G0 F7200.0 X-6.90001 Y-12.55686
G1 F2400.0 E1061.94412 ; Reversed Retraction
G1 F3000.0 X-4.43552 Y-10.09238 E1062.06004
G1 F2400.0 E1057.06004 ; Retraction
G0 F7200.0 X-5.00121 Y-10.09238
G1 F2400.0 E1062.06004 ; Reversed Retraction
G1 F3000.0 X-6.90001 Y-11.99118 E1062.14936
G1 F2400.0 E1057.14936 ; Retraction
G0 F7200.0 X-6.90001 Y-11.42549
G1 F2400.0 E1062.14936 ; Reversed Retraction
G1 F3000.0 X-5.56689 Y-10.09238 E1062.21206
G1 F2400.0 E1057.21206 ; Retraction
G0 F7200.0 X-6.13258 Y-10.09238
G1 F2400.0 E1062.21206 ; Reversed Retraction
G1 F3000.0 X-6.90001 Y-10.85981 E1062.24816
;Layer 2
G0 F1440.0 Z20.39899
;Shell(s)
G1 F2400.0 E1057.24816 ; Retraction
G0 F7200.0 X7.3 Y-21.92742
G1 F2400.0 E1062.24816 ; Reversed Retraction
G1 F3000.0 X-7.3 Y-21.92742 E1062.73376
G1 F3000.0 X-7.3 Y-9.89239 E1063.13404
G1 F3000.0 X-6.38352 Y-9.89239 E1063.16453
G1 F3000.0 X7.3 Y-9.89239 E1063.61964
G1 F3000.0 X7.3 Y-21.92742 E1064.01993
G1 F2400.0 E1059.01993 ; Retraction
G0 F7200.0 X6.9 Y-21.52742
G1 F2400.0 E1064.01993 ; Reversed Retraction
G1 F3000.0 X-6.9 Y-21.52742 E1064.47892
G1 F3000.0 X-6.9 Y-10.29239 E1064.8526
G1 F3000.0 X-6.38352 Y-10.29239 E1064.86978
G1 F3000.0 X6.9 Y-10.29239 E1065.31159
G1 F3000.0 X6.9 Y-21.52742 E1065.68527
;Internal Infill
G1 F2400.0 E1060.68527 ; Retraction
G0 F7200.0 X6.0 Y-21.12742
G1 F2400.0 E1065.68527 ; Reversed Retraction
G1 F3000.0 X6.0 Y-10.69239 E1066.03234
G1 F2400.0 E1061.03234 ; Retraction
G0 F7200.0 X3.7731 Y-10.69239
G1 F2400.0 E1066.03234 ; Reversed Retraction
G1 F3000.0 X-6.90004 Y-16.85453 E1066.44224
G1 F2400.0 E1061.44224 ; Retraction
G0 F7200.0 X-6.90004 Y-15.81525
G1 F2400.0 E1066.44224 ; Reversed Retraction
G1 F3000.0 X2.3009 Y-21.12742 E1066.79561
G1 F2400.0 E1061.79561 ; Retraction
G0 F7200.0 X-2.3009 Y-21.12742
G1 F2400.0 E1066.79561 ; Reversed Retraction
G1 F3000.0 X6.90004 Y-15.81525 E1067.14898
G1 F2400.0 E1062.14898 ; Retraction
G0 F7200.0 X6.90004 Y-16.85453
G1 F2400.0 E1067.14898 ; Reversed Retraction
G1 F3000.0 X-3.7731 Y-10.69239 E1067.55889
G1 F2400.0 E1062.55889 ; Retraction
G0 F7200.0 X-6.0 Y-10.69239
G1 F2400.0 E1067.55889 ; Reversed Retraction
G1 F3000.0 X-6.0 Y-21.12742 E1067.90596
G1 F2400.0 E1062.90596 ; Retraction
G0 F7200.0 X-0.0 Y-21.12742
G1 F2400.0 E1067.90596 ; Reversed Retraction
G1 F3000.0 X0.0 Y-10.69239 E1068.25303
;Layer 3
G0 F1440.0 Z20.59899
;Shell(s)
G1 F2400.0 E1063.25303 ; Retraction
G0 F7200.0 X7.3 Y-21.72742
G1 F2400.0 E1068.25303 ; Reversed Retraction
G1 F3000.0 X-7.3 Y-21.72742 E1068.73862
G1 F3000.0 X-7.3 Y-10.09239 E1069.12561
G1 F3000.0 X-5.93692 Y-10.09239 E1069.17094
G1 F3000.0 X7.3 Y-10.09239 E1069.6112
G1 F3000.0 X7.3 Y-21.72742 E1069.99819
G1 F2400.0 E1064.99819 ; Retraction
G0 F7200.0 X6.9 Y-21.32742
G1 F2400.0 E1069.99819 ; Reversed Retraction
G1 F3000.0 X-6.9 Y-21.32742 E1070.45718
G1 F3000.0 X-6.9 Y-10.49239 E1070.81755
G1 F3000.0 X-5.93692 Y-10.49239 E1070.84958
G1 F3000.0 X6.9 Y-10.49239 E1071.27654
G1 F3000.0 X6.9 Y-21.32742 E1071.63692
;Internal Infill
G1 F2400.0 E1066.63692 ; Retraction
G0 F7200.0 X6.0 Y-20.92742
G1 F2400.0 E1071.63692 ; Reversed Retraction
G1 F3000.0 X6.0 Y-10.89239 E1071.97068
G1 F2400.0 E1066.97068 ; Retraction
G0 F7200.0 X3.42669 Y-10.89239
G1 F2400.0 E1071.97068 ; Reversed Retraction
G1 F3000.0 X-6.90004 Y-16.85453 E1072.36729
G1 F2400.0 E1067.36729 ; Retraction
G0 F7200.0 X-6.90004 Y-15.81525
G1 F2400.0 E1072.36729 ; Reversed Retraction
G1 F3000.0 X1.95449 Y-20.92742 E1072.70735
G1 F2400.0 E1067.70735 ; Retraction
G0 F7200.0 X-0.0 Y-20.92742
G1 F2400.0 E1072.70735 ; Reversed Retraction
G1 F3000.0 X0.0 Y-10.89239 E1073.04111
G1 F2400.0 E1068.04111 ; Retraction
G0 F7200.0 X-3.42669 Y-10.89239
G1 F2400.0 E1073.04111 ; Reversed Retraction
G1 F3000.0 X6.90004 Y-16.85453 E1073.43772
G1 F2400.0 E1068.43772 ; Retraction
G0 F7200.0 X6.90004 Y-15.81525
G1 F2400.0 E1073.43772 ; Reversed Retraction
G1 F3000.0 X-1.95449 Y-20.92742 E1073.77778
G1 F2400.0 E1068.77778 ; Retraction
G0 F7200.0 X-6.0 Y-20.92742
G1 F2400.0 E1073.77778 ; Reversed Retraction
G1 F3000.0 X-6.0 Y-10.89239 E1074.11155
;Layer 4
G0 F1440.0 Z20.79899
;Shell(s)
G1 F2400.0 E1069.11155 ; Retraction
G0 F7200.0 X7.3 Y-21.52742
G1 F2400.0 E1074.11155 ; Reversed Retraction
G1 F3000.0 X-7.3 Y-21.52742 E1074.59715
G1 F3000.0 X-7.3 Y-10.29239 E1074.97082
G1 F3000.0 X7.3 Y-10.29239 E1075.45642
G1 F3000.0 X7.3 Y-21.52742 E1075.8301
G1 F2400.0 E1070.8301 ; Retraction
G0 F7200.0 X6.9 Y-21.12742
G1 F2400.0 E1075.8301 ; Reversed Retraction
G1 F3000.0 X-6.9 Y-21.12742 E1076.28909
G1 F3000.0 X-6.9 Y-10.69239 E1076.63616
G1 F3000.0 X6.9 Y-10.69239 E1077.09515
G1 F3000.0 X6.9 Y-21.12742 E1077.44222
;Internal Infill
G1 F2400.0 E1072.44222 ; Retraction
G0 F7200.0 X6.0 Y-20.72742
G1 F2400.0 E1077.44222 ; Reversed Retraction
G1 F3000.0 X6.0 Y-11.09239 E1077.76268
G1 F2400.0 E1072.76268 ; Retraction
G0 F7200.0 X3.08028 Y-11.09239
G1 F2400.0 E1077.76268 ; Reversed Retraction
G1 F3000.0 X-6.90004 Y-16.85453 E1078.14598
G1 F2400.0 E1073.14598 ; Retraction
G0 F7200.0 X-6.90004 Y-15.81525
G1 F2400.0 E1078.14598 ; Reversed Retraction
G1 F3000.0 X1.60808 Y-20.72742 E1078.47274
G1 F2400.0 E1073.47274 ; Retraction
G0 F7200.0 X-0.0 Y-20.72742
G1 F2400.0 E1078.47274 ; Reversed Retraction
G1 F3000.0 X0.0 Y-11.09239 E1078.7932
G1 F2400.0 E1073.7932 ; Retraction
G0 F7200.0 X-3.08028 Y-11.09239
G1 F2400.0 E1078.7932 ; Reversed Retraction
G1 F3000.0 X6.90004 Y-16.85453 E1079.1765
G1 F2400.0 E1074.1765 ; Retraction
G0 F7200.0 X6.90004 Y-15.81525
G1 F2400.0 E1079.1765 ; Reversed Retraction
G1 F3000.0 X-1.60808 Y-20.72742 E1079.50326
G1 F2400.0 E1074.50326 ; Retraction
G0 F7200.0 X-6.0 Y-20.72742
G1 F2400.0 E1079.50326 ; Reversed Retraction
G1 F3000.0 X-6.0 Y-11.09239 E1079.82372
;Layer 5
G0 F1440.0 Z20.99899
;Shell(s)
G1 F2400.0 E1074.82372 ; Retraction
G0 F7200.0 X7.3 Y-21.32742
G1 F2400.0 E1079.82372 ; Reversed Retraction
G1 F3000.0 X-7.3 Y-21.32742 E1080.30932
G1 F3000.0 X-7.3 Y-10.49239 E1080.6697
G1 F3000.0 X7.3 Y-10.49239 E1081.15529
G1 F3000.0 X7.3 Y-21.32742 E1081.51567
G1 F2400.0 E1076.51567 ; Retraction
G0 F7200.0 X6.9 Y-20.92742
G1 F2400.0 E1081.51567 ; Reversed Retraction
G1 F3000.0 X-6.9 Y-20.92742 E1081.97466
G1 F3000.0 X-6.9 Y-10.89239 E1082.30843
G1 F3000.0 X6.9 Y-10.89239 E1082.76742
G1 F3000.0 X6.9 Y-20.92742 E1083.10118
;Internal Infill
G1 F2400.0 E1078.10118 ; Retraction
G0 F7200.0 X6.0 Y-20.69899
G1 F2400.0 E1083.10118 ; Reversed Retraction
G1 F3000.0 X6.0 Y-11.29239 E1083.41405
G1 F2400.0 E1078.41405 ; Retraction
G0 F7200.0 X2.73387 Y-11.29239
G1 F2400.0 E1083.41405 ; Reversed Retraction
G1 F3000.0 X-6.90004 Y-16.85453 E1083.78404
G1 F2400.0 E1078.78404 ; Retraction
G0 F7200.0 X-6.90004 Y-15.81525
G1 F2400.0 E1083.78404 ; Reversed Retraction
G1 F3000.0 X1.55885 Y-20.69899 E1084.10891
G1 F2400.0 E1079.10891 ; Retraction
G0 F7200.0 X-1.55885 Y-20.69899
G1 F2400.0 E1084.10891 ; Reversed Retraction
G1 F3000.0 X6.90004 Y-15.81525 E1084.43378
G1 F2400.0 E1079.43378 ; Retraction
G0 F7200.0 X6.90004 Y-16.85453
G1 F2400.0 E1084.43378 ; Reversed Retraction
G1 F3000.0 X-2.73387 Y-11.29239 E1084.80377
G1 F2400.0 E1079.80377 ; Retraction
G0 F7200.0 X0.0 Y-11.29239
G1 F2400.0 E1084.80377 ; Reversed Retraction
G1 F3000.0 X0.0 Y-20.69899 E1085.11664
G1 F2400.0 E1080.11664 ; Retraction
G0 F7200.0 X-6.0 Y-20.69899
G1 F2400.0 E1085.11664 ; Reversed Retraction
G1 F3000.0 X-6.0 Y-11.29239 E1085.4295
;Layer 6
G0 F1440.0 Z21.19899
;Shell(s)
G1 F2400.0 E1080.4295 ; Retraction
G0 F7200.0 X7.3 Y-21.12742
G1 F2400.0 E1085.4295 ; Reversed Retraction
G1 F3000.0 X-7.3 Y-21.12742 E1085.9151
G1 F3000.0 X-7.3 Y-10.69239 E1086.26217
G1 F3000.0 X7.3 Y-10.69239 E1086.74777
G1 F3000.0 X7.3 Y-21.12742 E1087.09484
G1 F2400.0 E1082.09484 ; Retraction
G0 F7200.0 X6.9 Y-20.72742
G1 F2400.0 E1087.09484 ; Reversed Retraction
G1 F3000.0 X-6.9 Y-20.72742 E1087.55383
G1 F3000.0 X-6.9 Y-11.09239 E1087.87429
G1 F3000.0 X6.9 Y-11.09239 E1088.33328
G1 F3000.0 X6.9 Y-20.72742 E1088.65374
;Internal Infill
G1 F2400.0 E1083.65374 ; Retraction
G0 F7200.0 X6.0 Y-20.69899
G1 F2400.0 E1088.65374 ; Reversed Retraction
G1 F3000.0 X6.0 Y-11.49239 E1088.95996
G1 F2400.0 E1083.95996 ; Retraction
G0 F7200.0 X2.38746 Y-11.49239
G1 F2400.0 E1088.95996 ; Reversed Retraction
G1 F3000.0 X-6.90004 Y-16.85453 E1089.31665
G1 F2400.0 E1084.31665 ; Retraction
G0 F7200.0 X-6.90004 Y-15.81525
G1 F2400.0 E1089.31665 ; Reversed Retraction
G1 F3000.0 X1.55885 Y-20.69899 E1089.64151
G1 F2400.0 E1084.64151 ; Retraction
G0 F7200.0 X-1.55885 Y-20.69899
G1 F2400.0 E1089.64151 ; Reversed Retraction
G1 F3000.0 X6.90004 Y-15.81525 E1089.96638
G1 F2400.0 E1084.96638 ; Retraction
G0 F7200.0 X6.90004 Y-16.85453
G1 F2400.0 E1089.96638 ; Reversed Retraction
G1 F3000.0 X-2.38746 Y-11.49239 E1090.32307
G1 F2400.0 E1085.32307 ; Retraction
G0 F7200.0 X0.0 Y-11.49239
G1 F2400.0 E1090.32307 ; Reversed Retraction
G1 F3000.0 X0.0 Y-20.69899 E1090.62929
G1 F2400.0 E1085.62929 ; Retraction
G0 F7200.0 X-6.0 Y-20.69899
G1 F2400.0 E1090.62929 ; Reversed Retraction
G1 F3000.0 X-6.0 Y-11.49239 E1090.9355
;Layer 7
G0 F1440.0 Z21.39899
;Shell(s)
G1 F2400.0 E1085.9355 ; Retraction
G0 F7200.0 X7.3 Y-21.09899
G1 F2400.0 E1090.9355 ; Reversed Retraction
G1 F3000.0 X-7.3 Y-21.09899 E1091.4211
G1 F3000.0 X-7.3 Y-10.89239 E1091.76057
G1 F3000.0 X7.3 Y-10.89239 E1092.24617
G1 F3000.0 X7.3 Y-21.09899 E1092.58564
G1 F2400.0 E1087.58564 ; Retraction
G0 F7200.0 X6.9 Y-20.69899
G1 F2400.0 E1092.58564 ; Reversed Retraction
G1 F3000.0 X-6.9 Y-20.69899 E1093.04463
G1 F3000.0 X-6.9 Y-11.29239 E1093.3575
G1 F3000.0 X6.9 Y-11.29239 E1093.81649
G1 F3000.0 X6.9 Y-20.69899 E1094.12935
;Internal Infill
G1 F2400.0 E1089.12935 ; Retraction
G0 F7200.0 X6.0 Y-20.69903
G1 F2400.0 E1094.12935 ; Reversed Retraction
G1 F3000.0 X6.0 Y-11.69239 E1094.42891
G1 F2400.0 E1089.42891 ; Retraction
G0 F7200.0 X2.04105 Y-11.69239
G1 F2400.0 E1094.42891 ; Reversed Retraction
G1 F3000.0 X-6.90004 Y-16.85453 E1094.7723
G1 F2400.0 E1089.7723 ; Retraction
G0 F7200.0 X-6.90004 Y-15.81525
G1 F2400.0 E1094.7723 ; Reversed Retraction
G1 F3000.0 X1.55892 Y-20.69903 E1095.09717
G1 F2400.0 E1090.09717 ; Retraction
G0 F7200.0 X-1.55892 Y-20.69903
G1 F2400.0 E1095.09717 ; Reversed Retraction
G1 F3000.0 X6.90004 Y-15.81525 E1095.42204
G1 F2400.0 E1090.42204 ; Retraction
G0 F7200.0 X6.90004 Y-16.85453
G1 F2400.0 E1095.42204 ; Reversed Retraction
G1 F3000.0 X-2.04105 Y-11.69239 E1095.76543
G1 F2400.0 E1090.76543 ; Retraction
G0 F7200.0 X0.0 Y-11.69239
G1 F2400.0 E1095.76543 ; Reversed Retraction
G1 F3000.0 X0.0 Y-20.69903 E1096.06499
G1 F2400.0 E1091.06499 ; Retraction
G0 F7200.0 X-6.0 Y-20.69903
G1 F2400.0 E1096.06499 ; Reversed Retraction
G1 F3000.0 X-6.0 Y-11.69239 E1096.36455
;Layer 8
G0 F1440.0 Z21.59899
;Shell(s)
G1 F2400.0 E1091.36455 ; Retraction
G0 F7200.0 X7.3 Y-21.29899
G1 F2400.0 E1096.36455 ; Reversed Retraction
G1 F3000.0 X-7.3 Y-21.29899 E1096.85015
G1 F3000.0 X-7.3 Y-11.09239 E1097.18962
G1 F3000.0 X7.3 Y-11.09239 E1097.67522
G1 F3000.0 X7.3 Y-21.29899 E1098.01469
G1 F2400.0 E1093.01469 ; Retraction
G0 F7200.0 X6.9 Y-20.89899
G1 F2400.0 E1098.01469 ; Reversed Retraction
G1 F3000.0 X-6.9 Y-20.89899 E1098.47368
G1 F3000.0 X-6.9 Y-11.49239 E1098.78655
G1 F3000.0 X6.9 Y-11.49239 E1099.24554
G1 F3000.0 X6.9 Y-20.89899 E1099.5584
;Internal Infill
G1 F2400.0 E1094.5584 ; Retraction
G0 F7200.0 X6.0 Y-20.69899
G1 F2400.0 E1099.5584 ; Reversed Retraction
G1 F3000.0 X6.0 Y-11.89239 E1099.85131
G1 F2400.0 E1094.85131 ; Retraction
G0 F7200.0 X6.90004 Y-16.85453
G1 F2400.0 E1099.85131 ; Reversed Retraction
G1 F3000.0 X-1.69464 Y-11.89239 E1100.18139
G1 F2400.0 E1095.18139 ; Retraction
G0 F7200.0 X0.0 Y-11.89239
G1 F2400.0 E1100.18139 ; Reversed Retraction
G1 F3000.0 X0.0 Y-20.69899 E1100.4743
G1 F2400.0 E1095.4743 ; Retraction
G0 F7200.0 X-1.55885 Y-20.69899
G1 F2400.0 E1100.4743 ; Reversed Retraction
G1 F3000.0 X6.90004 Y-15.81525 E1100.79917
G1 F2400.0 E1095.79917 ; Retraction
G0 F7200.0 X1.69464 Y-11.89239
G1 F2400.0 E1100.79917 ; Reversed Retraction
G1 F3000.0 X-6.90004 Y-16.85453 E1101.12925
G1 F2400.0 E1096.12925 ; Retraction
G0 F7200.0 X-6.90004 Y-15.81525
G1 F2400.0 E1101.12925 ; Reversed Retraction
G1 F3000.0 X1.55885 Y-20.69899 E1101.45412
G1 F2400.0 E1096.45412 ; Retraction
G0 F7200.0 X-6.0 Y-20.69899
G1 F2400.0 E1101.45412 ; Reversed Retraction
G1 F3000.0 X-6.0 Y-11.89239 E1101.74703
;Layer 9
G0 F1440.0 Z21.79899
;Shell(s)
G1 F2400.0 E1096.74703 ; Retraction
G0 F7200.0 X7.3 Y-21.49899
G1 F2400.0 E1101.74703 ; Reversed Retraction
G1 F3000.0 X-7.3 Y-21.49899 E1102.23263
G1 F3000.0 X-7.3 Y-11.29239 E1102.5721
G1 F3000.0 X7.3 Y-11.29239 E1103.0577
G1 F3000.0 X7.3 Y-21.49899 E1103.39717
G1 F2400.0 E1098.39717 ; Retraction
G0 F7200.0 X6.9 Y-21.09899
G1 F2400.0 E1103.39717 ; Reversed Retraction
G1 F3000.0 X-6.9 Y-21.09899 E1103.85616
G1 F3000.0 X-6.9 Y-11.69239 E1104.16903
G1 F3000.0 X6.9 Y-11.69239 E1104.62802
G1 F3000.0 X6.9 Y-21.09899 E1104.94088
;Internal Infill
G1 F2400.0 E1099.94088 ; Retraction
G0 F7200.0 X6.0 Y-20.69899
G1 F2400.0 E1104.94088 ; Reversed Retraction
G1 F3000.0 X6.0 Y-12.09239 E1105.22714
G1 F2400.0 E1100.22714 ; Retraction
G0 F7200.0 X6.90004 Y-16.85453
G1 F2400.0 E1105.22714 ; Reversed Retraction
G1 F3000.0 X-1.34823 Y-12.09239 E1105.54392
G1 F2400.0 E1100.54392 ; Retraction
G0 F7200.0 X0.0 Y-12.09239
G1 F2400.0 E1105.54392 ; Reversed Retraction
G1 F3000.0 X0.0 Y-20.69899 E1105.83017
G1 F2400.0 E1100.83017 ; Retraction
G0 F7200.0 X-1.55885 Y-20.69899
G1 F2400.0 E1105.83017 ; Reversed Retraction
G1 F3000.0 X6.90004 Y-15.81525 E1106.15504
G1 F2400.0 E1101.15504 ; Retraction
G0 F7200.0 X1.34823 Y-12.09239
G1 F2400.0 E1106.15504 ; Reversed Retraction
G1 F3000.0 X-6.90004 Y-16.85453 E1106.47182
G1 F2400.0 E1101.47182 ; Retraction
G0 F7200.0 X-6.90004 Y-15.81525
G1 F2400.0 E1106.47182 ; Reversed Retraction
G1 F3000.0 X1.55885 Y-20.69899 E1106.79669
G1 F2400.0 E1101.79669 ; Retraction
G0 F7200.0 X-6.0 Y-20.69899
G1 F2400.0 E1106.79669 ; Reversed Retraction
G1 F3000.0 X-6.0 Y-12.09239 E1107.08294
;Layer 10
G0 F1440.0 Z21.99899
;Shell(s)
G1 F2400.0 E1102.08294 ; Retraction
G0 F7200.0 X7.3 Y-21.69899
G1 F2400.0 E1107.08294 ; Reversed Retraction
G1 F3000.0 X-7.3 Y-21.69899 E1107.56854
G1 F3000.0 X-7.3 Y-11.49239 E1107.90802
G1 F3000.0 X7.3 Y-11.49239 E1108.39361
G1 F3000.0 X7.3 Y-21.69899 E1108.73309
G1 F2400.0 E1103.73309 ; Retraction
G0 F7200.0 X6.9 Y-21.29899
G1 F2400.0 E1108.73309 ; Reversed Retraction
G1 F3000.0 X-6.9 Y-21.29899 E1109.19208
G1 F3000.0 X-6.9 Y-11.89239 E1109.50494
G1 F3000.0 X6.9 Y-11.89239 E1109.96393
G1 F3000.0 X6.9 Y-21.29899 E1110.2768
;Internal Infill
G1 F2400.0 E1105.2768 ; Retraction
G0 F7200.0 X6.0 Y-20.89899
G1 F2400.0 E1110.2768 ; Reversed Retraction
G1 F3000.0 X6.0 Y-12.29239 E1110.56305
G1 F2400.0 E1105.56305 ; Retraction
G0 F7200.0 X6.90004 Y-16.85453
G1 F2400.0 E1110.56305 ; Reversed Retraction
G1 F3000.0 X-1.00182 Y-12.29239 E1110.86653
G1 F2400.0 E1105.86653 ; Retraction
G0 F7200.0 X0.0 Y-12.29239
G1 F2400.0 E1110.86653 ; Reversed Retraction
G1 F3000.0 X0.0 Y-20.89899 E1111.15278
G1 F2400.0 E1106.15278 ; Retraction
G0 F7200.0 X-1.90526 Y-20.89899
G1 F2400.0 E1111.15278 ; Reversed Retraction
G1 F3000.0 X6.90004 Y-15.81525 E1111.49096
G1 F2400.0 E1106.49096 ; Retraction
G0 F7200.0 X1.00182 Y-12.29239
G1 F2400.0 E1111.49096 ; Reversed Retraction
G1 F3000.0 X-6.90004 Y-16.85453 E1111.79443
G1 F2400.0 E1106.79443 ; Retraction
G0 F7200.0 X-6.0 Y-20.89899
G1 F2400.0 E1111.79443 ; Reversed Retraction
G1 F3000.0 X-6.0 Y-12.29239 E1112.08069
G1 F2400.0 E1107.08069 ; Retraction
G0 F7200.0 X-6.90004 Y-15.81525
G1 F2400.0 E1112.08069 ; Reversed Retraction
G1 F3000.0 X1.90526 Y-20.89899 E1112.41886
;Layer 11
G0 F1440.0 Z22.19899
;Shell(s)
G1 F2400.0 E1107.41886 ; Retraction
G0 F7200.0 X7.3 Y-21.89899
G1 F2400.0 E1112.41886 ; Reversed Retraction
G1 F3000.0 X-7.3 Y-21.89899 E1112.90446
G1 F3000.0 X-7.3 Y-11.69239 E1113.24393
G1 F3000.0 X7.3 Y-11.69239 E1113.72953
G1 F3000.0 X7.3 Y-21.89899 E1114.069
G1 F2400.0 E1109.069 ; Retraction
G0 F7200.0 X6.9 Y-21.49899
G1 F2400.0 E1114.069 ; Reversed Retraction
G1 F3000.0 X-6.9 Y-21.49899 E1114.52799
G1 F3000.0 X-6.9 Y-12.09239 E1114.84086
G1 F3000.0 X6.9 Y-12.09239 E1115.29985
G1 F3000.0 X6.9 Y-21.49899 E1115.61271
;Internal Infill
G1 F2400.0 E1110.61271 ; Retraction
G0 F7200.0 X6.0 Y-21.09899
G1 F2400.0 E1115.61271 ; Reversed Retraction
G1 F3000.0 X6.0 Y-12.49239 E1115.89897
G1 F2400.0 E1110.89897 ; Retraction
G0 F7200.0 X6.90004 Y-16.85453
G1 F2400.0 E1115.89897 ; Reversed Retraction
G1 F3000.0 X-0.65541 Y-12.49239 E1116.18914
G1 F2400.0 E1111.18914 ; Retraction
G0 F7200.0 X0.0 Y-12.49239
G1 F2400.0 E1116.18914 ; Reversed Retraction
G1 F3000.0 X0.0 Y-21.09899 E1116.47539
G1 F2400.0 E1111.47539 ; Retraction
G0 F7200.0 X-2.25167 Y-21.09899
G1 F2400.0 E1116.47539 ; Reversed Retraction
G1 F3000.0 X6.90004 Y-15.81525 E1116.82687
G1 F2400.0 E1111.82687 ; Retraction
G0 F7200.0 X2.25167 Y-21.09899
G1 F2400.0 E1116.82687 ; Reversed Retraction
G1 F3000.0 X-6.90004 Y-15.81525 E1117.17835
G1 F2400.0 E1112.17835 ; Retraction
G0 F7200.0 X-6.90004 Y-16.85453
G1 F2400.0 E1117.17835 ; Reversed Retraction
G1 F3000.0 X0.65541 Y-12.49239 E1117.46852
G1 F2400.0 E1112.46852 ; Retraction
G0 F7200.0 X-6.0 Y-12.49239
G1 F2400.0 E1117.46852 ; Reversed Retraction
G1 F3000.0 X-6.0 Y-21.09899 E1117.75477
;Layer 12
G0 F1440.0 Z22.39899
;Shell(s)
G1 F2400.0 E1112.75477 ; Retraction
G0 F7200.0 X7.3 Y-22.09899
G1 F2400.0 E1117.75477 ; Reversed Retraction
G1 F3000.0 X-7.3 Y-22.09899 E1118.24037
G1 F3000.0 X-7.3 Y-11.89239 E1118.57984
G1 F3000.0 X7.3 Y-11.89239 E1119.06544
G1 F3000.0 X7.3 Y-22.09899 E1119.40492
G1 F2400.0 E1114.40492 ; Retraction
G0 F7200.0 X6.9 Y-21.69899
G1 F2400.0 E1119.40492 ; Reversed Retraction
G1 F3000.0 X-6.9 Y-21.69899 E1119.86391
G1 F3000.0 X-6.9 Y-12.29239 E1120.17677
G1 F3000.0 X6.9 Y-12.29239 E1120.63576
G1 F3000.0 X6.9 Y-21.69899 E1120.94862
;Internal Infill
G1 F2400.0 E1115.94862 ; Retraction
G0 F7200.0 X6.0 Y-21.29899
G1 F2400.0 E1120.94862 ; Reversed Retraction
G1 F3000.0 X6.0 Y-12.69239 E1121.23488
G1 F2400.0 E1116.23488 ; Retraction
G0 F7200.0 X6.90004 Y-16.85453
G1 F2400.0 E1121.23488 ; Reversed Retraction
G1 F3000.0 X-0.309 Y-12.69239 E1121.51175
G1 F2400.0 E1116.51175 ; Retraction
G0 F7200.0 X0.309 Y-12.69239
G1 F2400.0 E1121.51175 ; Reversed Retraction
G1 F3000.0 X-6.90004 Y-16.85453 E1121.78861
G1 F2400.0 E1116.78861 ; Retraction
G0 F7200.0 X-6.90004 Y-15.81525
G1 F2400.0 E1121.78861 ; Reversed Retraction
G1 F3000.0 X2.59808 Y-21.29899 E1122.15339
G1 F2400.0 E1117.15339 ; Retraction
G0 F7200.0 X-2.59808 Y-21.29899
G1 F2400.0 E1122.15339 ; Reversed Retraction
G1 F3000.0 X6.90004 Y-15.81525 E1122.51817
G1 F2400.0 E1117.51817 ; Retraction
G0 F7200.0 X0.0 Y-12.69239
G1 F2400.0 E1122.51817 ; Reversed Retraction
G1 F3000.0 X0.0 Y-21.29899 E1122.80443
G1 F2400.0 E1117.80443 ; Retraction
G0 F7200.0 X-6.0 Y-21.29899
G1 F2400.0 E1122.80443 ; Reversed Retraction
G1 F3000.0 X-6.0 Y-12.69239 E1123.09069
;Layer 13
G0 F1440.0 Z22.59899
;Shell(s)
G1 F2400.0 E1118.09069 ; Retraction
G0 F7200.0 X7.3 Y-22.29899
G1 F2400.0 E1123.09069 ; Reversed Retraction
G1 F3000.0 X-7.3 Y-22.29899 E1123.57629
G1 F3000.0 X-7.3 Y-12.09239 E1123.91576
G1 F3000.0 X7.3 Y-12.09239 E1124.40136
G1 F3000.0 X7.3 Y-22.29899 E1124.74083
G1 F2400.0 E1119.74083 ; Retraction
G0 F7200.0 X6.9 Y-21.89899
G1 F2400.0 E1124.74083 ; Reversed Retraction
G1 F3000.0 X-6.9 Y-21.89899 E1125.19982
G1 F3000.0 X-6.9 Y-12.49239 E1125.51268
G1 F3000.0 X6.9 Y-12.49239 E1125.97167
G1 F3000.0 X6.9 Y-21.89899 E1126.28454
;Internal Infill
G1 F2400.0 E1121.28454 ; Retraction
G0 F7200.0 X6.0 Y-21.49899
G1 F2400.0 E1126.28454 ; Reversed Retraction
G1 F3000.0 X6.0 Y-12.89239 E1126.5708
G1 F2400.0 E1121.5708 ; Retraction
G0 F7200.0 X6.90004 Y-16.85453
G1 F2400.0 E1126.5708 ; Reversed Retraction
G1 F3000.0 X0.03741 Y-12.89239 E1126.83436
G1 F2400.0 E1121.83436 ; Retraction
G0 F7200.0 X0.0 Y-12.89239
G1 F2400.0 E1126.83436 ; Reversed Retraction
G1 F3000.0 X0.0 Y-21.49899 E1127.12062
G1 F2400.0 E1122.12062 ; Retraction
G0 F7200.0 X-2.94449 Y-21.49899
G1 F2400.0 E1127.12062 ; Reversed Retraction
G1 F3000.0 X6.90004 Y-15.81525 E1127.4987
G1 F2400.0 E1122.4987 ; Retraction
G0 F7200.0 X2.94449 Y-21.49899
G1 F2400.0 E1127.4987 ; Reversed Retraction
G1 F3000.0 X-6.90004 Y-15.81525 E1127.87678
G1 F2400.0 E1122.87678 ; Retraction
G0 F7200.0 X-6.0 Y-12.89239
G1 F2400.0 E1127.87678 ; Reversed Retraction
G1 F3000.0 X-6.0 Y-21.49899 E1128.16304
G1 F2400.0 E1123.16304 ; Retraction
G0 F7200.0 X-6.90004 Y-16.85453
G1 F2400.0 E1128.16304 ; Reversed Retraction
G1 F3000.0 X-0.03741 Y-12.89239 E1128.4266
;Layer 14
G0 F1440.0 Z22.79899
;Shell(s)
G1 F2400.0 E1123.4266 ; Retraction
G0 F7200.0 X7.3 Y-22.49899
G1 F2400.0 E1128.4266 ; Reversed Retraction
G1 F3000.0 X-7.3 Y-22.49899 E1128.9122
G1 F3000.0 X-7.3 Y-12.29239 E1129.25167
G1 F3000.0 X7.3 Y-12.29239 E1129.73727
G1 F3000.0 X7.3 Y-22.49899 E1130.07674
G1 F2400.0 E1125.07674 ; Retraction
G0 F7200.0 X6.9 Y-22.09899
G1 F2400.0 E1130.07674 ; Reversed Retraction
G1 F3000.0 X-6.9 Y-22.09899 E1130.53573
G1 F3000.0 X-6.9 Y-12.69239 E1130.8486
G1 F3000.0 X6.9 Y-12.69239 E1131.30759
G1 F3000.0 X6.9 Y-22.09899 E1131.62045
;Internal Infill
G1 F2400.0 E1126.62045 ; Retraction
G0 F7200.0 X6.0 Y-21.69899
G1 F2400.0 E1131.62045 ; Reversed Retraction
G1 F3000.0 X6.0 Y-13.09239 E1131.90671
G1 F2400.0 E1126.90671 ; Retraction
G0 F7200.0 X6.90004 Y-16.85453
G1 F2400.0 E1131.90671 ; Reversed Retraction
G1 F3000.0 X0.38383 Y-13.09239 E1132.15697
G1 F2400.0 E1127.15697 ; Retraction
G0 F7200.0 X0.0 Y-13.09239
G1 F2400.0 E1132.15697 ; Reversed Retraction
G1 F3000.0 X0.0 Y-21.69899 E1132.44323
G1 F2400.0 E1127.44323 ; Retraction
G0 F7200.0 X3.2909 Y-21.69899
G1 F2400.0 E1132.44323 ; Reversed Retraction
G1 F3000.0 X-6.90004 Y-15.81525 E1132.83461
G1 F2400.0 E1127.83461 ; Retraction
G0 F7200.0 X-6.0 Y-13.09239
G1 F2400.0 E1132.83461 ; Reversed Retraction
G1 F3000.0 X-6.0 Y-21.69899 E1133.12087
G1 F2400.0 E1128.12087 ; Retraction
G0 F7200.0 X-3.2909 Y-21.69899
G1 F2400.0 E1133.12087 ; Reversed Retraction
G1 F3000.0 X6.90004 Y-15.81525 E1133.51226
G1 F2400.0 E1128.51226 ; Retraction
G0 F7200.0 X-0.38383 Y-13.09239
G1 F2400.0 E1133.51226 ; Reversed Retraction
G1 F3000.0 X-6.90004 Y-16.85453 E1133.76252
;Layer 15
G0 F1440.0 Z22.99899
;Shell(s)
G1 F2400.0 E1128.76252 ; Retraction
G0 F7200.0 X7.3 Y-22.69899
G1 F2400.0 E1133.76252 ; Reversed Retraction
G1 F3000.0 X-7.3 Y-22.69899 E1134.24811
G1 F3000.0 X-7.3 Y-12.49239 E1134.58759
G1 F3000.0 X7.3 Y-12.49239 E1135.07319
G1 F3000.0 X7.3 Y-22.69899 E1135.41266
G1 F2400.0 E1130.41266 ; Retraction
G0 F7200.0 X6.9 Y-22.29899
G1 F2400.0 E1135.41266 ; Reversed Retraction
G1 F3000.0 X-6.9 Y-22.29899 E1135.87165
G1 F3000.0 X-6.9 Y-12.89239 E1136.18451
G1 F3000.0 X6.9 Y-12.89239 E1136.6435
G1 F3000.0 X6.9 Y-22.29899 E1136.95637
;Internal Infill
G1 F2400.0 E1131.95637 ; Retraction
G0 F7200.0 X6.0 Y-21.89899
G1 F2400.0 E1136.95637 ; Reversed Retraction
G1 F3000.0 X6.0 Y-13.29239 E1137.24262
G1 F2400.0 E1132.24262 ; Retraction
G0 F7200.0 X6.90004 Y-16.85453
G1 F2400.0 E1137.24262 ; Reversed Retraction
G1 F3000.0 X0.73024 Y-13.29239 E1137.47958
G1 F2400.0 E1132.47958 ; Retraction
G0 F7200.0 X0.0 Y-13.29239
G1 F2400.0 E1137.47958 ; Reversed Retraction
G1 F3000.0 X0.0 Y-21.89899 E1137.76584
G1 F2400.0 E1132.76584 ; Retraction
G0 F7200.0 X-3.63731 Y-21.89899
G1 F2400.0 E1137.76584 ; Reversed Retraction
G1 F3000.0 X6.90004 Y-15.81525 E1138.17053
G1 F2400.0 E1133.17053 ; Retraction
G0 F7200.0 X3.63731 Y-21.89899
G1 F2400.0 E1138.17053 ; Reversed Retraction
G1 F3000.0 X-6.90004 Y-15.81525 E1138.57522
G1 F2400.0 E1133.57522 ; Retraction
G0 F7200.0 X-6.90004 Y-16.85453
G1 F2400.0 E1138.57522 ; Reversed Retraction
G1 F3000.0 X-0.73024 Y-13.29239 E1138.81217
G1 F2400.0 E1133.81217 ; Retraction
G0 F7200.0 X-6.0 Y-13.29239
G1 F2400.0 E1138.81217 ; Reversed Retraction
G1 F3000.0 X-6.0 Y-21.89899 E1139.09843
;Layer 16
G0 F1440.0 Z23.19899
;Shell(s)
G1 F2400.0 E1134.09843 ; Retraction
G0 F7200.0 X7.3 Y-22.89899
G1 F2400.0 E1139.09843 ; Reversed Retraction
G1 F3000.0 X-7.3 Y-22.89899 E1139.58403
G1 F3000.0 X-7.3 Y-12.69239 E1139.9235
G1 F3000.0 X7.3 Y-12.69239 E1140.4091
G1 F3000.0 X7.3 Y-22.89899 E1140.74857
G1 F2400.0 E1135.74857 ; Retraction
G0 F7200.0 X6.9 Y-22.49899
G1 F2400.0 E1140.74857 ; Reversed Retraction
G1 F3000.0 X-6.9 Y-22.49899 E1141.20756
G1 F3000.0 X-6.9 Y-13.09239 E1141.52043
G1 F3000.0 X6.9 Y-13.09239 E1141.97942
G1 F3000.0 X6.9 Y-22.49899 E1142.29228
;Internal Infill
G1 F2400.0 E1137.29228 ; Retraction
G0 F7200.0 X6.0 Y-22.09899
G1 F2400.0 E1142.29228 ; Reversed Retraction
G1 F3000.0 X6.0 Y-13.49239 E1142.57854
G1 F2400.0 E1137.57854 ; Retraction
G0 F7200.0 X6.90004 Y-16.85453
G1 F2400.0 E1142.57854 ; Reversed Retraction
G1 F3000.0 X1.07665 Y-13.49239 E1142.80219
G1 F2400.0 E1137.80219 ; Retraction
G0 F7200.0 X0.0 Y-13.49239
G1 F2400.0 E1142.80219 ; Reversed Retraction
G1 F3000.0 X0.0 Y-22.09899 E1143.08844
G1 F2400.0 E1138.08844 ; Retraction
G0 F7200.0 X3.98372 Y-22.09899
G1 F2400.0 E1143.08844 ; Reversed Retraction
G1 F3000.0 X-6.90004 Y-15.81525 E1143.50644
G1 F2400.0 E1138.50644 ; Retraction
G0 F7200.0 X-6.90004 Y-16.85453
G1 F2400.0 E1143.50644 ; Reversed Retraction
G1 F3000.0 X-1.07665 Y-13.49239 E1143.73009
G1 F2400.0 E1138.73009 ; Retraction
G0 F7200.0 X-6.0 Y-13.49239
G1 F2400.0 E1143.73009 ; Reversed Retraction
G1 F3000.0 X-6.0 Y-22.09899 E1144.01635
G1 F2400.0 E1139.01635 ; Retraction
G0 F7200.0 X-3.98372 Y-22.09899
G1 F2400.0 E1144.01635 ; Reversed Retraction
G1 F3000.0 X6.90004 Y-15.81525 E1144.43434
;Layer 17
G0 F1440.0 Z23.39899
;Shell(s)
G1 F2400.0 E1139.43434 ; Retraction
G0 F7200.0 X7.3 Y-23.09899
G1 F2400.0 E1144.43434 ; Reversed Retraction
G1 F3000.0 X-7.3 Y-23.09899 E1144.91994
G1 F3000.0 X-7.3 Y-12.89239 E1145.25942
G1 F3000.0 X7.3 Y-12.89239 E1145.74501
G1 F3000.0 X7.3 Y-23.09899 E1146.08449
G1 F2400.0 E1141.08449 ; Retraction
G0 F7200.0 X6.9 Y-22.69899
G1 F2400.0 E1146.08449 ; Reversed Retraction
G1 F3000.0 X-6.9 Y-22.69899 E1146.54348
G1 F3000.0 X-6.9 Y-13.29239 E1146.85634
G1 F3000.0 X6.9 Y-13.29239 E1147.31533
G1 F3000.0 X6.9 Y-22.69899 E1147.6282
;Internal Infill
G1 F2400.0 E1142.6282 ; Retraction
G0 F7200.0 X6.0 Y-22.29899
G1 F2400.0 E1147.6282 ; Reversed Retraction
G1 F3000.0 X6.0 Y-13.69239 E1147.91445
G1 F2400.0 E1142.91445 ; Retraction
G0 F7200.0 X6.90004 Y-16.85453
G1 F2400.0 E1147.91445 ; Reversed Retraction
G1 F3000.0 X1.42306 Y-13.69239 E1148.1248
G1 F2400.0 E1143.1248 ; Retraction
G0 F7200.0 X0.0 Y-13.69239
G1 F2400.0 E1148.1248 ; Reversed Retraction
G1 F3000.0 X0.0 Y-22.29899 E1148.41105
G1 F2400.0 E1143.41105 ; Retraction
G0 F7200.0 X4.33013 Y-22.29899
G1 F2400.0 E1148.41105 ; Reversed Retraction
G1 F3000.0 X-6.90004 Y-15.81525 E1148.84236
G1 F2400.0 E1143.84236 ; Retraction
G0 F7200.0 X-6.90004 Y-16.85453
G1 F2400.0 E1148.84236 ; Reversed Retraction
G1 F3000.0 X-1.42306 Y-13.69239 E1149.0527
G1 F2400.0 E1144.0527 ; Retraction
G0 F7200.0 X-6.0 Y-13.69239
G1 F2400.0 E1149.0527 ; Reversed Retraction
G1 F3000.0 X-6.0 Y-22.29899 E1149.33896
G1 F2400.0 E1144.33896 ; Retraction
G0 F7200.0 X-4.33013 Y-22.29899
G1 F2400.0 E1149.33896 ; Reversed Retraction
G1 F3000.0 X6.90004 Y-15.81525 E1149.77026
;Layer 18
G0 F1440.0 Z23.59899
;Shell(s)
G1 F2400.0 E1144.77026 ; Retraction
G0 F7200.0 X7.3 Y-23.29899
G1 F2400.0 E1149.77026 ; Reversed Retraction
G1 F3000.0 X-7.3 Y-23.29899 E1150.25586
G1 F3000.0 X-7.3 Y-13.09239 E1150.59533
G1 F3000.0 X7.3 Y-13.09239 E1151.08093
G1 F3000.0 X7.3 Y-23.29899 E1151.4204
G1 F2400.0 E1146.4204 ; Retraction
G0 F7200.0 X6.9 Y-22.89899
G1 F2400.0 E1151.4204 ; Reversed Retraction
G1 F3000.0 X-6.9 Y-22.89899 E1151.87939
G1 F3000.0 X-6.9 Y-13.49239 E1152.19225
G1 F3000.0 X6.9 Y-13.49239 E1152.65124
G1 F3000.0 X6.9 Y-22.89899 E1152.96411
;Internal Infill
G1 F2400.0 E1147.96411 ; Retraction
G0 F7200.0 X6.0 Y-22.49899
G1 F2400.0 E1152.96411 ; Reversed Retraction
G1 F3000.0 X6.0 Y-13.89239 E1153.25037
G1 F2400.0 E1148.25037 ; Retraction
G0 F7200.0 X6.90004 Y-16.85453
G1 F2400.0 E1153.25037 ; Reversed Retraction
G1 F3000.0 X1.76947 Y-13.89239 E1153.44741
G1 F2400.0 E1148.44741 ; Retraction
G0 F7200.0 X0.0 Y-13.89239
G1 F2400.0 E1153.44741 ; Reversed Retraction
G1 F3000.0 X0.0 Y-22.49899 E1153.73366
G1 F2400.0 E1148.73366 ; Retraction
G0 F7200.0 X-4.67654 Y-22.49899
G1 F2400.0 E1153.73366 ; Reversed Retraction
G1 F3000.0 X6.90004 Y-15.81525 E1154.17827
G1 F2400.0 E1149.17827 ; Retraction
G0 F7200.0 X4.67654 Y-22.49899
G1 F2400.0 E1154.17827 ; Reversed Retraction
G1 F3000.0 X-6.90004 Y-15.81525 E1154.62287
G1 F2400.0 E1149.62287 ; Retraction
G0 F7200.0 X-6.90004 Y-16.85453
G1 F2400.0 E1154.62287 ; Reversed Retraction
G1 F3000.0 X-1.76947 Y-13.89239 E1154.81992
G1 F2400.0 E1149.81992 ; Retraction
G0 F7200.0 X-6.0 Y-13.89239
G1 F2400.0 E1154.81992 ; Reversed Retraction
G1 F3000.0 X-6.0 Y-22.49899 E1155.10617
;Layer 19
G0 F1440.0 Z23.79899
;Shell(s)
G1 F2400.0 E1150.10617 ; Retraction
G0 F7200.0 X7.3 Y-23.49899
G1 F2400.0 E1155.10617 ; Reversed Retraction
G1 F3000.0 X-7.3 Y-23.49899 E1155.59177
G1 F3000.0 X-7.3 Y-13.29239 E1155.93124
G1 F3000.0 X7.3 Y-13.29239 E1156.41684
G1 F3000.0 X7.3 Y-23.49899 E1156.75631
G1 F2400.0 E1151.75631 ; Retraction
G0 F7200.0 X6.9 Y-23.09899
G1 F2400.0 E1156.75631 ; Reversed Retraction
G1 F3000.0 X-6.9 Y-23.09899 E1157.2153
G1 F3000.0 X-6.9 Y-13.69239 E1157.52817
G1 F3000.0 X6.9 Y-13.69239 E1157.98716
G1 F3000.0 X6.9 Y-23.09899 E1158.30002
;Internal Infill
G1 F2400.0 E1153.30002 ; Retraction
G0 F7200.0 X6.0 Y-22.69899
G1 F2400.0 E1158.30002 ; Reversed Retraction
G1 F3000.0 X6.0 Y-14.09239 E1158.58628
G1 F2400.0 E1153.58628 ; Retraction
G0 F7200.0 X6.90004 Y-16.85453
G1 F2400.0 E1158.58628 ; Reversed Retraction
G1 F3000.0 X2.11588 Y-14.09239 E1158.77002
G1 F2400.0 E1153.77002 ; Retraction
G0 F7200.0 X0.0 Y-14.09239
G1 F2400.0 E1158.77002 ; Reversed Retraction
G1 F3000.0 X0.0 Y-22.69899 E1159.05627
G1 F2400.0 E1154.05627 ; Retraction
G0 F7200.0 X5.02295 Y-22.69899
G1 F2400.0 E1159.05627 ; Reversed Retraction
G1 F3000.0 X-6.90004 Y-15.81525 E1159.51418
G1 F2400.0 E1154.51418 ; Retraction
G0 F7200.0 X-6.90004 Y-16.85453
G1 F2400.0 E1159.51418 ; Reversed Retraction
G1 F3000.0 X-2.11588 Y-14.09239 E1159.69792
G1 F2400.0 E1154.69792 ; Retraction
G0 F7200.0 X-6.0 Y-14.09239
G1 F2400.0 E1159.69792 ; Reversed Retraction
G1 F3000.0 X-6.0 Y-22.69899 E1159.98418
G1 F2400.0 E1154.98418 ; Retraction
G0 F7200.0 X-5.02295 Y-22.69899
G1 F2400.0 E1159.98418 ; Reversed Retraction
G1 F3000.0 X6.90004 Y-15.81525 E1160.44209
;Layer 20
G0 F1440.0 Z23.99899
;Shell(s)
G1 F2400.0 E1155.44209 ; Retraction
G0 F7200.0 X7.3 Y-23.69899
G1 F2400.0 E1160.44209 ; Reversed Retraction
G1 F3000.0 X2.75216 Y-23.69899 E1160.59335
G1 F3000.0 X-7.3 Y-23.69899 E1160.92768
G1 F3000.0 X-7.3 Y-13.49239 E1161.26716
G1 F3000.0 X7.3 Y-13.49239 E1161.75275
G1 F3000.0 X7.3 Y-23.69899 E1162.09223
G1 F2400.0 E1157.09223 ; Retraction
G0 F7200.0 X6.9 Y-23.29899
G1 F2400.0 E1162.09223 ; Reversed Retraction
G1 F3000.0 X2.75216 Y-23.29899 E1162.23019
G1 F3000.0 X-6.9 Y-23.29899 E1162.55122
G1 F3000.0 X-6.9 Y-13.89239 E1162.86408
G1 F3000.0 X6.9 Y-13.89239 E1163.32307
G1 F3000.0 X6.9 Y-23.29899 E1163.63594
;Internal Infill
G1 F2400.0 E1158.63594 ; Retraction
G0 F7200.0 X6.0 Y-22.89899
G1 F2400.0 E1163.63594 ; Reversed Retraction
G1 F3000.0 X6.0 Y-14.29239 E1163.92219
G1 F2400.0 E1158.92219 ; Retraction
G0 F7200.0 X6.90004 Y-16.85453
G1 F2400.0 E1163.92219 ; Reversed Retraction
G1 F3000.0 X2.46229 Y-14.29239 E1164.09263
G1 F2400.0 E1159.09263 ; Retraction
G0 F7200.0 X0.0 Y-14.29239
G1 F2400.0 E1164.09263 ; Reversed Retraction
G1 F3000.0 X0.0 Y-22.89899 E1164.37888
G1 F2400.0 E1159.37888 ; Retraction
G0 F7200.0 X5.36936 Y-22.89899
G1 F2400.0 E1164.37888 ; Reversed Retraction
G1 F3000.0 X-6.90004 Y-15.81525 E1164.8501
G1 F2400.0 E1159.8501 ; Retraction
G0 F7200.0 X-6.90004 Y-16.85453
G1 F2400.0 E1164.8501 ; Reversed Retraction
G1 F3000.0 X-2.46229 Y-14.29239 E1165.02053
G1 F2400.0 E1160.02053 ; Retraction
G0 F7200.0 X-6.0 Y-14.29239
G1 F2400.0 E1165.02053 ; Reversed Retraction
G1 F3000.0 X-6.0 Y-22.89899 E1165.30679
G1 F2400.0 E1160.30679 ; Retraction
G0 F7200.0 X-5.36936 Y-22.89899
G1 F2400.0 E1165.30679 ; Reversed Retraction
G1 F3000.0 X6.90004 Y-15.81525 E1165.778
;Layer 21
G0 F1440.0 Z24.19899
;Shell(s)
G1 F2400.0 E1160.778 ; Retraction
G0 F7200.0 X7.3 Y-23.89899
G1 F2400.0 E1165.778 ; Reversed Retraction
G1 F3000.0 X-7.3 Y-23.89899 E1166.2636
G1 F3000.0 X-7.3 Y-13.69239 E1166.60307
G1 F3000.0 X7.3 Y-13.69239 E1167.08867
G1 F3000.0 X7.3 Y-23.89899 E1167.42814
G1 F2400.0 E1162.42814 ; Retraction
G0 F7200.0 X6.9 Y-23.49899
G1 F2400.0 E1167.42814 ; Reversed Retraction
G1 F3000.0 X-6.9 Y-23.49899 E1167.88713
G1 F3000.0 X-6.9 Y-14.09239 E1168.2
G1 F3000.0 X6.9 Y-14.09239 E1168.65899
G1 F3000.0 X6.9 Y-23.49899 E1168.97185
;Internal Infill
G1 F2400.0 E1163.97185 ; Retraction
G0 F7200.0 X6.0 Y-23.09899
G1 F2400.0 E1168.97185 ; Reversed Retraction
G1 F3000.0 X6.0 Y-14.49239 E1169.25811
G1 F2400.0 E1164.25811 ; Retraction
G0 F7200.0 X6.90004 Y-16.85453
G1 F2400.0 E1169.25811 ; Reversed Retraction
G1 F3000.0 X2.8087 Y-14.49239 E1169.41524
G1 F2400.0 E1164.41524 ; Retraction
G0 F7200.0 X0.0 Y-14.49239
G1 F2400.0 E1169.41524 ; Reversed Retraction
G1 F3000.0 X0.0 Y-23.09899 E1169.70149
G1 F2400.0 E1164.70149 ; Retraction
G0 F7200.0 X5.71577 Y-23.09899
G1 F2400.0 E1169.70149 ; Reversed Retraction
G1 F3000.0 X-6.90004 Y-15.81525 E1170.18601
G1 F2400.0 E1165.18601 ; Retraction
G0 F7200.0 X-6.90004 Y-16.85453
G1 F2400.0 E1170.18601 ; Reversed Retraction
G1 F3000.0 X-2.8087 Y-14.49239 E1170.34314
G1 F2400.0 E1165.34314 ; Retraction
G0 F7200.0 X-6.0 Y-14.49239
G1 F2400.0 E1170.34314 ; Reversed Retraction
G1 F3000.0 X-6.0 Y-23.09899 E1170.6294
G1 F2400.0 E1165.6294 ; Retraction
G0 F7200.0 X-5.71577 Y-23.09899
G1 F2400.0 E1170.6294 ; Reversed Retraction
G1 F3000.0 X6.90004 Y-15.81525 E1171.11391
;Layer 22
G0 F1440.0 Z24.39899
;Shell(s)
G1 F2400.0 E1166.11391 ; Retraction
G0 F7200.0 X7.3 Y-24.09899
G1 F2400.0 E1171.11391 ; Reversed Retraction
G1 F3000.0 X-7.3 Y-24.09899 E1171.59951
G1 F3000.0 X-7.3 Y-13.89239 E1171.93898
G1 F3000.0 X7.3 Y-13.89239 E1172.42458
G1 F3000.0 X7.3 Y-24.09899 E1172.76406
G1 F2400.0 E1167.76406 ; Retraction
G0 F7200.0 X6.9 Y-23.69899
G1 F2400.0 E1172.76406 ; Reversed Retraction
G1 F3000.0 X-6.9 Y-23.69899 E1173.22305
G1 F3000.0 X-6.9 Y-14.29239 E1173.53591
G1 F3000.0 X6.9 Y-14.29239 E1173.9949
G1 F3000.0 X6.9 Y-23.69899 E1174.30776
;Internal Infill
G1 F2400.0 E1169.30776 ; Retraction
G0 F7200.0 X6.90004 Y-22.74345
G1 F2400.0 E1174.30776 ; Reversed Retraction
G1 F3000.0 X5.93782 Y-23.29899 E1174.34472
G1 F2400.0 E1169.34472 ; Retraction
G0 F7200.0 X6.06218 Y-23.29899
G1 F2400.0 E1174.34472 ; Reversed Retraction
G1 F3000.0 X-6.90004 Y-15.81525 E1174.84254
G1 F2400.0 E1169.84254 ; Retraction
G0 F7200.0 X-6.90004 Y-16.85453
G1 F2400.0 E1174.84254 ; Reversed Retraction
G1 F3000.0 X-3.15511 Y-14.69239 E1174.98637
G1 F2400.0 E1169.98637 ; Retraction
G0 F7200.0 X-6.0 Y-14.69239
G1 F2400.0 E1174.98637 ; Reversed Retraction
G1 F3000.0 X-6.0 Y-23.29899 E1175.27262
G1 F2400.0 E1170.27262 ; Retraction
G0 F7200.0 X-6.06218 Y-23.29899
G1 F2400.0 E1175.27262 ; Reversed Retraction
G1 F3000.0 X6.90004 Y-15.81525 E1175.77044
G1 F2400.0 E1170.77044 ; Retraction
G0 F7200.0 X6.90004 Y-16.85453
G1 F2400.0 E1175.77044 ; Reversed Retraction
G1 F3000.0 X3.15511 Y-14.69239 E1175.91427
G1 F2400.0 E1170.91427 ; Retraction
G0 F7200.0 X6.0 Y-14.69239
G1 F2400.0 E1175.91427 ; Reversed Retraction
G1 F3000.0 X6.0 Y-23.29899 E1176.20053
G1 F2400.0 E1171.20053 ; Retraction
G0 F7200.0 X0.0 Y-23.29899
G1 F2400.0 E1176.20053 ; Reversed Retraction
G1 F3000.0 X0.0 Y-14.69239 E1176.48678
G1 F2400.0 E1171.48678 ; Retraction
G0 F7200.0 X-5.93782 Y-23.29899
G1 F2400.0 E1176.48678 ; Reversed Retraction
G1 F3000.0 X-6.90004 Y-22.74345 E1176.52374
;Layer 23
G0 F1440.0 Z24.59899
;Shell(s)
G1 F2400.0 E1171.52374 ; Retraction
G0 F7200.0 X7.3 Y-24.29899
G1 F2400.0 E1176.52374 ; Reversed Retraction
G1 F3000.0 X-7.3 Y-24.29899 E1177.00933
G1 F3000.0 X-7.3 Y-14.09239 E1177.34881
G1 F3000.0 X7.3 Y-14.09239 E1177.83441
G1 F3000.0 X7.3 Y-24.29899 E1178.17388
G1 F2400.0 E1173.17388 ; Retraction
G0 F7200.0 X6.9 Y-23.89899
G1 F2400.0 E1178.17388 ; Reversed Retraction
G1 F3000.0 X-6.9 Y-23.89899 E1178.63287
G1 F3000.0 X-6.9 Y-14.49239 E1178.94573
G1 F3000.0 X6.9 Y-14.49239 E1179.40472
G1 F3000.0 X6.9 Y-23.89899 E1179.71759
;Internal Infill
G1 F2400.0 E1174.71759 ; Retraction
G0 F7200.0 X6.40859 Y-23.49899
G1 F2400.0 E1179.71759 ; Reversed Retraction
G1 F3000.0 X-6.90004 Y-15.81525 E1180.22871
G1 F2400.0 E1175.22871 ; Retraction
G0 F7200.0 X-6.90004 Y-16.85453
G1 F2400.0 E1180.22871 ; Reversed Retraction
G1 F3000.0 X-3.50152 Y-14.89239 E1180.35923
G1 F2400.0 E1175.35923 ; Retraction
G0 F7200.0 X-6.0 Y-14.89239
G1 F2400.0 E1180.35923 ; Reversed Retraction
G1 F3000.0 X-6.0 Y-23.49899 E1180.64549
G1 F2400.0 E1175.64549 ; Retraction
G0 F7200.0 X-5.59141 Y-23.49899
G1 F2400.0 E1180.64549 ; Reversed Retraction
G1 F3000.0 X-6.90004 Y-22.74345 E1180.69575
G1 F2400.0 E1175.69575 ; Retraction
G0 F7200.0 X-6.40859 Y-23.49899
G1 F2400.0 E1180.69575 ; Reversed Retraction
G1 F3000.0 X6.90004 Y-15.81525 E1181.20687
G1 F2400.0 E1176.20687 ; Retraction
G0 F7200.0 X6.90004 Y-16.85453
G1 F2400.0 E1181.20687 ; Reversed Retraction
G1 F3000.0 X3.50152 Y-14.89239 E1181.3374
G1 F2400.0 E1176.3374 ; Retraction
G0 F7200.0 X6.0 Y-14.89239
G1 F2400.0 E1181.3374 ; Reversed Retraction
G1 F3000.0 X6.0 Y-23.49899 E1181.62365
G1 F2400.0 E1176.62365 ; Retraction
G0 F7200.0 X5.59141 Y-23.49899
G1 F2400.0 E1181.62365 ; Reversed Retraction
G1 F3000.0 X6.90004 Y-22.74345 E1181.67391
G1 F2400.0 E1176.67391 ; Retraction
G0 F7200.0 X0.0 Y-23.49899
G1 F2400.0 E1181.67391 ; Reversed Retraction
G1 F3000.0 X0.0 Y-14.89239 E1181.96017
;Layer 24
G0 F1440.0 Z24.79899
;Shell(s)
G1 F2400.0 E1176.96017 ; Retraction
G0 F7200.0 X7.3 Y-24.49899
G1 F2400.0 E1181.96017 ; Reversed Retraction
G1 F3000.0 X-7.3 Y-24.49899 E1182.44577
G1 F3000.0 X-7.3 Y-14.29239 E1182.78524
G1 F3000.0 X7.3 Y-14.29239 E1183.27084
G1 F3000.0 X7.3 Y-24.49899 E1183.61031
G1 F2400.0 E1178.61031 ; Retraction
G0 F7200.0 X6.9 Y-24.09899
G1 F2400.0 E1183.61031 ; Reversed Retraction
G1 F3000.0 X-6.9 Y-24.09899 E1184.0693
G1 F3000.0 X-6.9 Y-14.69239 E1184.38216
G1 F3000.0 X6.9 Y-14.69239 E1184.84115
G1 F3000.0 X6.9 Y-24.09899 E1185.15402
;Internal Infill
G1 F2400.0 E1180.15402 ; Retraction
G0 F7200.0 X6.755 Y-23.69899
G1 F2400.0 E1185.15402 ; Reversed Retraction
G1 F3000.0 X-6.90004 Y-15.81525 E1185.67845
G1 F2400.0 E1180.67845 ; Retraction
G0 F7200.0 X-6.0 Y-15.09239
G1 F2400.0 E1185.67845 ; Reversed Retraction
G1 F3000.0 X-6.0 Y-23.69899 E1185.9647
G1 F2400.0 E1180.9647 ; Retraction
G0 F7200.0 X-5.245 Y-23.69899
G1 F2400.0 E1185.9647 ; Reversed Retraction
G1 F3000.0 X-6.90004 Y-22.74345 E1186.02827
G1 F2400.0 E1181.02827 ; Retraction
G0 F7200.0 X-6.755 Y-23.69899
G1 F2400.0 E1186.02827 ; Reversed Retraction
G1 F3000.0 X6.90004 Y-15.81525 E1186.5527
G1 F2400.0 E1181.5527 ; Retraction
G0 F7200.0 X6.0 Y-15.09239
G1 F2400.0 E1186.5527 ; Reversed Retraction
G1 F3000.0 X6.0 Y-23.69899 E1186.83895
G1 F2400.0 E1181.83895 ; Retraction
G0 F7200.0 X5.245 Y-23.69899
G1 F2400.0 E1186.83895 ; Reversed Retraction
G1 F3000.0 X6.90004 Y-22.74345 E1186.90251
G1 F2400.0 E1181.90251 ; Retraction
G0 F7200.0 X6.90004 Y-16.85453
G1 F2400.0 E1186.90251 ; Reversed Retraction
G1 F3000.0 X3.84793 Y-15.09239 E1187.01973
G1 F2400.0 E1182.01973 ; Retraction
G0 F7200.0 X0.0 Y-15.09239
G1 F2400.0 E1187.01973 ; Reversed Retraction
G1 F3000.0 X0.0 Y-23.69899 E1187.30599
G1 F2400.0 E1182.30599 ; Retraction
G0 F7200.0 X-3.84793 Y-15.09239
G1 F2400.0 E1187.30599 ; Reversed Retraction
G1 F3000.0 X-6.90004 Y-16.85453 E1187.42321
;Layer 25
G0 F1440.0 Z24.99899
;Shell(s)
G1 F2400.0 E1182.42321 ; Retraction
G0 F7200.0 X7.3 Y-24.69899
G1 F2400.0 E1187.42321 ; Reversed Retraction
G1 F3000.0 X-7.3 Y-24.69899 E1187.90881
G1 F3000.0 X-7.3 Y-14.49239 E1188.24828
G1 F3000.0 X7.3 Y-14.49239 E1188.73388
G1 F3000.0 X7.3 Y-24.69899 E1189.07335
G1 F2400.0 E1184.07335 ; Retraction
G0 F7200.0 X6.9 Y-24.29899
G1 F2400.0 E1189.07335 ; Reversed Retraction
G1 F3000.0 X-6.9 Y-24.29899 E1189.53234
G1 F3000.0 X-6.9 Y-14.89239 E1189.8452
G1 F3000.0 X6.9 Y-14.89239 E1190.30419
G1 F3000.0 X6.9 Y-24.29899 E1190.61706
;Internal Infill
G1 F2400.0 E1185.61706 ; Retraction
G0 F7200.0 X6.90004 Y-23.78273
G1 F2400.0 E1190.61706 ; Reversed Retraction
G1 F3000.0 X-6.90004 Y-15.81525 E1191.14706
G1 F2400.0 E1186.14706 ; Retraction
G0 F7200.0 X-6.90004 Y-16.85453
G1 F2400.0 E1191.14706 ; Reversed Retraction
G1 F3000.0 X-4.19434 Y-15.29239 E1191.25097
G1 F2400.0 E1186.25097 ; Retraction
G0 F7200.0 X-6.0 Y-15.29239
G1 F2400.0 E1191.25097 ; Reversed Retraction
G1 F3000.0 X-6.0 Y-23.89899 E1191.53723
G1 F2400.0 E1186.53723 ; Retraction
G0 F7200.0 X-6.90004 Y-23.78273
G1 F2400.0 E1191.53723 ; Reversed Retraction
G1 F3000.0 X6.90004 Y-15.81525 E1192.06723
G1 F2400.0 E1187.06723 ; Retraction
G0 F7200.0 X6.0 Y-15.29239
G1 F2400.0 E1192.06723 ; Reversed Retraction
G1 F3000.0 X6.0 Y-23.89899 E1192.35348
G1 F2400.0 E1187.35348 ; Retraction
G0 F7200.0 X4.89859 Y-23.89899
G1 F2400.0 E1192.35348 ; Reversed Retraction
G1 F3000.0 X6.90004 Y-22.74345 E1192.43035
G1 F2400.0 E1187.43035 ; Retraction
G0 F7200.0 X6.90004 Y-16.85453
G1 F2400.0 E1192.43035 ; Reversed Retraction
G1 F3000.0 X4.19434 Y-15.29239 E1192.53426
G1 F2400.0 E1187.53426 ; Retraction
G0 F7200.0 X0.0 Y-15.29239
G1 F2400.0 E1192.53426 ; Reversed Retraction
G1 F3000.0 X0.0 Y-23.89899 E1192.82052
G1 F2400.0 E1187.82052 ; Retraction
G0 F7200.0 X-4.89859 Y-23.89899
G1 F2400.0 E1192.82052 ; Reversed Retraction
G1 F3000.0 X-6.90004 Y-22.74345 E1192.89739
;Layer 26
G0 F1440.0 Z25.19899
;Shell(s)
G1 F2400.0 E1187.89739 ; Retraction
G0 F7200.0 X7.3 Y-24.89899
G1 F2400.0 E1192.89739 ; Reversed Retraction
G1 F3000.0 X-7.3 Y-24.89899 E1193.38299
G1 F3000.0 X-7.3 Y-14.69239 E1193.72246
G1 F3000.0 X7.3 Y-14.69239 E1194.20806
G1 F3000.0 X7.3 Y-24.89899 E1194.54753
G1 F2400.0 E1189.54753 ; Retraction
G0 F7200.0 X6.9 Y-24.49899
G1 F2400.0 E1194.54753 ; Reversed Retraction
G1 F3000.0 X-6.9 Y-24.49899 E1195.00652
G1 F3000.0 X-6.9 Y-15.09239 E1195.31938
G1 F3000.0 X6.9 Y-15.09239 E1195.77837
G1 F3000.0 X6.9 Y-24.49899 E1196.09124
;Internal Infill
G1 F2400.0 E1191.09124 ; Retraction
G0 F7200.0 X6.90004 Y-23.78273
G1 F2400.0 E1196.09124 ; Reversed Retraction
G1 F3000.0 X-6.90004 Y-15.81525 E1196.62124
G1 F2400.0 E1191.62124 ; Retraction
G0 F7200.0 X-6.0 Y-15.49239
G1 F2400.0 E1196.62124 ; Reversed Retraction
G1 F3000.0 X-6.0 Y-24.09899 E1196.90749
G1 F2400.0 E1191.90749 ; Retraction
G0 F7200.0 X-6.90004 Y-23.78273
G1 F2400.0 E1196.90749 ; Reversed Retraction
G1 F3000.0 X6.90004 Y-15.81525 E1197.43749
G1 F2400.0 E1192.43749 ; Retraction
G0 F7200.0 X6.90004 Y-16.85453
G1 F2400.0 E1197.43749 ; Reversed Retraction
G1 F3000.0 X4.54075 Y-15.49239 E1197.5281
G1 F2400.0 E1192.5281 ; Retraction
G0 F7200.0 X6.0 Y-15.49239
G1 F2400.0 E1197.5281 ; Reversed Retraction
G1 F3000.0 X6.0 Y-24.09899 E1197.81436
G1 F2400.0 E1192.81436 ; Retraction
G0 F7200.0 X4.55218 Y-24.09899
G1 F2400.0 E1197.81436 ; Reversed Retraction
G1 F3000.0 X6.90004 Y-22.74345 E1197.90453
G1 F2400.0 E1192.90453 ; Retraction
G0 F7200.0 X0.0 Y-24.09899
G1 F2400.0 E1197.90453 ; Reversed Retraction
G1 F3000.0 X0.0 Y-15.49239 E1198.19079
G1 F2400.0 E1193.19079 ; Retraction
G0 F7200.0 X-4.54075 Y-15.49239
G1 F2400.0 E1198.19079 ; Reversed Retraction
G1 F3000.0 X-6.90004 Y-16.85453 E1198.2814
G1 F2400.0 E1193.2814 ; Retraction
G0 F7200.0 X-6.90004 Y-22.74345
G1 F2400.0 E1198.2814 ; Reversed Retraction
G1 F3000.0 X-4.55218 Y-24.09899 E1198.37157
;Layer 27
G0 F1440.0 Z25.39899
;Shell(s)
G1 F2400.0 E1193.37157 ; Retraction
G0 F7200.0 X7.3 Y-25.09899
G1 F2400.0 E1198.37157 ; Reversed Retraction
G1 F3000.0 X-7.3 Y-25.09899 E1198.85717
G1 F3000.0 X-7.3 Y-14.89239 E1199.19664
G1 F3000.0 X7.3 Y-14.89239 E1199.68224
G1 F3000.0 X7.3 Y-25.09899 E1200.02171
G1 F2400.0 E1195.02171 ; Retraction
G0 F7200.0 X6.9 Y-24.69899
G1 F2400.0 E1200.02171 ; Reversed Retraction
G1 F3000.0 X-6.9 Y-24.69899 E1200.4807
G1 F3000.0 X-6.9 Y-15.29239 E1200.79356
G1 F3000.0 X6.9 Y-15.29239 E1201.25255
G1 F3000.0 X6.9 Y-24.69899 E1201.56542
;Internal Infill
G1 F2400.0 E1196.56542 ; Retraction
G0 F7200.0 X6.90004 Y-23.78273
G1 F2400.0 E1201.56542 ; Reversed Retraction
G1 F3000.0 X-6.90004 Y-15.81525 E1202.09542
G1 F2400.0 E1197.09542 ; Retraction
G0 F7200.0 X-6.90004 Y-16.85453
G1 F2400.0 E1202.09542 ; Reversed Retraction
G1 F3000.0 X-4.88716 Y-15.69239 E1202.17272
G1 F2400.0 E1197.17272 ; Retraction
G0 F7200.0 X-6.0 Y-15.69239
G1 F2400.0 E1202.17272 ; Reversed Retraction
G1 F3000.0 X-6.0 Y-24.29899 E1202.45898
G1 F2400.0 E1197.45898 ; Retraction
G0 F7200.0 X-4.20577 Y-24.29899
G1 F2400.0 E1202.45898 ; Reversed Retraction
G1 F3000.0 X-6.90004 Y-22.74345 E1202.56245
G1 F2400.0 E1197.56245 ; Retraction
G0 F7200.0 X-6.90004 Y-23.78273
G1 F2400.0 E1202.56245 ; Reversed Retraction
G1 F3000.0 X6.90004 Y-15.81525 E1203.09245
G1 F2400.0 E1198.09245 ; Retraction
G0 F7200.0 X6.90004 Y-16.85453
G1 F2400.0 E1203.09245 ; Reversed Retraction
G1 F3000.0 X4.88716 Y-15.69239 E1203.16976
G1 F2400.0 E1198.16976 ; Retraction
G0 F7200.0 X6.0 Y-15.69239
G1 F2400.0 E1203.16976 ; Reversed Retraction
G1 F3000.0 X6.0 Y-24.29899 E1203.45602
G1 F2400.0 E1198.45602 ; Retraction
G0 F7200.0 X4.20577 Y-24.29899
G1 F2400.0 E1203.45602 ; Reversed Retraction
G1 F3000.0 X6.90004 Y-22.74345 E1203.55949
G1 F2400.0 E1198.55949 ; Retraction
G0 F7200.0 X0.0 Y-24.29899
G1 F2400.0 E1203.55949 ; Reversed Retraction
G1 F3000.0 X0.0 Y-15.69239 E1203.84575
;Layer 28
G0 F1440.0 Z25.59899
;Shell(s)
G1 F2400.0 E1198.84575 ; Retraction
G0 F7200.0 X7.3 Y-25.29899
G1 F2400.0 E1203.84575 ; Reversed Retraction
G1 F3000.0 X-7.3 Y-25.29899 E1204.33135
G1 F3000.0 X-7.3 Y-15.09239 E1204.67082
G1 F3000.0 X7.3 Y-15.09239 E1205.15642
G1 F3000.0 X7.3 Y-25.29899 E1205.49589
G1 F2400.0 E1200.49589 ; Retraction
G0 F7200.0 X6.9 Y-24.89899
G1 F2400.0 E1205.49589 ; Reversed Retraction
G1 F3000.0 X-6.9 Y-24.89899 E1205.95488
G1 F3000.0 X-6.9 Y-15.49239 E1206.26774
G1 F3000.0 X6.9 Y-15.49239 E1206.72673
G1 F3000.0 X6.9 Y-24.89899 E1207.0396
;Internal Infill
G1 F2400.0 E1202.0396 ; Retraction
G0 F7200.0 X6.0 Y-24.49899
G1 F2400.0 E1207.0396 ; Reversed Retraction
G1 F3000.0 X6.0 Y-15.89239 E1207.32585
G1 F2400.0 E1202.32585 ; Retraction
G0 F7200.0 X5.23357 Y-15.89239
G1 F2400.0 E1207.32585 ; Reversed Retraction
G1 F3000.0 X6.90004 Y-16.85453 E1207.38986
G1 F2400.0 E1202.38986 ; Retraction
G0 F7200.0 X6.76643 Y-15.89239
G1 F2400.0 E1207.38986 ; Reversed Retraction
G1 F3000.0 X-6.90004 Y-23.78273 E1207.91472
G1 F2400.0 E1202.91472 ; Retraction
G0 F7200.0 X-6.90004 Y-22.74345
G1 F2400.0 E1207.91472 ; Reversed Retraction
G1 F3000.0 X-3.85936 Y-24.49899 E1208.0315
G1 F2400.0 E1203.0315 ; Retraction
G0 F7200.0 X-6.0 Y-24.49899
G1 F2400.0 E1208.0315 ; Reversed Retraction
G1 F3000.0 X-6.0 Y-15.89239 E1208.31776
G1 F2400.0 E1203.31776 ; Retraction
G0 F7200.0 X-5.23357 Y-15.89239
G1 F2400.0 E1208.31776 ; Reversed Retraction
G1 F3000.0 X-6.90004 Y-16.85453 E1208.38176
G1 F2400.0 E1203.38176 ; Retraction
G0 F7200.0 X-6.76643 Y-15.89239
G1 F2400.0 E1208.38176 ; Reversed Retraction
G1 F3000.0 X6.90004 Y-23.78273 E1208.90663
G1 F2400.0 E1203.90663 ; Retraction
G0 F7200.0 X6.90004 Y-22.74345
G1 F2400.0 E1208.90663 ; Reversed Retraction
G1 F3000.0 X3.85936 Y-24.49899 E1209.02341
G1 F2400.0 E1204.02341 ; Retraction
G0 F7200.0 X0.0 Y-24.49899
G1 F2400.0 E1209.02341 ; Reversed Retraction
G1 F3000.0 X0.0 Y-15.89239 E1209.30966
;Layer 29
G0 F1440.0 Z25.79899
;Shell(s)
G1 F2400.0 E1204.30966 ; Retraction
G0 F7200.0 X7.3 Y-25.49899
G1 F2400.0 E1209.30966 ; Reversed Retraction
G1 F3000.0 X-7.3 Y-25.49899 E1209.79526
G1 F3000.0 X-7.3 Y-15.29239 E1210.13474
G1 F3000.0 X7.3 Y-15.29239 E1210.62033
G1 F3000.0 X7.3 Y-25.49899 E1210.95981
G1 F2400.0 E1205.95981 ; Retraction
G0 F7200.0 X6.9 Y-25.09899
G1 F2400.0 E1210.95981 ; Reversed Retraction
G1 F3000.0 X-6.9 Y-25.09899 E1211.4188
G1 F3000.0 X-6.9 Y-15.69239 E1211.73166
G1 F3000.0 X6.9 Y-15.69239 E1212.19065
G1 F3000.0 X6.9 Y-25.09899 E1212.50352
;Internal Infill
G1 F2400.0 E1207.50352 ; Retraction
G0 F7200.0 X6.0 Y-24.69899
G1 F2400.0 E1212.50352 ; Reversed Retraction
G1 F3000.0 X6.0 Y-16.09239 E1212.78977
G1 F2400.0 E1207.78977 ; Retraction
G0 F7200.0 X5.57998 Y-16.09239
G1 F2400.0 E1212.78977 ; Reversed Retraction
G1 F3000.0 X6.90004 Y-16.85453 E1212.84047
G1 F2400.0 E1207.84047 ; Retraction
G0 F7200.0 X6.42002 Y-16.09239
G1 F2400.0 E1212.84047 ; Reversed Retraction
G1 F3000.0 X-6.90004 Y-23.78273 E1213.35203
G1 F2400.0 E1208.35203 ; Retraction
G0 F7200.0 X-6.90004 Y-22.74345
G1 F2400.0 E1213.35203 ; Reversed Retraction
G1 F3000.0 X-3.51295 Y-24.69899 E1213.48212
G1 F2400.0 E1208.48212 ; Retraction
G0 F7200.0 X-6.0 Y-24.69899
G1 F2400.0 E1213.48212 ; Reversed Retraction
G1 F3000.0 X-6.0 Y-16.09239 E1213.76837
G1 F2400.0 E1208.76837 ; Retraction
G0 F7200.0 X-5.57998 Y-16.09239
G1 F2400.0 E1213.76837 ; Reversed Retraction
G1 F3000.0 X-6.90004 Y-16.85453 E1213.81907
G1 F2400.0 E1208.81907 ; Retraction
G0 F7200.0 X-6.42002 Y-16.09239
G1 F2400.0 E1213.81907 ; Reversed Retraction
G1 F3000.0 X6.90004 Y-23.78273 E1214.33063
G1 F2400.0 E1209.33063 ; Retraction
G0 F7200.0 X6.90004 Y-22.74345
G1 F2400.0 E1214.33063 ; Reversed Retraction
G1 F3000.0 X3.51295 Y-24.69899 E1214.46072
G1 F2400.0 E1209.46072 ; Retraction
G0 F7200.0 X0.0 Y-24.69899
G1 F2400.0 E1214.46072 ; Reversed Retraction
G1 F3000.0 X0.0 Y-16.09239 E1214.74697
;Layer 30
G0 F1440.0 Z25.99899
;Shell(s)
G1 F2400.0 E1209.74697 ; Retraction
G0 F7200.0 X7.3 Y-25.69899
G1 F2400.0 E1214.74697 ; Reversed Retraction
G1 F3000.0 X-7.3 Y-25.69899 E1215.23257
G1 F3000.0 X-7.3 Y-15.49239 E1215.57204
G1 F3000.0 X7.3 Y-15.49239 E1216.05764
G1 F3000.0 X7.3 Y-25.69899 E1216.39712
G1 F2400.0 E1211.39712 ; Retraction
G0 F7200.0 X6.9 Y-25.29899
G1 F2400.0 E1216.39712 ; Reversed Retraction
G1 F3000.0 X-6.9 Y-25.29899 E1216.85611
G1 F3000.0 X-6.9 Y-15.89239 E1217.16897
G1 F3000.0 X6.9 Y-15.89239 E1217.62796
G1 F3000.0 X6.9 Y-25.29899 E1217.94082
;Internal Infill
G1 F2400.0 E1212.94082 ; Retraction
G0 F7200.0 X6.0 Y-24.89899
G1 F2400.0 E1217.94082 ; Reversed Retraction
G1 F3000.0 X6.0 Y-16.29239 E1218.22708
G1 F2400.0 E1213.22708 ; Retraction
G0 F7200.0 X5.92639 Y-16.29239
G1 F2400.0 E1218.22708 ; Reversed Retraction
G1 F3000.0 X6.90004 Y-16.85453 E1218.26447
G1 F2400.0 E1213.26447 ; Retraction
G0 F7200.0 X6.07361 Y-16.29239
G1 F2400.0 E1218.26447 ; Reversed Retraction
G1 F3000.0 X-6.90004 Y-23.78273 E1218.76273
G1 F2400.0 E1213.76273 ; Retraction
G0 F7200.0 X-6.90004 Y-22.74345
G1 F2400.0 E1218.76273 ; Reversed Retraction
G1 F3000.0 X-3.16654 Y-24.89899 E1218.90612
G1 F2400.0 E1213.90612 ; Retraction
G0 F7200.0 X-6.0 Y-24.89899
G1 F2400.0 E1218.90612 ; Reversed Retraction
G1 F3000.0 X-6.0 Y-16.29239 E1219.19238
G1 F2400.0 E1214.19238 ; Retraction
G0 F7200.0 X-5.92639 Y-16.29239
G1 F2400.0 E1219.19238 ; Reversed Retraction
G1 F3000.0 X-6.90004 Y-16.85453 E1219.22977
G1 F2400.0 E1214.22977 ; Retraction
G0 F7200.0 X-6.07361 Y-16.29239
G1 F2400.0 E1219.22977 ; Reversed Retraction
G1 F3000.0 X6.90004 Y-23.78273 E1219.72803
G1 F2400.0 E1214.72803 ; Retraction
G0 F7200.0 X6.90004 Y-22.74345
G1 F2400.0 E1219.72803 ; Reversed Retraction
G1 F3000.0 X3.16654 Y-24.89899 E1219.87142
G1 F2400.0 E1214.87142 ; Retraction
G0 F7200.0 X0.0 Y-24.89899
G1 F2400.0 E1219.87142 ; Reversed Retraction
G1 F3000.0 X0.0 Y-16.29239 E1220.15767
;Layer 31
G0 F1440.0 Z26.19899
;Shell(s)
G1 F2400.0 E1215.15767 ; Retraction
G0 F7200.0 X7.3 Y-25.89899
G1 F2400.0 E1220.15767 ; Reversed Retraction
G1 F3000.0 X-7.3 Y-25.89899 E1220.64327
G1 F3000.0 X-7.3 Y-15.69239 E1220.98275
G1 F3000.0 X7.3 Y-15.69239 E1221.46834
G1 F3000.0 X7.3 Y-25.89899 E1221.80782
G1 F2400.0 E1216.80782 ; Retraction
G0 F7200.0 X6.9 Y-25.49899
G1 F2400.0 E1221.80782 ; Reversed Retraction
G1 F3000.0 X-6.9 Y-25.49899 E1222.26681
G1 F3000.0 X-6.9 Y-16.09239 E1222.57967
G1 F3000.0 X6.9 Y-16.09239 E1223.03866
G1 F3000.0 X6.9 Y-25.49899 E1223.35153
;Internal Infill
G1 F2400.0 E1218.35153 ; Retraction
G0 F7200.0 X6.0 Y-25.09899
G1 F2400.0 E1223.35153 ; Reversed Retraction
G1 F3000.0 X6.0 Y-16.49239 E1223.63778
G1 F2400.0 E1218.63778 ; Retraction
G0 F7200.0 X5.7272 Y-16.49239
G1 F2400.0 E1223.63778 ; Reversed Retraction
G1 F3000.0 X-6.90004 Y-23.78273 E1224.12274
G1 F2400.0 E1219.12274 ; Retraction
G0 F7200.0 X-6.90004 Y-22.74345
G1 F2400.0 E1224.12274 ; Reversed Retraction
G1 F3000.0 X-2.82013 Y-25.09899 E1224.27943
G1 F2400.0 E1219.27943 ; Retraction
G0 F7200.0 X0.0 Y-25.09899
G1 F2400.0 E1224.27943 ; Reversed Retraction
G1 F3000.0 X0.0 Y-16.49239 E1224.56569
G1 F2400.0 E1219.56569 ; Retraction
G0 F7200.0 X-5.7272 Y-16.49239
G1 F2400.0 E1224.56569 ; Reversed Retraction
G1 F3000.0 X6.90004 Y-23.78273 E1225.05064
G1 F2400.0 E1220.05064 ; Retraction
G0 F7200.0 X6.90004 Y-22.74345
G1 F2400.0 E1225.05064 ; Reversed Retraction
G1 F3000.0 X2.82013 Y-25.09899 E1225.20733
G1 F2400.0 E1220.20733 ; Retraction
G0 F7200.0 X-6.0 Y-25.09899
G1 F2400.0 E1225.20733 ; Reversed Retraction
G1 F3000.0 X-6.0 Y-16.49239 E1225.49359
;Layer 32
G0 F1440.0 Z26.39899
;Shell(s)
G1 F2400.0 E1220.49359 ; Retraction
G0 F7200.0 X7.3 Y-26.09899
G1 F2400.0 E1225.49359 ; Reversed Retraction
G1 F3000.0 X-7.3 Y-26.09899 E1225.97919
G1 F3000.0 X-7.3 Y-15.89239 E1226.31866
G1 F3000.0 X7.3 Y-15.89239 E1226.80426
G1 F3000.0 X7.3 Y-26.09899 E1227.14373
G1 F2400.0 E1222.14373 ; Retraction
G0 F7200.0 X6.9 Y-25.69899
G1 F2400.0 E1227.14373 ; Reversed Retraction
G1 F3000.0 X-6.9 Y-25.69899 E1227.60272
G1 F3000.0 X-6.9 Y-16.29239 E1227.91558
G1 F3000.0 X6.9 Y-16.29239 E1228.37457
G1 F3000.0 X6.9 Y-25.69899 E1228.68744
;Internal Infill
G1 F2400.0 E1223.68744 ; Retraction
G0 F7200.0 X6.0 Y-25.29899
G1 F2400.0 E1228.68744 ; Reversed Retraction
G1 F3000.0 X6.0 Y-16.49239 E1228.98035
G1 F2400.0 E1223.98035 ; Retraction
G0 F7200.0 X5.7272 Y-16.49239
G1 F2400.0 E1228.98035 ; Reversed Retraction
G1 F3000.0 X-6.90004 Y-23.78273 E1229.4653
G1 F2400.0 E1224.4653 ; Retraction
G0 F7200.0 X-6.90004 Y-22.74345
G1 F2400.0 E1229.4653 ; Reversed Retraction
G1 F3000.0 X-2.47372 Y-25.29899 E1229.6353
G1 F2400.0 E1224.6353 ; Retraction
G0 F7200.0 X0.0 Y-25.29899
G1 F2400.0 E1229.6353 ; Reversed Retraction
G1 F3000.0 X0.0 Y-16.49239 E1229.92821
G1 F2400.0 E1224.92821 ; Retraction
G0 F7200.0 X-5.7272 Y-16.49239
G1 F2400.0 E1229.92821 ; Reversed Retraction
G1 F3000.0 X6.90004 Y-23.78273 E1230.41316
G1 F2400.0 E1225.41316 ; Retraction
G0 F7200.0 X6.90004 Y-22.74345
G1 F2400.0 E1230.41316 ; Reversed Retraction
G1 F3000.0 X2.47372 Y-25.29899 E1230.58316
G1 F2400.0 E1225.58316 ; Retraction
G0 F7200.0 X-6.0 Y-25.29899
G1 F2400.0 E1230.58316 ; Reversed Retraction
G1 F3000.0 X-6.0 Y-16.49239 E1230.87607
;Layer 33
G0 F1440.0 Z26.59899
;Shell(s)
G1 F2400.0 E1225.87607 ; Retraction
G0 F7200.0 X7.3 Y-26.29899
G1 F2400.0 E1230.87607 ; Reversed Retraction
G1 F3000.0 X-7.3 Y-26.29899 E1231.36166
G1 F3000.0 X-7.3 Y-16.09239 E1231.70114
G1 F3000.0 X7.3 Y-16.09239 E1232.18674
G1 F3000.0 X7.3 Y-26.29899 E1232.52621
G1 F2400.0 E1227.52621 ; Retraction
G0 F7200.0 X6.9 Y-25.89899
G1 F2400.0 E1232.52621 ; Reversed Retraction
G1 F3000.0 X-6.9 Y-25.89899 E1232.9852
G1 F3000.0 X-6.9 Y-16.49239 E1233.29806
G1 F3000.0 X6.9 Y-16.49239 E1233.75705
G1 F3000.0 X6.9 Y-25.89899 E1234.06992
;Internal Infill
G1 F2400.0 E1229.06992 ; Retraction
G0 F7200.0 X6.0 Y-25.49899
G1 F2400.0 E1234.06992 ; Reversed Retraction
G1 F3000.0 X6.0 Y-16.49235 E1234.36948
G1 F2400.0 E1229.36948 ; Retraction
G0 F7200.0 X5.72727 Y-16.49235
G1 F2400.0 E1234.36948 ; Reversed Retraction
G1 F3000.0 X-6.90004 Y-23.78273 E1234.85444
G1 F2400.0 E1229.85444 ; Retraction
G0 F7200.0 X-6.90004 Y-22.74345
G1 F2400.0 E1234.85444 ; Reversed Retraction
G1 F3000.0 X-2.12731 Y-25.49899 E1235.03774
G1 F2400.0 E1230.03774 ; Retraction
G0 F7200.0 X0.0 Y-25.49899
G1 F2400.0 E1235.03774 ; Reversed Retraction
G1 F3000.0 X0.0 Y-16.49235 E1235.3373
G1 F2400.0 E1230.3373 ; Retraction
G0 F7200.0 X-5.72727 Y-16.49235
G1 F2400.0 E1235.3373 ; Reversed Retraction
G1 F3000.0 X6.90004 Y-23.78273 E1235.82226
G1 F2400.0 E1230.82226 ; Retraction
G0 F7200.0 X6.90004 Y-22.74345
G1 F2400.0 E1235.82226 ; Reversed Retraction
G1 F3000.0 X2.12731 Y-25.49899 E1236.00556
G1 F2400.0 E1231.00556 ; Retraction
G0 F7200.0 X-6.0 Y-25.49899
G1 F2400.0 E1236.00556 ; Reversed Retraction
G1 F3000.0 X-6.0 Y-16.49235 E1236.30512
;Layer 34
G0 F1440.0 Z26.79899
;Shell(s)
G1 F2400.0 E1231.30512 ; Retraction
G0 F7200.0 X7.3 Y-26.49899
G1 F2400.0 E1236.30512 ; Reversed Retraction
G1 F3000.0 X-7.3 Y-26.49899 E1236.79072
G1 F3000.0 X-7.3 Y-15.92742 E1237.14233
G1 F3000.0 X7.3 Y-15.92742 E1237.62793
G1 F3000.0 X7.3 Y-26.49899 E1237.97954
G1 F2400.0 E1232.97954 ; Retraction
G0 F7200.0 X6.9 Y-26.09899
G1 F2400.0 E1237.97954 ; Reversed Retraction
G1 F3000.0 X-6.9 Y-26.09899 E1238.43853
G1 F3000.0 X-6.9 Y-16.32742 E1238.76353
G1 F3000.0 X6.9 Y-16.32742 E1239.22252
G1 F3000.0 X6.9 Y-26.09899 E1239.54752
;Internal Infill
G1 F2400.0 E1234.54752 ; Retraction
G0 F7200.0 X6.0 Y-25.69899
G1 F2400.0 E1239.54752 ; Reversed Retraction
G1 F3000.0 X6.0 Y-16.49239 E1239.85374
G1 F2400.0 E1234.85374 ; Retraction
G0 F7200.0 X5.7272 Y-16.49239
G1 F2400.0 E1239.85374 ; Reversed Retraction
G1 F3000.0 X-6.90004 Y-23.78273 E1240.33869
G1 F2400.0 E1235.33869 ; Retraction
G0 F7200.0 X-6.0 Y-25.69899
G1 F2400.0 E1240.33869 ; Reversed Retraction
G1 F3000.0 X-6.0 Y-16.49239 E1240.64491
G1 F2400.0 E1235.64491 ; Retraction
G0 F7200.0 X-5.7272 Y-16.49239
G1 F2400.0 E1240.64491 ; Reversed Retraction
G1 F3000.0 X6.90004 Y-23.78273 E1241.12986
G1 F2400.0 E1236.12986 ; Retraction
G0 F7200.0 X6.90004 Y-22.74345
G1 F2400.0 E1241.12986 ; Reversed Retraction
G1 F3000.0 X1.7809 Y-25.69899 E1241.32646
G1 F2400.0 E1236.32646 ; Retraction
G0 F7200.0 X0.0 Y-25.69899
G1 F2400.0 E1241.32646 ; Reversed Retraction
G1 F3000.0 X0.0 Y-16.49239 E1241.63268
G1 F2400.0 E1236.63268 ; Retraction
G0 F7200.0 X-6.90004 Y-22.74345
G1 F2400.0 E1241.63268 ; Reversed Retraction
G1 F3000.0 X-1.7809 Y-25.69899 E1241.82928
;Layer 35
G0 F1440.0 Z26.99899
;Shell(s)
G1 F2400.0 E1236.82928 ; Retraction
G0 F7200.0 X7.3 Y-26.69899
G1 F2400.0 E1241.82928 ; Reversed Retraction
G1 F3000.0 X-7.3 Y-26.69899 E1242.31488
G1 F3000.0 X-7.3 Y-15.72742 E1242.67979
G1 F3000.0 X7.13939 Y-15.72742 E1243.16005
G1 F3000.0 X7.3 Y-15.72742 E1243.16539
G1 F3000.0 X7.3 Y-26.69899 E1243.53031
G1 F2400.0 E1238.53031 ; Retraction
G0 F7200.0 X6.9 Y-26.29899
G1 F2400.0 E1243.53031 ; Reversed Retraction
G1 F3000.0 X-6.9 Y-26.29899 E1243.9893
G1 F3000.0 X-6.9 Y-16.12742 E1244.32761
G1 F3000.0 X6.9 Y-16.12742 E1244.7866
G1 F3000.0 X6.9 Y-26.29899 E1245.1249
;Internal Infill
G1 F2400.0 E1240.1249 ; Retraction
G0 F7200.0 X6.0 Y-25.89899
G1 F2400.0 E1245.1249 ; Reversed Retraction
G1 F3000.0 X6.0 Y-16.49239 E1245.43777
G1 F2400.0 E1240.43777 ; Retraction
G0 F7200.0 X5.7272 Y-16.49239
G1 F2400.0 E1245.43777 ; Reversed Retraction
G1 F3000.0 X-6.90004 Y-23.78273 E1245.92272
G1 F2400.0 E1240.92272 ; Retraction
G0 F7200.0 X-6.0 Y-25.89899
G1 F2400.0 E1245.92272 ; Reversed Retraction
G1 F3000.0 X-6.0 Y-16.49239 E1246.23559
G1 F2400.0 E1241.23559 ; Retraction
G0 F7200.0 X-5.7272 Y-16.49239
G1 F2400.0 E1246.23559 ; Reversed Retraction
G1 F3000.0 X6.90004 Y-23.78273 E1246.72054
G1 F2400.0 E1241.72054 ; Retraction
G0 F7200.0 X6.90004 Y-22.74345
G1 F2400.0 E1246.72054 ; Reversed Retraction
G1 F3000.0 X1.43449 Y-25.89899 E1246.93045
G1 F2400.0 E1241.93045 ; Retraction
G0 F7200.0 X0.0 Y-25.89899
G1 F2400.0 E1246.93045 ; Reversed Retraction
G1 F3000.0 X0.0 Y-16.49239 E1247.24332
G1 F2400.0 E1242.24332 ; Retraction
G0 F7200.0 X-6.90004 Y-22.74345
G1 F2400.0 E1247.24332 ; Reversed Retraction
G1 F3000.0 X-1.43449 Y-25.89899 E1247.45322
;Layer 36
G0 F1440.0 Z27.19899
;Shell(s)
G1 F2400.0 E1242.45322 ; Retraction
G0 F7200.0 X7.3 Y-26.89899
G1 F2400.0 E1247.45322 ; Reversed Retraction
G1 F3000.0 X-7.3 Y-26.89899 E1247.93882
G1 F3000.0 X-7.3 Y-15.52742 E1248.31704
G1 F3000.0 X7.3 Y-15.52742 E1248.80264
G1 F3000.0 X7.3 Y-26.89899 E1249.18086
G1 F2400.0 E1244.18086 ; Retraction
G0 F7200.0 X6.9 Y-26.49899
G1 F2400.0 E1249.18086 ; Reversed Retraction
G1 F3000.0 X-6.9 Y-26.49899 E1249.63985
G1 F3000.0 X-6.9 Y-15.92742 E1249.99146
G1 F3000.0 X6.9 Y-15.92742 E1250.45045
G1 F3000.0 X6.9 Y-26.49899 E1250.80206
;Internal Infill
G1 F2400.0 E1245.80206 ; Retraction
G0 F7200.0 X6.0 Y-26.09899
G1 F2400.0 E1250.80206 ; Reversed Retraction
G1 F3000.0 X6.0 Y-16.32742 E1251.12707
G1 F2400.0 E1246.12707 ; Retraction
G0 F7200.0 X5.98706 Y-16.32742
G1 F2400.0 E1251.12707 ; Reversed Retraction
G1 F3000.0 X6.90004 Y-16.85453 E1251.16213
G1 F2400.0 E1246.16213 ; Retraction
G0 F7200.0 X6.01294 Y-16.32742
G1 F2400.0 E1251.16213 ; Reversed Retraction
G1 F3000.0 X-6.90004 Y-23.78273 E1251.65806
G1 F2400.0 E1246.65806 ; Retraction
G0 F7200.0 X-6.0 Y-26.09899
G1 F2400.0 E1251.65806 ; Reversed Retraction
G1 F3000.0 X-6.0 Y-16.32742 E1251.98306
G1 F2400.0 E1246.98306 ; Retraction
G0 F7200.0 X-5.98706 Y-16.32742
G1 F2400.0 E1251.98306 ; Reversed Retraction
G1 F3000.0 X-6.90004 Y-16.85453 E1252.01813
G1 F2400.0 E1247.01813 ; Retraction
G0 F7200.0 X-6.01294 Y-16.32742
G1 F2400.0 E1252.01813 ; Reversed Retraction
G1 F3000.0 X6.90004 Y-23.78273 E1252.51406
G1 F2400.0 E1247.51406 ; Retraction
G0 F7200.0 X6.90004 Y-22.74345
G1 F2400.0 E1252.51406 ; Reversed Retraction
G1 F3000.0 X1.08808 Y-26.09899 E1252.73727
G1 F2400.0 E1247.73727 ; Retraction
G0 F7200.0 X0.0 Y-26.09899
G1 F2400.0 E1252.73727 ; Reversed Retraction
G1 F3000.0 X0.0 Y-16.32742 E1253.06227
G1 F2400.0 E1248.06227 ; Retraction
G0 F7200.0 X-6.90004 Y-22.74345
G1 F2400.0 E1253.06227 ; Reversed Retraction
G1 F3000.0 X-1.08808 Y-26.09899 E1253.28548
;Layer 37
G0 F1440.0 Z27.39899
;Shell(s)
G1 F2400.0 E1248.28548 ; Retraction
G0 F7200.0 X7.3 Y-27.09899
G1 F2400.0 E1253.28548 ; Reversed Retraction
G1 F3000.0 X-7.3 Y-27.09899 E1253.77108
G1 F3000.0 X-7.3 Y-15.32742 E1254.1626
G1 F3000.0 X6.76227 Y-15.32742 E1254.63032
G1 F3000.0 X7.3 Y-15.32742 E1254.6482
G1 F3000.0 X7.3 Y-27.09899 E1255.03973
G1 F2400.0 E1250.03973 ; Retraction
G0 F7200.0 X6.9 Y-26.69899
G1 F2400.0 E1255.03973 ; Reversed Retraction
G1 F3000.0 X-6.9 Y-26.69899 E1255.49872
G1 F3000.0 X-6.9 Y-15.72742 E1255.86363
G1 F3000.0 X6.76227 Y-15.72742 E1256.31804
G1 F3000.0 X6.9 Y-15.72742 E1256.32262
G1 F3000.0 X6.9 Y-26.69899 E1256.68754
;Internal Infill
G1 F2400.0 E1251.68754 ; Retraction
G0 F7200.0 X6.0 Y-26.29899
G1 F2400.0 E1256.68754 ; Reversed Retraction
G1 F3000.0 X6.0 Y-16.12742 E1257.02584
G1 F2400.0 E1252.02584 ; Retraction
G0 F7200.0 X5.64065 Y-16.12742
G1 F2400.0 E1257.02584 ; Reversed Retraction
G1 F3000.0 X6.90004 Y-16.85453 E1257.07421
G1 F2400.0 E1252.07421 ; Retraction
G0 F7200.0 X6.35935 Y-16.12742
G1 F2400.0 E1257.07421 ; Reversed Retraction
G1 F3000.0 X-6.90004 Y-23.78273 E1257.58345
G1 F2400.0 E1252.58345 ; Retraction
G0 F7200.0 X-6.0 Y-26.29899
G1 F2400.0 E1257.58345 ; Reversed Retraction
G1 F3000.0 X-6.0 Y-16.12742 E1257.92175
G1 F2400.0 E1252.92175 ; Retraction
G0 F7200.0 X-5.64065 Y-16.12742
G1 F2400.0 E1257.92175 ; Reversed Retraction
G1 F3000.0 X-6.90004 Y-16.85453 E1257.97012
G1 F2400.0 E1252.97012 ; Retraction
G0 F7200.0 X-6.35935 Y-16.12742
G1 F2400.0 E1257.97012 ; Reversed Retraction
G1 F3000.0 X6.90004 Y-23.78273 E1258.47935
G1 F2400.0 E1253.47935 ; Retraction
G0 F7200.0 X6.90004 Y-22.74345
G1 F2400.0 E1258.47935 ; Reversed Retraction
G1 F3000.0 X0.74167 Y-26.29899 E1258.71587
G1 F2400.0 E1253.71587 ; Retraction
G0 F7200.0 X0.0 Y-26.29899
G1 F2400.0 E1258.71587 ; Reversed Retraction
G1 F3000.0 X0.0 Y-16.12742 E1259.05418
G1 F2400.0 E1254.05418 ; Retraction
G0 F7200.0 X-6.90004 Y-22.74345
G1 F2400.0 E1259.05418 ; Reversed Retraction
G1 F3000.0 X-0.74167 Y-26.29899 E1259.29069
;Layer 38
G0 F1440.0 Z27.59899
;Shell(s)
G1 F2400.0 E1254.29069 ; Retraction
G0 F7200.0 X7.3 Y-27.29899
G1 F2400.0 E1259.29069 ; Reversed Retraction
G1 F3000.0 X-7.3 Y-27.29899 E1259.77629
G1 F3000.0 X-7.3 Y-15.12742 E1260.18112
G1 F3000.0 X7.3 Y-15.12742 E1260.66672
G1 F3000.0 X7.3 Y-27.29899 E1261.07155
G1 F2400.0 E1256.07155 ; Retraction
G0 F7200.0 X6.9 Y-26.89899
G1 F2400.0 E1261.07155 ; Reversed Retraction
G1 F3000.0 X-6.9 Y-26.89899 E1261.53053
G1 F3000.0 X-6.9 Y-15.52742 E1261.90875
G1 F3000.0 X6.9 Y-15.52742 E1262.36774
G1 F3000.0 X6.9 Y-26.89899 E1262.74596
;Internal Infill
G1 F2400.0 E1257.74596 ; Retraction
G0 F7200.0 X6.0 Y-26.49899
G1 F2400.0 E1262.74596 ; Reversed Retraction
G1 F3000.0 X6.0 Y-15.92742 E1263.09758
G1 F2400.0 E1258.09758 ; Retraction
G0 F7200.0 X6.70576 Y-15.92742
G1 F2400.0 E1263.09758 ; Reversed Retraction
G1 F3000.0 X-6.90004 Y-23.78273 E1263.62011
G1 F2400.0 E1258.62011 ; Retraction
G0 F7200.0 X-6.0 Y-26.49899
G1 F2400.0 E1263.62011 ; Reversed Retraction
G1 F3000.0 X-6.0 Y-15.92742 E1263.97173
G1 F2400.0 E1258.97173 ; Retraction
G0 F7200.0 X-5.29424 Y-15.92742
G1 F2400.0 E1263.97173 ; Reversed Retraction
G1 F3000.0 X-6.90004 Y-16.85453 E1264.0334
G1 F2400.0 E1259.0334 ; Retraction
G0 F7200.0 X-6.70576 Y-15.92742
G1 F2400.0 E1264.0334 ; Reversed Retraction
G1 F3000.0 X6.90004 Y-23.78273 E1264.55593
G1 F2400.0 E1259.55593 ; Retraction
G0 F7200.0 X6.90004 Y-22.74345
G1 F2400.0 E1264.55593 ; Reversed Retraction
G1 F3000.0 X0.39526 Y-26.49899 E1264.80575
G1 F2400.0 E1259.80575 ; Retraction
G0 F7200.0 X0.0 Y-26.49899
G1 F2400.0 E1264.80575 ; Reversed Retraction
G1 F3000.0 X0.0 Y-15.92742 E1265.15737
G1 F2400.0 E1260.15737 ; Retraction
G0 F7200.0 X5.29424 Y-15.92742
G1 F2400.0 E1265.15737 ; Reversed Retraction
G1 F3000.0 X6.90004 Y-16.85453 E1265.21904
G1 F2400.0 E1260.21904 ; Retraction
G0 F7200.0 X-0.39526 Y-26.49899
G1 F2400.0 E1265.21904 ; Reversed Retraction
G1 F3000.0 X-6.90004 Y-22.74345 E1265.46886
;Layer 39
G0 F1440.0 Z27.79899
;Shell(s)
G1 F2400.0 E1260.46886 ; Retraction
G0 F7200.0 X7.3 Y-27.49899
G1 F2400.0 E1265.46886 ; Reversed Retraction
G1 F3000.0 X-7.3 Y-27.49899 E1265.95445
G1 F3000.0 X-7.3 Y-14.92742 E1266.37259
G1 F3000.0 X6.38514 Y-14.92742 E1266.82776
G1 F3000.0 X7.3 Y-14.92742 E1266.85819
G1 F3000.0 X7.3 Y-27.49899 E1267.27632
G1 F2400.0 E1262.27632 ; Retraction
G0 F7200.0 X6.9 Y-27.09899
G1 F2400.0 E1267.27632 ; Reversed Retraction
G1 F3000.0 X-6.9 Y-27.09899 E1267.73531
G1 F3000.0 X-6.9 Y-15.32742 E1268.12683
G1 F3000.0 X6.38514 Y-15.32742 E1268.5687
G1 F3000.0 X6.9 Y-15.32742 E1268.58582
G1 F3000.0 X6.9 Y-27.09899 E1268.97734
;Internal Infill
G1 F2400.0 E1263.97734 ; Retraction
G0 F7200.0 X6.0 Y-26.69899
G1 F2400.0 E1268.97734 ; Reversed Retraction
G1 F3000.0 X6.0 Y-15.72742 E1269.34226
G1 F2400.0 E1264.34226 ; Retraction
G0 F7200.0 X4.94783 Y-15.72742
G1 F2400.0 E1269.34226 ; Reversed Retraction
G1 F3000.0 X6.90004 Y-16.85453 E1269.41724
G1 F2400.0 E1264.41724 ; Retraction
G0 F7200.0 X6.90004 Y-15.81525
G1 F2400.0 E1269.41724 ; Reversed Retraction
G1 F3000.0 X-6.90004 Y-23.78273 E1269.94724
G1 F2400.0 E1264.94724 ; Retraction
G0 F7200.0 X-6.0 Y-26.69899
G1 F2400.0 E1269.94724 ; Reversed Retraction
G1 F3000.0 X-6.0 Y-15.72742 E1270.31215
G1 F2400.0 E1265.31215 ; Retraction
G0 F7200.0 X-4.94783 Y-15.72742
G1 F2400.0 E1270.31215 ; Reversed Retraction
G1 F3000.0 X-6.90004 Y-16.85453 E1270.38713
G1 F2400.0 E1265.38713 ; Retraction
G0 F7200.0 X-6.90004 Y-15.81525
G1 F2400.0 E1270.38713 ; Reversed Retraction
G1 F3000.0 X6.90004 Y-23.78273 E1270.91713
G1 F2400.0 E1265.91713 ; Retraction
G0 F7200.0 X6.90004 Y-22.74345
G1 F2400.0 E1270.91713 ; Reversed Retraction
G1 F3000.0 X0.04885 Y-26.69899 E1271.18025
G1 F2400.0 E1266.18025 ; Retraction
G0 F7200.0 X0.0 Y-26.69899
G1 F2400.0 E1271.18025 ; Reversed Retraction
G1 F3000.0 X0.0 Y-15.72742 E1271.54517
G1 F2400.0 E1266.54517 ; Retraction
G0 F7200.0 X-6.90004 Y-22.74345
G1 F2400.0 E1271.54517 ; Reversed Retraction
G1 F3000.0 X-0.04885 Y-26.69899 E1271.80829
;Layer 40
G0 F1440.0 Z27.99899
;Shell(s)
G1 F2400.0 E1266.80829 ; Retraction
G0 F7200.0 X7.3 Y-27.69899
G1 F2400.0 E1271.80829 ; Reversed Retraction
G1 F3000.0 X-7.3 Y-27.69899 E1272.29389
G1 F3000.0 X-7.3 Y-14.72742 E1272.72532
G1 F3000.0 X7.3 Y-14.72742 E1273.21092
G1 F3000.0 X7.3 Y-27.69899 E1273.64236
G1 F2400.0 E1268.64236 ; Retraction
G0 F7200.0 X6.9 Y-27.29899
G1 F2400.0 E1273.64236 ; Reversed Retraction
G1 F3000.0 X-6.9 Y-27.29899 E1274.10135
G1 F3000.0 X-6.9 Y-15.12742 E1274.50617
G1 F3000.0 X6.9 Y-15.12742 E1274.96516
G1 F3000.0 X6.9 Y-27.29899 E1275.36999
;Internal Infill
G1 F2400.0 E1270.36999 ; Retraction
G0 F7200.0 X6.0 Y-26.89899
G1 F2400.0 E1275.36999 ; Reversed Retraction
G1 F3000.0 X6.0 Y-15.52742 E1275.74821
G1 F2400.0 E1270.74821 ; Retraction
G0 F7200.0 X6.90004 Y-15.81525
G1 F2400.0 E1275.74821 ; Reversed Retraction
G1 F3000.0 X-6.90004 Y-23.78273 E1276.27821
G1 F2400.0 E1271.27821 ; Retraction
G0 F7200.0 X-6.0 Y-26.89899
G1 F2400.0 E1276.27821 ; Reversed Retraction
G1 F3000.0 X-6.0 Y-15.52742 E1276.65643
G1 F2400.0 E1271.65643 ; Retraction
G0 F7200.0 X-6.90004 Y-15.81525
G1 F2400.0 E1276.65643 ; Reversed Retraction
G1 F3000.0 X6.90004 Y-23.78273 E1277.18643
G1 F2400.0 E1272.18643 ; Retraction
G0 F7200.0 X6.90004 Y-22.74345
G1 F2400.0 E1277.18643 ; Reversed Retraction
G1 F3000.0 X-0.29756 Y-26.89899 E1277.46286
G1 F2400.0 E1272.46286 ; Retraction
G0 F7200.0 X0.29756 Y-26.89899
G1 F2400.0 E1277.46286 ; Reversed Retraction
G1 F3000.0 X-6.90004 Y-22.74345 E1277.73929
G1 F2400.0 E1272.73929 ; Retraction
G0 F7200.0 X-6.90004 Y-16.85453
G1 F2400.0 E1277.73929 ; Reversed Retraction
G1 F3000.0 X-4.60142 Y-15.52742 E1277.82756
G1 F2400.0 E1272.82756 ; Retraction
G0 F7200.0 X0.0 Y-15.52742
G1 F2400.0 E1277.82756 ; Reversed Retraction
G1 F3000.0 X0.0 Y-26.89899 E1278.20578
G1 F2400.0 E1273.20578 ; Retraction
G0 F7200.0 X6.90004 Y-16.85453
G1 F2400.0 E1278.20578 ; Reversed Retraction
G1 F3000.0 X4.60142 Y-15.52742 E1278.29406
;Layer 41
G0 F1440.0 Z28.19899
;Shell(s)
G1 F2400.0 E1273.29406 ; Retraction
G0 F7200.0 X7.3 Y-27.89899
G1 F2400.0 E1278.29406 ; Reversed Retraction
G1 F3000.0 X-7.3 Y-27.89899 E1278.77966
G1 F3000.0 X-7.3 Y-14.52742 E1279.2244
G1 F3000.0 X6.00802 Y-14.52742 E1279.66703
G1 F3000.0 X7.3 Y-14.52742 E1279.71
G1 F3000.0 X7.3 Y-27.89899 E1280.15474
G1 F2400.0 E1275.15474 ; Retraction
G0 F7200.0 X6.9 Y-27.49899
G1 F2400.0 E1280.15474 ; Reversed Retraction
G1 F3000.0 X-6.9 Y-27.49899 E1280.61373
G1 F3000.0 X-6.9 Y-14.92742 E1281.03186
G1 F3000.0 X6.00802 Y-14.92742 E1281.46119
G1 F3000.0 X6.9 Y-14.92742 E1281.49085
G1 F3000.0 X6.9 Y-27.49899 E1281.90898
;Internal Infill
G1 F2400.0 E1276.90898 ; Retraction
G0 F7200.0 X6.0 Y-27.09899
G1 F2400.0 E1281.90898 ; Reversed Retraction
G1 F3000.0 X6.0 Y-15.32742 E1282.30051
G1 F2400.0 E1277.30051 ; Retraction
G0 F7200.0 X6.90004 Y-15.81525
G1 F2400.0 E1282.30051 ; Reversed Retraction
G1 F3000.0 X-6.90004 Y-23.78273 E1282.83051
G1 F2400.0 E1277.83051 ; Retraction
G0 F7200.0 X-6.0 Y-27.09899
G1 F2400.0 E1282.83051 ; Reversed Retraction
G1 F3000.0 X-6.0 Y-15.32742 E1283.22203
G1 F2400.0 E1278.22203 ; Retraction
G0 F7200.0 X-6.90004 Y-15.81525
G1 F2400.0 E1283.22203 ; Reversed Retraction
G1 F3000.0 X6.90004 Y-23.78273 E1283.75203
G1 F2400.0 E1278.75203 ; Retraction
G0 F7200.0 X6.90004 Y-22.74345
G1 F2400.0 E1283.75203 ; Reversed Retraction
G1 F3000.0 X-0.64397 Y-27.09899 E1284.04176
G1 F2400.0 E1279.04176 ; Retraction
G0 F7200.0 X0.64397 Y-27.09899
G1 F2400.0 E1284.04176 ; Reversed Retraction
G1 F3000.0 X-6.90004 Y-22.74345 E1284.33149
G1 F2400.0 E1279.33149 ; Retraction
G0 F7200.0 X-6.90004 Y-16.85453
G1 F2400.0 E1284.33149 ; Reversed Retraction
G1 F3000.0 X-4.25501 Y-15.32742 E1284.43308
G1 F2400.0 E1279.43308 ; Retraction
G0 F7200.0 X0.0 Y-15.32742
G1 F2400.0 E1284.43308 ; Reversed Retraction
G1 F3000.0 X0.0 Y-27.09899 E1284.8246
G1 F2400.0 E1279.8246 ; Retraction
G0 F7200.0 X6.90004 Y-16.85453
G1 F2400.0 E1284.8246 ; Reversed Retraction
G1 F3000.0 X4.25501 Y-15.32742 E1284.92619
;Layer 42
G0 F1440.0 Z28.39899
;Shell(s)
G1 F2400.0 E1279.92619 ; Retraction
G0 F7200.0 X7.3 Y-28.09899
G1 F2400.0 E1284.92619 ; Reversed Retraction
G1 F3000.0 X-7.3 Y-28.09899 E1285.41178
G1 F3000.0 X-7.3 Y-14.32742 E1285.86983
G1 F3000.0 X5.81946 Y-14.32742 E1286.30618
G1 F3000.0 X7.3 Y-14.32742 E1286.35543
G1 F3000.0 X7.3 Y-28.09899 E1286.81347
G1 F2400.0 E1281.81347 ; Retraction
G0 F7200.0 X6.9 Y-27.69899
G1 F2400.0 E1286.81347 ; Reversed Retraction
G1 F3000.0 X-6.9 Y-27.69899 E1287.27246
G1 F3000.0 X-6.9 Y-14.72742 E1287.7039
G1 F3000.0 X5.81946 Y-14.72742 E1288.12695
G1 F3000.0 X6.9 Y-14.72742 E1288.16289
G1 F3000.0 X6.9 Y-27.69899 E1288.59432
;Internal Infill
G1 F2400.0 E1283.59432 ; Retraction
G0 F7200.0 X6.0 Y-27.29899
G1 F2400.0 E1288.59432 ; Reversed Retraction
G1 F3000.0 X6.0 Y-15.12742 E1288.99915
G1 F2400.0 E1283.99915 ; Retraction
G0 F7200.0 X6.90004 Y-16.85453
G1 F2400.0 E1288.99915 ; Reversed Retraction
G1 F3000.0 X3.9086 Y-15.12742 E1289.11404
G1 F2400.0 E1284.11404 ; Retraction
G0 F7200.0 X6.90004 Y-15.81525
G1 F2400.0 E1289.11404 ; Reversed Retraction
G1 F3000.0 X-6.90004 Y-23.78273 E1289.64404
G1 F2400.0 E1284.64404 ; Retraction
G0 F7200.0 X-6.0 Y-27.29899
G1 F2400.0 E1289.64404 ; Reversed Retraction
G1 F3000.0 X-6.0 Y-15.12742 E1290.04886
G1 F2400.0 E1285.04886 ; Retraction
G0 F7200.0 X-6.90004 Y-16.85453
G1 F2400.0 E1290.04886 ; Reversed Retraction
G1 F3000.0 X-3.9086 Y-15.12742 E1290.16375
G1 F2400.0 E1285.16375 ; Retraction
G0 F7200.0 X-6.90004 Y-15.81525
G1 F2400.0 E1290.16375 ; Reversed Retraction
G1 F3000.0 X6.90004 Y-23.78273 E1290.69375
G1 F2400.0 E1285.69375 ; Retraction
G0 F7200.0 X6.90004 Y-22.74345
G1 F2400.0 E1290.69375 ; Reversed Retraction
G1 F3000.0 X-0.99038 Y-27.29899 E1290.99679
G1 F2400.0 E1285.99679 ; Retraction
G0 F7200.0 X0.99038 Y-27.29899
G1 F2400.0 E1290.99679 ; Reversed Retraction
G1 F3000.0 X-6.90004 Y-22.74345 E1291.29982
G1 F2400.0 E1286.29982 ; Retraction
G0 F7200.0 X0.0 Y-27.29899
G1 F2400.0 E1291.29982 ; Reversed Retraction
G1 F3000.0 X0.0 Y-15.12742 E1291.70465
;Layer 43
G0 F1440.0 Z28.59899
;Shell(s)
G1 F2400.0 E1286.70465 ; Retraction
G0 F7200.0 X7.3 Y-28.29899
G1 F2400.0 E1291.70465 ; Reversed Retraction
G1 F3000.0 X-7.3 Y-28.29899 E1292.19025
G1 F3000.0 X-7.3 Y-14.12742 E1292.6616
G1 F3000.0 X7.3 Y-14.12742 E1293.14719
G1 F3000.0 X7.3 Y-28.29899 E1293.61854
G1 F2400.0 E1288.61854 ; Retraction
G0 F7200.0 X6.9 Y-27.89899
G1 F2400.0 E1293.61854 ; Reversed Retraction
G1 F3000.0 X-6.9 Y-27.89899 E1294.07753
G1 F3000.0 X-6.9 Y-14.52742 E1294.52227
G1 F3000.0 X6.9 Y-14.52742 E1294.98126
G1 F3000.0 X6.9 Y-27.89899 E1295.426
;Internal Infill
G1 F2400.0 E1290.426 ; Retraction
G0 F7200.0 X6.0 Y-27.49899
G1 F2400.0 E1295.426 ; Reversed Retraction
G1 F3000.0 X6.0 Y-14.92742 E1295.84414
G1 F2400.0 E1290.84414 ; Retraction
G0 F7200.0 X6.90004 Y-15.81525
G1 F2400.0 E1295.84414 ; Reversed Retraction
G1 F3000.0 X-6.90004 Y-23.78273 E1296.37413
G1 F2400.0 E1291.37413 ; Retraction
G0 F7200.0 X-6.0 Y-27.49899
G1 F2400.0 E1296.37413 ; Reversed Retraction
G1 F3000.0 X-6.0 Y-14.92742 E1296.79227
G1 F2400.0 E1291.79227 ; Retraction
G0 F7200.0 X-6.90004 Y-16.85453
G1 F2400.0 E1296.79227 ; Reversed Retraction
G1 F3000.0 X-3.56219 Y-14.92742 E1296.92046
G1 F2400.0 E1291.92046 ; Retraction
G0 F7200.0 X-6.90004 Y-15.81525
G1 F2400.0 E1296.92046 ; Reversed Retraction
G1 F3000.0 X6.90004 Y-23.78273 E1297.45046
G1 F2400.0 E1292.45046 ; Retraction
G0 F7200.0 X6.90004 Y-22.74345
G1 F2400.0 E1297.45046 ; Reversed Retraction
G1 F3000.0 X-1.33679 Y-27.49899 E1297.7668
G1 F2400.0 E1292.7668 ; Retraction
G0 F7200.0 X1.33679 Y-27.49899
G1 F2400.0 E1297.7668 ; Reversed Retraction
G1 F3000.0 X-6.90004 Y-22.74345 E1298.08314
G1 F2400.0 E1293.08314 ; Retraction
G0 F7200.0 X0.0 Y-27.49899
G1 F2400.0 E1298.08314 ; Reversed Retraction
G1 F3000.0 X0.0 Y-14.92742 E1298.50127
G1 F2400.0 E1293.50127 ; Retraction
G0 F7200.0 X3.56219 Y-14.92742
G1 F2400.0 E1298.50127 ; Reversed Retraction
G1 F3000.0 X6.90004 Y-16.85453 E1298.62946
;Layer 44
G0 F1440.0 Z28.79899
;Shell(s)
G1 F2400.0 E1293.62946 ; Retraction
G0 F7200.0 X7.3 Y-28.49899
G1 F2400.0 E1298.62946 ; Reversed Retraction
G1 F3000.0 X-7.3 Y-28.49899 E1299.11506
G1 F3000.0 X-7.3 Y-13.92742 E1299.59971
G1 F3000.0 X5.44233 Y-13.92742 E1300.02352
G1 F3000.0 X7.3 Y-13.92742 E1300.08531
G1 F3000.0 X7.3 Y-28.49899 E1300.56996
G1 F2400.0 E1295.56996 ; Retraction
G0 F7200.0 X6.9 Y-28.09899
G1 F2400.0 E1300.56996 ; Reversed Retraction
G1 F3000.0 X-6.9 Y-28.09899 E1301.02895
G1 F3000.0 X-6.9 Y-14.32742 E1301.487
G1 F3000.0 X5.44233 Y-14.32742 E1301.8975
G1 F3000.0 X6.9 Y-14.32742 E1301.94598
G1 F3000.0 X6.9 Y-28.09899 E1302.40403
;Internal Infill
G1 F2400.0 E1297.40403 ; Retraction
G0 F7200.0 X6.0 Y-27.69899
G1 F2400.0 E1302.40403 ; Reversed Retraction
G1 F3000.0 X6.0 Y-14.72742 E1302.83547
G1 F2400.0 E1297.83547 ; Retraction
G0 F7200.0 X6.90004 Y-15.81525
G1 F2400.0 E1302.83547 ; Reversed Retraction
G1 F3000.0 X-6.90004 Y-23.78273 E1303.36546
G1 F2400.0 E1298.36546 ; Retraction
G0 F7200.0 X-6.0 Y-27.69899
G1 F2400.0 E1303.36546 ; Reversed Retraction
G1 F3000.0 X-6.0 Y-14.72742 E1303.7969
G1 F2400.0 E1298.7969 ; Retraction
G0 F7200.0 X-6.90004 Y-16.85453
G1 F2400.0 E1303.7969 ; Reversed Retraction
G1 F3000.0 X-3.21578 Y-14.72742 E1303.9384
G1 F2400.0 E1298.9384 ; Retraction
G0 F7200.0 X-6.90004 Y-15.81525
G1 F2400.0 E1303.9384 ; Reversed Retraction
G1 F3000.0 X6.90004 Y-23.78273 E1304.4684
G1 F2400.0 E1299.4684 ; Retraction
G0 F7200.0 X6.90004 Y-22.74345
G1 F2400.0 E1304.4684 ; Reversed Retraction
G1 F3000.0 X-1.6832 Y-27.69899 E1304.79804
G1 F2400.0 E1299.79804 ; Retraction
G0 F7200.0 X1.6832 Y-27.69899
G1 F2400.0 E1304.79804 ; Reversed Retraction
G1 F3000.0 X-6.90004 Y-22.74345 E1305.12768
G1 F2400.0 E1300.12768 ; Retraction
G0 F7200.0 X0.0 Y-27.69899
G1 F2400.0 E1305.12768 ; Reversed Retraction
G1 F3000.0 X0.0 Y-14.72742 E1305.55912
G1 F2400.0 E1300.55912 ; Retraction
G0 F7200.0 X3.21578 Y-14.72742
G1 F2400.0 E1305.55912 ; Reversed Retraction
G1 F3000.0 X6.90004 Y-16.85453 E1305.70061
;Layer 45
G0 F1440.0 Z28.99899
;Shell(s)
G1 F2400.0 E1300.70061 ; Retraction
G0 F7200.0 X7.3 Y-28.69899
G1 F2400.0 E1305.70061 ; Reversed Retraction
G1 F3000.0 X-7.3 Y-28.69899 E1306.18621
G1 F3000.0 X-7.3 Y-13.72742 E1306.68417
G1 F3000.0 X5.25377 Y-13.72742 E1307.10171
G1 F3000.0 X7.3 Y-13.72742 E1307.16977
G1 F3000.0 X7.3 Y-28.69899 E1307.66772
G1 F2400.0 E1302.66772 ; Retraction
G0 F7200.0 X6.9 Y-28.29899
G1 F2400.0 E1307.66772 ; Reversed Retraction
G1 F3000.0 X-6.9 Y-28.29899 E1308.12671
G1 F3000.0 X-6.9 Y-14.12742 E1308.59806
G1 F3000.0 X5.25377 Y-14.12742 E1309.0023
G1 F3000.0 X6.9 Y-14.12742 E1309.05705
G1 F3000.0 X6.9 Y-28.29899 E1309.5284
;Internal Infill
G1 F2400.0 E1304.5284 ; Retraction
G0 F7200.0 X6.0 Y-27.89899
G1 F2400.0 E1309.5284 ; Reversed Retraction
G1 F3000.0 X6.0 Y-14.52742 E1309.97314
G1 F2400.0 E1304.97314 ; Retraction
G0 F7200.0 X6.90004 Y-15.81525
G1 F2400.0 E1309.97314 ; Reversed Retraction
G1 F3000.0 X-6.90004 Y-23.78273 E1310.50314
G1 F2400.0 E1305.50314 ; Retraction
G0 F7200.0 X-6.0 Y-27.89899
G1 F2400.0 E1310.50314 ; Reversed Retraction
G1 F3000.0 X-6.0 Y-14.52742 E1310.94788
G1 F2400.0 E1305.94788 ; Retraction
G0 F7200.0 X-6.90004 Y-16.85453
G1 F2400.0 E1310.94788 ; Reversed Retraction
G1 F3000.0 X-2.86937 Y-14.52742 E1311.10268
G1 F2400.0 E1306.10268 ; Retraction
G0 F7200.0 X0.0 Y-14.52742
G1 F2400.0 E1311.10268 ; Reversed Retraction
G1 F3000.0 X0.0 Y-27.89899 E1311.54742
G1 F2400.0 E1306.54742 ; Retraction
G0 F7200.0 X2.02961 Y-27.89899
G1 F2400.0 E1311.54742 ; Reversed Retraction
G1 F3000.0 X-6.90004 Y-22.74345 E1311.89037
G1 F2400.0 E1306.89037 ; Retraction
G0 F7200.0 X-6.90004 Y-15.81525
G1 F2400.0 E1311.89037 ; Reversed Retraction
G1 F3000.0 X6.90004 Y-23.78273 E1312.42037
G1 F2400.0 E1307.42037 ; Retraction
G0 F7200.0 X6.90004 Y-22.74345
G1 F2400.0 E1312.42037 ; Reversed Retraction
G1 F3000.0 X-2.02961 Y-27.89899 E1312.76331
G1 F2400.0 E1307.76331 ; Retraction
G0 F7200.0 X6.90004 Y-16.85453
G1 F2400.0 E1312.76331 ; Reversed Retraction
G1 F3000.0 X2.86937 Y-14.52742 E1312.91811
;Layer 46
G0 F1440.0 Z29.19899
;Shell(s)
G1 F2400.0 E1307.91811 ; Retraction
G0 F7200.0 X7.3 Y-28.89899
G1 F2400.0 E1312.91811 ; Reversed Retraction
G1 F3000.0 X-7.3 Y-28.89899 E1313.40371
G1 F3000.0 X-7.3 Y-13.52742 E1313.91497
G1 F3000.0 X7.3 Y-13.52742 E1314.40057
G1 F3000.0 X7.3 Y-28.89899 E1314.91183
G1 F2400.0 E1309.91183 ; Retraction
G0 F7200.0 X6.9 Y-28.49899
G1 F2400.0 E1314.91183 ; Reversed Retraction
G1 F3000.0 X-6.9 Y-28.49899 E1315.37082
G1 F3000.0 X-6.9 Y-13.92742 E1315.85547
G1 F3000.0 X6.9 Y-13.92742 E1316.31446
G1 F3000.0 X6.9 Y-28.49899 E1316.79911
;Internal Infill
G1 F2400.0 E1311.79911 ; Retraction
G0 F7200.0 X6.0 Y-28.09899
G1 F2400.0 E1316.79911 ; Reversed Retraction
G1 F3000.0 X6.0 Y-14.32742 E1317.25716
G1 F2400.0 E1312.25716 ; Retraction
G0 F7200.0 X6.90004 Y-15.81525
G1 F2400.0 E1317.25716 ; Reversed Retraction
G1 F3000.0 X-6.90004 Y-23.78273 E1317.78716
G1 F2400.0 E1312.78716 ; Retraction
G0 F7200.0 X-6.90004 Y-22.74345
G1 F2400.0 E1317.78716 ; Reversed Retraction
G1 F3000.0 X2.37602 Y-28.09899 E1318.14341
G1 F2400.0 E1313.14341 ; Retraction
G0 F7200.0 X0.0 Y-28.09899
G1 F2400.0 E1318.14341 ; Reversed Retraction
G1 F3000.0 X0.0 Y-14.32742 E1318.60145
G1 F2400.0 E1313.60145 ; Retraction
G0 F7200.0 X2.52296 Y-14.32742
G1 F2400.0 E1318.60145 ; Reversed Retraction
G1 F3000.0 X6.90004 Y-16.85453 E1318.76956
G1 F2400.0 E1313.76956 ; Retraction
G0 F7200.0 X6.90004 Y-22.74345
G1 F2400.0 E1318.76956 ; Reversed Retraction
G1 F3000.0 X-2.37602 Y-28.09899 E1319.12581
G1 F2400.0 E1314.12581 ; Retraction
G0 F7200.0 X-6.0 Y-28.09899
G1 F2400.0 E1319.12581 ; Reversed Retraction
G1 F3000.0 X-6.0 Y-14.32742 E1319.58385
G1 F2400.0 E1314.58385 ; Retraction
G0 F7200.0 X-6.90004 Y-16.85453
G1 F2400.0 E1319.58385 ; Reversed Retraction
G1 F3000.0 X-2.52296 Y-14.32742 E1319.75196
G1 F2400.0 E1314.75196 ; Retraction
G0 F7200.0 X-6.90004 Y-15.81525
G1 F2400.0 E1319.75196 ; Reversed Retraction
G1 F3000.0 X6.90004 Y-23.78273 E1320.28196
;Layer 47
G0 F1440.0 Z29.39899
;Shell(s)
G1 F2400.0 E1315.28196 ; Retraction
G0 F7200.0 X7.3 Y-29.09899
G1 F2400.0 E1320.28196 ; Reversed Retraction
G1 F3000.0 X-7.3 Y-29.09899 E1320.76755
G1 F3000.0 X-7.3 Y-13.32742 E1321.29212
G1 F3000.0 X7.3 Y-13.32742 E1321.77772
G1 F3000.0 X7.3 Y-29.09899 E1322.30228
G1 F2400.0 E1317.30228 ; Retraction
G0 F7200.0 X6.9 Y-28.69899
G1 F2400.0 E1322.30228 ; Reversed Retraction
G1 F3000.0 X-6.9 Y-28.69899 E1322.76127
G1 F3000.0 X-6.9 Y-13.72742 E1323.25923
G1 F3000.0 X6.9 Y-13.72742 E1323.71822
G1 F3000.0 X6.9 Y-28.69899 E1324.21617
;Internal Infill
G1 F2400.0 E1319.21617 ; Retraction
G0 F7200.0 X6.0 Y-28.29899
G1 F2400.0 E1324.21617 ; Reversed Retraction
G1 F3000.0 X6.0 Y-14.12742 E1324.68752
G1 F2400.0 E1319.68752 ; Retraction
G0 F7200.0 X6.90004 Y-16.85453
G1 F2400.0 E1324.68752 ; Reversed Retraction
G1 F3000.0 X2.17655 Y-14.12742 E1324.86893
G1 F2400.0 E1319.86893 ; Retraction
G0 F7200.0 X0.0 Y-14.12742
G1 F2400.0 E1324.86893 ; Reversed Retraction
G1 F3000.0 X0.0 Y-28.29899 E1325.34028
G1 F2400.0 E1320.34028 ; Retraction
G0 F7200.0 X-2.72243 Y-28.29899
G1 F2400.0 E1325.34028 ; Reversed Retraction
G1 F3000.0 X6.90004 Y-22.74345 E1325.70984
G1 F2400.0 E1320.70984 ; Retraction
G0 F7200.0 X6.90004 Y-23.78273
G1 F2400.0 E1325.70984 ; Reversed Retraction
G1 F3000.0 X-6.90004 Y-15.81525 E1326.23983
G1 F2400.0 E1321.23983 ; Retraction
G0 F7200.0 X-6.90004 Y-16.85453
G1 F2400.0 E1326.23983 ; Reversed Retraction
G1 F3000.0 X-2.17655 Y-14.12742 E1326.42124
G1 F2400.0 E1321.42124 ; Retraction
G0 F7200.0 X-6.0 Y-14.12742
G1 F2400.0 E1326.42124 ; Reversed Retraction
G1 F3000.0 X-6.0 Y-28.29899 E1326.89259
G1 F2400.0 E1321.89259 ; Retraction
G0 F7200.0 X-6.90004 Y-22.74345
G1 F2400.0 E1326.89259 ; Reversed Retraction
G1 F3000.0 X2.72243 Y-28.29899 E1327.26215
G1 F2400.0 E1322.26215 ; Retraction
G0 F7200.0 X-6.90004 Y-23.78273
G1 F2400.0 E1327.26215 ; Reversed Retraction
G1 F3000.0 X6.90004 Y-15.81525 E1327.79215
;Layer 48
G0 F1440.0 Z29.59899
;Shell(s)
G1 F2400.0 E1322.79215 ; Retraction
G0 F7200.0 X7.3 Y-29.29899
G1 F2400.0 E1327.79215 ; Reversed Retraction
G1 F3000.0 X-7.3 Y-29.29899 E1328.27774
G1 F3000.0 X-7.3 Y-13.12742 E1328.81561
G1 F3000.0 X7.3 Y-13.12742 E1329.30121
G1 F3000.0 X7.3 Y-29.29899 E1329.83908
G1 F2400.0 E1324.83908 ; Retraction
G0 F7200.0 X6.9 Y-28.89899
G1 F2400.0 E1329.83908 ; Reversed Retraction
G1 F3000.0 X-6.9 Y-28.89899 E1330.29807
G1 F3000.0 X-6.9 Y-13.52742 E1330.80933
G1 F3000.0 X6.9 Y-13.52742 E1331.26832
G1 F3000.0 X6.9 Y-28.89899 E1331.77958
;Internal Infill
G1 F2400.0 E1326.77958 ; Retraction
G0 F7200.0 X6.0 Y-28.49899
G1 F2400.0 E1331.77958 ; Reversed Retraction
G1 F3000.0 X6.0 Y-13.92742 E1332.26423
G1 F2400.0 E1327.26423 ; Retraction
G0 F7200.0 X6.90004 Y-16.85453
G1 F2400.0 E1332.26423 ; Reversed Retraction
G1 F3000.0 X1.83014 Y-13.92742 E1332.45894
G1 F2400.0 E1327.45894 ; Retraction
G0 F7200.0 X0.0 Y-13.92742
G1 F2400.0 E1332.45894 ; Reversed Retraction
G1 F3000.0 X0.0 Y-28.49899 E1332.9436
G1 F2400.0 E1327.9436 ; Retraction
G0 F7200.0 X-3.06884 Y-28.49899
G1 F2400.0 E1332.9436 ; Reversed Retraction
G1 F3000.0 X6.90004 Y-22.74345 E1333.32646
G1 F2400.0 E1328.32646 ; Retraction
G0 F7200.0 X6.90004 Y-23.78273
G1 F2400.0 E1333.32646 ; Reversed Retraction
G1 F3000.0 X-6.90004 Y-15.81525 E1333.85645
G1 F2400.0 E1328.85645 ; Retraction
G0 F7200.0 X-6.90004 Y-16.85453
G1 F2400.0 E1333.85645 ; Reversed Retraction
G1 F3000.0 X-1.83014 Y-13.92742 E1334.05117
G1 F2400.0 E1329.05117 ; Retraction
G0 F7200.0 X-6.0 Y-13.92742
G1 F2400.0 E1334.05117 ; Reversed Retraction
G1 F3000.0 X-6.0 Y-28.49899 E1334.53582
G1 F2400.0 E1329.53582 ; Retraction
G0 F7200.0 X-6.90004 Y-22.74345
G1 F2400.0 E1334.53582 ; Reversed Retraction
G1 F3000.0 X3.06884 Y-28.49899 E1334.91868
G1 F2400.0 E1329.91868 ; Retraction
G0 F7200.0 X-6.90004 Y-23.78273
G1 F2400.0 E1334.91868 ; Reversed Retraction
G1 F3000.0 X6.90004 Y-15.81525 E1335.44868
;Layer 49
G0 F1440.0 Z29.79899
;Shell(s)
G1 F2400.0 E1330.44868 ; Retraction
G0 F7200.0 X7.3 Y-29.49798
G1 F2400.0 E1335.44868 ; Reversed Retraction
G1 F3000.0 X-7.3 Y-29.49798 E1335.93428
G1 F3000.0 X-7.3 Y-12.92742 E1336.48541
G1 F3000.0 X4.49952 Y-12.92742 E1336.87787
G1 F3000.0 X7.3 Y-12.92742 E1336.97101
G1 F3000.0 X7.3 Y-29.49798 E1337.52215
G1 F2400.0 E1332.52215 ; Retraction
G0 F7200.0 X6.9 Y-29.09798
G1 F2400.0 E1337.52215 ; Reversed Retraction
G1 F3000.0 X-6.9 Y-29.09798 E1337.98114
G1 F3000.0 X-6.9 Y-13.32742 E1338.50567
G1 F3000.0 X4.49952 Y-13.32742 E1338.88482
G1 F3000.0 X6.9 Y-13.32742 E1338.96466
G1 F3000.0 X6.9 Y-29.09798 E1339.48919
;Internal Infill
G1 F2400.0 E1334.48919 ; Retraction
G0 F7200.0 X6.0 Y-28.69798
G1 F2400.0 E1339.48919 ; Reversed Retraction
G1 F3000.0 X6.0 Y-13.72742 E1339.98712
G1 F2400.0 E1334.98712 ; Retraction
G0 F7200.0 X6.90004 Y-16.85453
G1 F2400.0 E1339.98712 ; Reversed Retraction
G1 F3000.0 X1.48373 Y-13.72742 E1340.19513
G1 F2400.0 E1335.19513 ; Retraction
G0 F7200.0 X0.0 Y-13.72742
G1 F2400.0 E1340.19513 ; Reversed Retraction
G1 F3000.0 X0.0 Y-28.69798 E1340.69306
G1 F2400.0 E1335.69306 ; Retraction
G0 F7200.0 X3.4135 Y-28.69798
G1 F2400.0 E1340.69306 ; Reversed Retraction
G1 F3000.0 X-6.90004 Y-22.74345 E1341.08915
G1 F2400.0 E1336.08915 ; Retraction
G0 F7200.0 X-6.90004 Y-23.78273
G1 F2400.0 E1341.08915 ; Reversed Retraction
G1 F3000.0 X6.90004 Y-15.81525 E1341.61915
G1 F2400.0 E1336.61915 ; Retraction
G0 F7200.0 X6.90004 Y-23.78273
G1 F2400.0 E1341.61915 ; Reversed Retraction
G1 F3000.0 X-6.90004 Y-15.81525 E1342.14915
G1 F2400.0 E1337.14915 ; Retraction
G0 F7200.0 X-6.90004 Y-16.85453
G1 F2400.0 E1342.14915 ; Reversed Retraction
G1 F3000.0 X-1.48373 Y-13.72742 E1342.35717
G1 F2400.0 E1337.35717 ; Retraction
G0 F7200.0 X-6.0 Y-13.72742
G1 F2400.0 E1342.35717 ; Reversed Retraction
G1 F3000.0 X-6.0 Y-28.69798 E1342.85509
G1 F2400.0 E1337.85509 ; Retraction
G0 F7200.0 X-3.4135 Y-28.69798
G1 F2400.0 E1342.85509 ; Reversed Retraction
G1 F3000.0 X6.90004 Y-22.74345 E1343.25119
;Layer 50
G0 F1440.0 Z29.99899
;Shell(s)
G1 F2400.0 E1338.25119 ; Retraction
G0 F7200.0 X7.3 Y-29.29798
G1 F2400.0 E1343.25119 ; Reversed Retraction
G1 F3000.0 X-7.3 Y-29.29798 E1343.73678
G1 F3000.0 X-7.3 Y-12.72742 E1344.28792
G1 F3000.0 X7.3 Y-12.72742 E1344.77352
G1 F3000.0 X7.3 Y-29.29798 E1345.32466
G1 F2400.0 E1340.32466 ; Retraction
G0 F7200.0 X6.9 Y-28.89798
G1 F2400.0 E1345.32466 ; Reversed Retraction
G1 F3000.0 X-6.9 Y-28.89798 E1345.78365
G1 F3000.0 X-6.9 Y-13.12742 E1346.30818
G1 F3000.0 X6.9 Y-13.12742 E1346.76717
G1 F3000.0 X6.9 Y-28.89798 E1347.2917
;Internal Infill
G1 F2400.0 E1342.2917 ; Retraction
G0 F7200.0 X6.0 Y-28.49798
G1 F2400.0 E1347.2917 ; Reversed Retraction
G1 F3000.0 X6.0 Y-13.52742 E1347.78962
G1 F2400.0 E1342.78962 ; Retraction
G0 F7200.0 X6.90004 Y-16.85453
G1 F2400.0 E1347.78962 ; Reversed Retraction
G1 F3000.0 X1.13732 Y-13.52742 E1348.01094
G1 F2400.0 E1343.01094 ; Retraction
G0 F7200.0 X0.0 Y-13.52742
G1 F2400.0 E1348.01094 ; Reversed Retraction
G1 F3000.0 X0.0 Y-28.49798 E1348.50887
G1 F2400.0 E1343.50887 ; Retraction
G0 F7200.0 X-3.06709 Y-28.49798
G1 F2400.0 E1348.50887 ; Reversed Retraction
G1 F3000.0 X6.90004 Y-22.74345 E1348.89166
G1 F2400.0 E1343.89166 ; Retraction
G0 F7200.0 X6.90004 Y-23.78273
G1 F2400.0 E1348.89166 ; Reversed Retraction
G1 F3000.0 X-6.90004 Y-15.81525 E1349.42166
G1 F2400.0 E1344.42166 ; Retraction
G0 F7200.0 X-6.90004 Y-16.85453
G1 F2400.0 E1349.42166 ; Reversed Retraction
G1 F3000.0 X-1.13732 Y-13.52742 E1349.64298
G1 F2400.0 E1344.64298 ; Retraction
G0 F7200.0 X-6.0 Y-13.52742
G1 F2400.0 E1349.64298 ; Reversed Retraction
G1 F3000.0 X-6.0 Y-28.49798 E1350.1409
G1 F2400.0 E1345.1409 ; Retraction
G0 F7200.0 X-6.90004 Y-22.74345
G1 F2400.0 E1350.1409 ; Reversed Retraction
G1 F3000.0 X3.06709 Y-28.49798 E1350.52369
G1 F2400.0 E1345.52369 ; Retraction
G0 F7200.0 X-6.90004 Y-23.78273
G1 F2400.0 E1350.52369 ; Reversed Retraction
G1 F3000.0 X6.90004 Y-15.81525 E1351.05369
;Layer 51
G0 F1440.0 Z30.19899
;Shell(s)
G1 F2400.0 E1346.05369 ; Retraction
G0 F7200.0 X7.3 Y-29.09798
G1 F2400.0 E1351.05369 ; Reversed Retraction
G1 F3000.0 X-7.3 Y-29.09798 E1351.53929
G1 F3000.0 X-7.3 Y-12.52742 E1352.09043
G1 F3000.0 X7.3 Y-12.52742 E1352.57603
G1 F3000.0 X7.3 Y-29.09798 E1353.12717
G1 F2400.0 E1348.12717 ; Retraction
G0 F7200.0 X6.9 Y-28.69798
G1 F2400.0 E1353.12717 ; Reversed Retraction
G1 F3000.0 X-6.9 Y-28.69798 E1353.58616
G1 F3000.0 X-6.9 Y-12.92742 E1354.11069
G1 F3000.0 X6.9 Y-12.92742 E1354.56968
G1 F3000.0 X6.9 Y-28.69798 E1355.09421
;Internal Infill
G1 F2400.0 E1350.09421 ; Retraction
G0 F7200.0 X6.0 Y-28.29798
G1 F2400.0 E1355.09421 ; Reversed Retraction
G1 F3000.0 X6.0 Y-13.32742 E1355.59213
G1 F2400.0 E1350.59213 ; Retraction
G0 F7200.0 X6.90004 Y-16.85453
G1 F2400.0 E1355.59213 ; Reversed Retraction
G1 F3000.0 X0.79091 Y-13.32742 E1355.82676
G1 F2400.0 E1350.82676 ; Retraction
G0 F7200.0 X0.0 Y-13.32742
G1 F2400.0 E1355.82676 ; Reversed Retraction
G1 F3000.0 X0.0 Y-28.29798 E1356.32468
G1 F2400.0 E1351.32468 ; Retraction
G0 F7200.0 X2.72068 Y-28.29798
G1 F2400.0 E1356.32468 ; Reversed Retraction
G1 F3000.0 X-6.90004 Y-22.74345 E1356.69417
G1 F2400.0 E1351.69417 ; Retraction
G0 F7200.0 X-6.90004 Y-23.78273
G1 F2400.0 E1356.69417 ; Reversed Retraction
G1 F3000.0 X6.90004 Y-15.81525 E1357.22417
G1 F2400.0 E1352.22417 ; Retraction
G0 F7200.0 X6.90004 Y-23.78273
G1 F2400.0 E1357.22417 ; Reversed Retraction
G1 F3000.0 X-6.90004 Y-15.81525 E1357.75417
G1 F2400.0 E1352.75417 ; Retraction
G0 F7200.0 X-6.90004 Y-16.85453
G1 F2400.0 E1357.75417 ; Reversed Retraction
G1 F3000.0 X-0.79091 Y-13.32742 E1357.98879
G1 F2400.0 E1352.98879 ; Retraction
G0 F7200.0 X-6.0 Y-13.32742
G1 F2400.0 E1357.98879 ; Reversed Retraction
G1 F3000.0 X-6.0 Y-28.29798 E1358.48671
G1 F2400.0 E1353.48671 ; Retraction
G0 F7200.0 X-2.72068 Y-28.29798
G1 F2400.0 E1358.48671 ; Reversed Retraction
G1 F3000.0 X6.90004 Y-22.74345 E1358.8562
;Layer 52
G0 F1440.0 Z30.39899
;Shell(s)
G1 F2400.0 E1353.8562 ; Retraction
G0 F7200.0 X7.3 Y-28.89798
G1 F2400.0 E1358.8562 ; Reversed Retraction
G1 F3000.0 X7.07538 Y-28.89798 E1358.86367
G1 F3000.0 X-7.3 Y-28.89798 E1359.3418
G1 F3000.0 X-7.3 Y-12.32742 E1359.89294
G1 F3000.0 X7.3 Y-12.32742 E1360.37854
G1 F3000.0 X7.3 Y-28.89798 E1360.92967
G1 F2400.0 E1355.92967 ; Retraction
G0 F7200.0 X6.9 Y-28.49798
G1 F2400.0 E1360.92967 ; Reversed Retraction
G1 F3000.0 X-6.9 Y-28.49798 E1361.38866
G1 F3000.0 X-6.9 Y-12.72742 E1361.9132
G1 F3000.0 X6.9 Y-12.72742 E1362.37219
G1 F3000.0 X6.9 Y-28.49798 E1362.89672
;Internal Infill
G1 F2400.0 E1357.89672 ; Retraction
G0 F7200.0 X6.0 Y-28.09798
G1 F2400.0 E1362.89672 ; Reversed Retraction
G1 F3000.0 X6.0 Y-13.12742 E1363.39464
G1 F2400.0 E1358.39464 ; Retraction
G0 F7200.0 X6.90004 Y-16.85453
G1 F2400.0 E1363.39464 ; Reversed Retraction
G1 F3000.0 X0.4445 Y-13.12742 E1363.64257
G1 F2400.0 E1358.64257 ; Retraction
G0 F7200.0 X0.0 Y-13.12742
G1 F2400.0 E1363.64257 ; Reversed Retraction
G1 F3000.0 X0.0 Y-28.09798 E1364.14049
G1 F2400.0 E1359.14049 ; Retraction
G0 F7200.0 X2.37427 Y-28.09798
G1 F2400.0 E1364.14049 ; Reversed Retraction
G1 F3000.0 X-6.90004 Y-22.74345 E1364.49668
G1 F2400.0 E1359.49668 ; Retraction
G0 F7200.0 X-6.90004 Y-23.78273
G1 F2400.0 E1364.49668 ; Reversed Retraction
G1 F3000.0 X6.90004 Y-15.81525 E1365.02667
G1 F2400.0 E1360.02667 ; Retraction
G0 F7200.0 X6.90004 Y-23.78273
G1 F2400.0 E1365.02667 ; Reversed Retraction
G1 F3000.0 X-6.90004 Y-15.81525 E1365.55667
G1 F2400.0 E1360.55667 ; Retraction
G0 F7200.0 X-6.90004 Y-16.85453
G1 F2400.0 E1365.55667 ; Reversed Retraction
G1 F3000.0 X-0.4445 Y-13.12742 E1365.8046
G1 F2400.0 E1360.8046 ; Retraction
G0 F7200.0 X-6.0 Y-13.12742
G1 F2400.0 E1365.8046 ; Reversed Retraction
G1 F3000.0 X-6.0 Y-28.09798 E1366.30252
G1 F2400.0 E1361.30252 ; Retraction
G0 F7200.0 X-2.37427 Y-28.09798
G1 F2400.0 E1366.30252 ; Reversed Retraction
G1 F3000.0 X6.90004 Y-22.74345 E1366.65871
;Layer 53
G0 F1440.0 Z30.59899
;Shell(s)
G1 F2400.0 E1361.65871 ; Retraction
G0 F7200.0 X7.3 Y-28.69798
G1 F2400.0 E1366.65871 ; Reversed Retraction
G1 F3000.0 X6.93396 Y-28.69798 E1366.67088
G1 F3000.0 X-7.3 Y-28.69798 E1367.14431
G1 F3000.0 X-7.3 Y-12.12742 E1367.69545
G1 F3000.0 X7.3 Y-12.12742 E1368.18104
G1 F3000.0 X7.3 Y-28.69798 E1368.73218
G1 F2400.0 E1363.73218 ; Retraction
G0 F7200.0 X6.9 Y-28.29798
G1 F2400.0 E1368.73218 ; Reversed Retraction
G1 F3000.0 X-6.9 Y-28.29798 E1369.19117
G1 F3000.0 X-6.9 Y-12.52742 E1369.7157
G1 F3000.0 X6.9 Y-12.52742 E1370.17469
G1 F3000.0 X6.9 Y-28.29798 E1370.69922
;Internal Infill
G1 F2400.0 E1365.69922 ; Retraction
G0 F7200.0 X6.0 Y-27.89798
G1 F2400.0 E1370.69922 ; Reversed Retraction
G1 F3000.0 X6.0 Y-12.92742 E1371.19715
G1 F2400.0 E1366.19715 ; Retraction
G0 F7200.0 X6.90004 Y-16.85453
G1 F2400.0 E1371.19715 ; Reversed Retraction
G1 F3000.0 X0.09809 Y-12.92742 E1371.45838
G1 F2400.0 E1366.45838 ; Retraction
G0 F7200.0 X0.0 Y-12.92742
G1 F2400.0 E1371.45838 ; Reversed Retraction
G1 F3000.0 X0.0 Y-27.89798 E1371.9563
G1 F2400.0 E1366.9563 ; Retraction
G0 F7200.0 X-2.02786 Y-27.89798
G1 F2400.0 E1371.9563 ; Reversed Retraction
G1 F3000.0 X6.90004 Y-22.74345 E1372.29918
G1 F2400.0 E1367.29918 ; Retraction
G0 F7200.0 X6.90004 Y-23.78273
G1 F2400.0 E1372.29918 ; Reversed Retraction
G1 F3000.0 X-6.90004 Y-15.81525 E1372.82918
G1 F2400.0 E1367.82918 ; Retraction
G0 F7200.0 X-6.90004 Y-16.85453
G1 F2400.0 E1372.82918 ; Reversed Retraction
G1 F3000.0 X-0.09809 Y-12.92742 E1373.09041
G1 F2400.0 E1368.09041 ; Retraction
G0 F7200.0 X-6.0 Y-12.92742
G1 F2400.0 E1373.09041 ; Reversed Retraction
G1 F3000.0 X-6.0 Y-27.89798 E1373.58834
G1 F2400.0 E1368.58834 ; Retraction
G0 F7200.0 X-6.90004 Y-22.74345
G1 F2400.0 E1373.58834 ; Reversed Retraction
G1 F3000.0 X2.02786 Y-27.89798 E1373.93122
G1 F2400.0 E1368.93122 ; Retraction
G0 F7200.0 X-6.90004 Y-23.78273
G1 F2400.0 E1373.93122 ; Reversed Retraction
G1 F3000.0 X6.90004 Y-15.81525 E1374.46122
;Layer 54
G0 F1440.0 Z30.79899
;Shell(s)
G1 F2400.0 E1369.46122 ; Retraction
G0 F7200.0 X7.3 Y-28.49798
G1 F2400.0 E1374.46122 ; Reversed Retraction
G1 F3000.0 X6.79254 Y-28.49798 E1374.47809
G1 F3000.0 X-7.3 Y-28.49798 E1374.94681
G1 F3000.0 X-7.3 Y-11.92742 E1375.49795
G1 F3000.0 X7.3 Y-11.92742 E1375.98355
G1 F3000.0 X7.3 Y-28.49798 E1376.53469
G1 F2400.0 E1371.53469 ; Retraction
G0 F7200.0 X6.9 Y-28.09798
G1 F2400.0 E1376.53469 ; Reversed Retraction
G1 F3000.0 X6.79254 Y-28.09798 E1376.53826
G1 F3000.0 X-6.9 Y-28.09798 E1376.99368
G1 F3000.0 X-6.9 Y-12.32742 E1377.51821
G1 F3000.0 X6.9 Y-12.32742 E1377.9772
G1 F3000.0 X6.9 Y-28.09798 E1378.50173
;Internal Infill
G1 F2400.0 E1373.50173 ; Retraction
G0 F7200.0 X6.0 Y-27.69798
G1 F2400.0 E1378.50173 ; Reversed Retraction
G1 F3000.0 X6.0 Y-12.72742 E1378.99965
G1 F2400.0 E1373.99965 ; Retraction
G0 F7200.0 X6.90004 Y-16.85453
G1 F2400.0 E1378.99965 ; Reversed Retraction
G1 F3000.0 X-0.24832 Y-12.72742 E1379.27419
G1 F2400.0 E1374.27419 ; Retraction
G0 F7200.0 X0.0 Y-12.72742
G1 F2400.0 E1379.27419 ; Reversed Retraction
G1 F3000.0 X0.0 Y-27.69798 E1379.77211
G1 F2400.0 E1374.77211 ; Retraction
G0 F7200.0 X1.68145 Y-27.69798
G1 F2400.0 E1379.77211 ; Reversed Retraction
G1 F3000.0 X-6.90004 Y-22.74345 E1380.10169
G1 F2400.0 E1375.10169 ; Retraction
G0 F7200.0 X-6.0 Y-27.69798
G1 F2400.0 E1380.10169 ; Reversed Retraction
G1 F3000.0 X-6.0 Y-12.72742 E1380.59961
G1 F2400.0 E1375.59961 ; Retraction
G0 F7200.0 X-6.90004 Y-16.85453
G1 F2400.0 E1380.59961 ; Reversed Retraction
G1 F3000.0 X0.24832 Y-12.72742 E1380.87415
G1 F2400.0 E1375.87415 ; Retraction
G0 F7200.0 X6.90004 Y-15.81525
G1 F2400.0 E1380.87415 ; Reversed Retraction
G1 F3000.0 X-6.90004 Y-23.78273 E1381.40415
G1 F2400.0 E1376.40415 ; Retraction
G0 F7200.0 X-1.68145 Y-27.69798
G1 F2400.0 E1381.40415 ; Reversed Retraction
G1 F3000.0 X6.90004 Y-22.74345 E1381.73372
G1 F2400.0 E1376.73372 ; Retraction
G0 F7200.0 X6.90004 Y-23.78273
G1 F2400.0 E1381.73372 ; Reversed Retraction
G1 F3000.0 X-6.90004 Y-15.81525 E1382.26372
;Layer 55
G0 F1440.0 Z30.99899
;Shell(s)
G1 F2400.0 E1377.26372 ; Retraction
G0 F7200.0 X7.3 Y-28.29798
G1 F2400.0 E1382.26372 ; Reversed Retraction
G1 F3000.0 X6.65111 Y-28.29798 E1382.28531
G1 F3000.0 X-7.3 Y-28.29798 E1382.74932
G1 F3000.0 X-7.3 Y-11.72742 E1383.30046
G1 F3000.0 X7.3 Y-11.72742 E1383.78606
G1 F3000.0 X7.3 Y-28.29798 E1384.3372
G1 F2400.0 E1379.3372 ; Retraction
G0 F7200.0 X6.9 Y-27.89798
G1 F2400.0 E1384.3372 ; Reversed Retraction
G1 F3000.0 X6.65111 Y-27.89798 E1384.34548
G1 F3000.0 X-6.9 Y-27.89798 E1384.79619
G1 F3000.0 X-6.9 Y-12.12742 E1385.32072
G1 F3000.0 X6.9 Y-12.12742 E1385.77971
G1 F3000.0 X6.9 Y-27.89798 E1386.30424
;Internal Infill
G1 F2400.0 E1381.30424 ; Retraction
G0 F7200.0 X6.0 Y-27.49798
G1 F2400.0 E1386.30424 ; Reversed Retraction
G1 F3000.0 X6.0 Y-12.52742 E1386.80216
G1 F2400.0 E1381.80216 ; Retraction
G0 F7200.0 X6.90004 Y-16.85453
G1 F2400.0 E1386.80216 ; Reversed Retraction
G1 F3000.0 X-0.59473 Y-12.52742 E1387.09
G1 F2400.0 E1382.09 ; Retraction
G0 F7200.0 X0.0 Y-12.52742
G1 F2400.0 E1387.09 ; Reversed Retraction
G1 F3000.0 X0.0 Y-27.49798 E1387.58793
G1 F2400.0 E1382.58793 ; Retraction
G0 F7200.0 X1.33504 Y-27.49798
G1 F2400.0 E1387.58793 ; Reversed Retraction
G1 F3000.0 X-6.90004 Y-22.74345 E1387.9042
G1 F2400.0 E1382.9042 ; Retraction
G0 F7200.0 X-6.90004 Y-23.78273
G1 F2400.0 E1387.9042 ; Reversed Retraction
G1 F3000.0 X6.90004 Y-15.81525 E1388.4342
G1 F2400.0 E1383.4342 ; Retraction
G0 F7200.0 X6.90004 Y-23.78273
G1 F2400.0 E1388.4342 ; Reversed Retraction
G1 F3000.0 X-6.90004 Y-15.81525 E1388.9642
G1 F2400.0 E1383.9642 ; Retraction
G0 F7200.0 X-6.0 Y-12.52742
G1 F2400.0 E1388.9642 ; Reversed Retraction
G1 F3000.0 X-6.0 Y-27.49798 E1389.46212
G1 F2400.0 E1384.46212 ; Retraction
G0 F7200.0 X-1.33504 Y-27.49798
G1 F2400.0 E1389.46212 ; Reversed Retraction
G1 F3000.0 X6.90004 Y-22.74345 E1389.77839
G1 F2400.0 E1384.77839 ; Retraction
G0 F7200.0 X0.59473 Y-12.52742
G1 F2400.0 E1389.77839 ; Reversed Retraction
G1 F3000.0 X-6.90004 Y-16.85453 E1390.06623
;Layer 56
G0 F1440.0 Z31.19899
;Shell(s)
G1 F2400.0 E1385.06623 ; Retraction
G0 F7200.0 X7.3 Y-28.09798
G1 F2400.0 E1390.06623 ; Reversed Retraction
G1 F3000.0 X-7.3 Y-28.09798 E1390.55183
G1 F3000.0 X-7.3 Y-11.52742 E1391.10297
G1 F3000.0 X7.3 Y-11.52742 E1391.58857
G1 F3000.0 X7.3 Y-28.09798 E1392.13971
G1 F2400.0 E1387.13971 ; Retraction
G0 F7200.0 X6.9 Y-27.69798
G1 F2400.0 E1392.13971 ; Reversed Retraction
G1 F3000.0 X-6.9 Y-27.69798 E1392.5987
G1 F3000.0 X-6.9 Y-11.92742 E1393.12323
G1 F3000.0 X6.9 Y-11.92742 E1393.58222
G1 F3000.0 X6.9 Y-27.69798 E1394.10675
;Internal Infill
G1 F2400.0 E1389.10675 ; Retraction
G0 F7200.0 X6.0 Y-27.29798
G1 F2400.0 E1394.10675 ; Reversed Retraction
G1 F3000.0 X6.0 Y-12.32742 E1394.60467
G1 F2400.0 E1389.60467 ; Retraction
G0 F7200.0 X6.90004 Y-16.85453
G1 F2400.0 E1394.60467 ; Reversed Retraction
G1 F3000.0 X-0.94114 Y-12.32742 E1394.90581
G1 F2400.0 E1389.90581 ; Retraction
G0 F7200.0 X0.94114 Y-12.32742
G1 F2400.0 E1394.90581 ; Reversed Retraction
G1 F3000.0 X-6.90004 Y-16.85453 E1395.20696
G1 F2400.0 E1390.20696 ; Retraction
G0 F7200.0 X-6.0 Y-12.32742
G1 F2400.0 E1395.20696 ; Reversed Retraction
G1 F3000.0 X-6.0 Y-27.29798 E1395.70488
G1 F2400.0 E1390.70488 ; Retraction
G0 F7200.0 X-6.90004 Y-22.74345
G1 F2400.0 E1395.70488 ; Reversed Retraction
G1 F3000.0 X0.98863 Y-27.29798 E1396.00785
G1 F2400.0 E1391.00785 ; Retraction
G0 F7200.0 X0.0 Y-27.29798
G1 F2400.0 E1396.00785 ; Reversed Retraction
G1 F3000.0 X0.0 Y-12.32742 E1396.50577
G1 F2400.0 E1391.50577 ; Retraction
G0 F7200.0 X-6.90004 Y-15.81525
G1 F2400.0 E1396.50577 ; Reversed Retraction
G1 F3000.0 X6.90004 Y-23.78273 E1397.03577
G1 F2400.0 E1392.03577 ; Retraction
G0 F7200.0 X6.90004 Y-22.74345
G1 F2400.0 E1397.03577 ; Reversed Retraction
G1 F3000.0 X-0.98863 Y-27.29798 E1397.33874
G1 F2400.0 E1392.33874 ; Retraction
G0 F7200.0 X-6.90004 Y-23.78273
G1 F2400.0 E1397.33874 ; Reversed Retraction
G1 F3000.0 X6.90004 Y-15.81525 E1397.86874
;Layer 57
G0 F1440.0 Z31.39899
;Shell(s)
G1 F2400.0 E1392.86874 ; Retraction
G0 F7200.0 X7.3 Y-27.89798
G1 F2400.0 E1397.86874 ; Reversed Retraction
G1 F3000.0 X6.36827 Y-27.89798 E1397.89973
G1 F3000.0 X-7.3 Y-27.89798 E1398.35434
G1 F3000.0 X-7.3 Y-11.32742 E1398.90548
G1 F3000.0 X7.3 Y-11.32742 E1399.39107
G1 F3000.0 X7.3 Y-27.89798 E1399.94221
G1 F2400.0 E1394.94221 ; Retraction
G0 F7200.0 X6.9 Y-27.49798
G1 F2400.0 E1399.94221 ; Reversed Retraction
G1 F3000.0 X6.36827 Y-27.49798 E1399.9599
G1 F3000.0 X-6.9 Y-27.49798 E1400.4012
G1 F3000.0 X-6.9 Y-11.72742 E1400.92573
G1 F3000.0 X6.9 Y-11.72742 E1401.38472
G1 F3000.0 X6.9 Y-27.49798 E1401.90925
;Internal Infill
G1 F2400.0 E1396.90925 ; Retraction
G0 F7200.0 X6.0 Y-27.09798
G1 F2400.0 E1401.90925 ; Reversed Retraction
G1 F3000.0 X6.0 Y-12.12742 E1402.40718
G1 F2400.0 E1397.40718 ; Retraction
G0 F7200.0 X6.90004 Y-16.85453
G1 F2400.0 E1402.40718 ; Reversed Retraction
G1 F3000.0 X-1.28755 Y-12.12742 E1402.72163
G1 F2400.0 E1397.72163 ; Retraction
G0 F7200.0 X0.0 Y-12.12742
G1 F2400.0 E1402.72163 ; Reversed Retraction
G1 F3000.0 X0.0 Y-27.09798 E1403.21955
G1 F2400.0 E1398.21955 ; Retraction
G0 F7200.0 X-0.64222 Y-27.09798
G1 F2400.0 E1403.21955 ; Reversed Retraction
G1 F3000.0 X6.90004 Y-22.74345 E1403.50921
G1 F2400.0 E1398.50921 ; Retraction
G0 F7200.0 X6.90004 Y-23.78273
G1 F2400.0 E1403.50921 ; Reversed Retraction
G1 F3000.0 X-6.90004 Y-15.81525 E1404.03921
G1 F2400.0 E1399.03921 ; Retraction
G0 F7200.0 X-6.90004 Y-16.85453
G1 F2400.0 E1404.03921 ; Reversed Retraction
G1 F3000.0 X1.28755 Y-12.12742 E1404.35366
G1 F2400.0 E1399.35366 ; Retraction
G0 F7200.0 X6.90004 Y-15.81525
G1 F2400.0 E1404.35366 ; Reversed Retraction
G1 F3000.0 X-6.90004 Y-23.78273 E1404.88366
G1 F2400.0 E1399.88366 ; Retraction
G0 F7200.0 X-6.90004 Y-22.74345
G1 F2400.0 E1404.88366 ; Reversed Retraction
G1 F3000.0 X0.64222 Y-27.09798 E1405.17332
G1 F2400.0 E1400.17332 ; Retraction
G0 F7200.0 X-6.0 Y-27.09798
G1 F2400.0 E1405.17332 ; Reversed Retraction
G1 F3000.0 X-6.0 Y-12.12742 E1405.67125
;Layer 58
G0 F1440.0 Z31.59899
;Shell(s)
G1 F2400.0 E1400.67125 ; Retraction
G0 F7200.0 X7.3 Y-27.69798
G1 F2400.0 E1405.67125 ; Reversed Retraction
G1 F3000.0 X-7.3 Y-27.69798 E1406.15684
G1 F3000.0 X-7.3 Y-11.12742 E1406.70798
G1 F3000.0 X7.3 Y-11.12742 E1407.19358
G1 F3000.0 X7.3 Y-27.69798 E1407.74472
G1 F2400.0 E1402.74472 ; Retraction
G0 F7200.0 X6.9 Y-27.29798
G1 F2400.0 E1407.74472 ; Reversed Retraction
G1 F3000.0 X-6.9 Y-27.29798 E1408.20371
G1 F3000.0 X-6.9 Y-11.52742 E1408.72824
G1 F3000.0 X6.9 Y-11.52742 E1409.18723
G1 F3000.0 X6.9 Y-27.29798 E1409.71176
;Internal Infill
G1 F2400.0 E1404.71176 ; Retraction
G0 F7200.0 X6.0 Y-26.89798
G1 F2400.0 E1409.71176 ; Reversed Retraction
G1 F3000.0 X6.0 Y-11.92742 E1410.20969
G1 F2400.0 E1405.20969 ; Retraction
G0 F7200.0 X6.90004 Y-16.85453
G1 F2400.0 E1410.20969 ; Reversed Retraction
G1 F3000.0 X-1.63396 Y-11.92742 E1410.53744
G1 F2400.0 E1405.53744 ; Retraction
G0 F7200.0 X1.63396 Y-11.92742
G1 F2400.0 E1410.53744 ; Reversed Retraction
G1 F3000.0 X-6.90004 Y-16.85453 E1410.86519
G1 F2400.0 E1405.86519 ; Retraction
G0 F7200.0 X-6.90004 Y-15.81525
G1 F2400.0 E1410.86519 ; Reversed Retraction
G1 F3000.0 X6.90004 Y-23.78273 E1411.39519
G1 F2400.0 E1406.39519 ; Retraction
G0 F7200.0 X6.90004 Y-22.74345
G1 F2400.0 E1411.39519 ; Reversed Retraction
G1 F3000.0 X-0.29581 Y-26.89798 E1411.67155
G1 F2400.0 E1406.67155 ; Retraction
G0 F7200.0 X0.29581 Y-26.89798
G1 F2400.0 E1411.67155 ; Reversed Retraction
G1 F3000.0 X-6.90004 Y-22.74345 E1411.94791
G1 F2400.0 E1406.94791 ; Retraction
G0 F7200.0 X-6.90004 Y-23.78273
G1 F2400.0 E1411.94791 ; Reversed Retraction
G1 F3000.0 X6.90004 Y-15.81525 E1412.47791
G1 F2400.0 E1407.47791 ; Retraction
G0 F7200.0 X0.0 Y-11.92742
G1 F2400.0 E1412.47791 ; Reversed Retraction
G1 F3000.0 X0.0 Y-26.89798 E1412.97583
G1 F2400.0 E1407.97583 ; Retraction
G0 F7200.0 X-6.0 Y-26.89798
G1 F2400.0 E1412.97583 ; Reversed Retraction
G1 F3000.0 X-6.0 Y-11.92742 E1413.47375
;Layer 59
G0 F1440.0 Z31.79899
;Shell(s)
G1 F2400.0 E1408.47375 ; Retraction
G0 F7200.0 X7.3 Y-27.49798
G1 F2400.0 E1413.47375 ; Reversed Retraction
G1 F3000.0 X6.08543 Y-27.49798 E1413.51415
G1 F3000.0 X-7.3 Y-27.49798 E1413.95935
G1 F3000.0 X-7.3 Y-10.92742 E1414.51049
G1 F3000.0 X7.3 Y-10.92742 E1414.99609
G1 F3000.0 X7.3 Y-27.49798 E1415.54723
G1 F2400.0 E1410.54723 ; Retraction
G0 F7200.0 X6.9 Y-27.09798
G1 F2400.0 E1415.54723 ; Reversed Retraction
G1 F3000.0 X6.08543 Y-27.09798 E1415.57432
G1 F3000.0 X-6.9 Y-27.09798 E1416.00622
G1 F3000.0 X-6.9 Y-11.32742 E1416.53075
G1 F3000.0 X6.9 Y-11.32742 E1416.98974
G1 F3000.0 X6.9 Y-27.09798 E1417.51427
;Internal Infill
G1 F2400.0 E1412.51427 ; Retraction
G0 F7200.0 X6.0 Y-26.69798
G1 F2400.0 E1417.51427 ; Reversed Retraction
G1 F3000.0 X6.0 Y-11.72742 E1418.01219
G1 F2400.0 E1413.01219 ; Retraction
G0 F7200.0 X6.90004 Y-16.85453
G1 F2400.0 E1418.01219 ; Reversed Retraction
G1 F3000.0 X-1.98037 Y-11.72742 E1418.35325
G1 F2400.0 E1413.35325 ; Retraction
G0 F7200.0 X0.0 Y-11.72742
G1 F2400.0 E1418.35325 ; Reversed Retraction
G1 F3000.0 X0.0 Y-26.69798 E1418.85117
G1 F2400.0 E1413.85117 ; Retraction
G0 F7200.0 X-0.0506 Y-26.69798
G1 F2400.0 E1418.85117 ; Reversed Retraction
G1 F3000.0 X-6.90004 Y-22.74345 E1419.11423
G1 F2400.0 E1414.11423 ; Retraction
G0 F7200.0 X-6.90004 Y-23.78273
G1 F2400.0 E1419.11423 ; Reversed Retraction
G1 F3000.0 X6.90004 Y-15.81525 E1419.64423
G1 F2400.0 E1414.64423 ; Retraction
G0 F7200.0 X1.98037 Y-11.72742
G1 F2400.0 E1419.64423 ; Reversed Retraction
G1 F3000.0 X-6.90004 Y-16.85453 E1419.98528
G1 F2400.0 E1414.98528 ; Retraction
G0 F7200.0 X-6.90004 Y-15.81525
G1 F2400.0 E1419.98528 ; Reversed Retraction
G1 F3000.0 X6.90004 Y-23.78273 E1420.51528
G1 F2400.0 E1415.51528 ; Retraction
G0 F7200.0 X6.90004 Y-22.74345
G1 F2400.0 E1420.51528 ; Reversed Retraction
G1 F3000.0 X0.0506 Y-26.69798 E1420.77834
G1 F2400.0 E1415.77834 ; Retraction
G0 F7200.0 X-6.0 Y-26.69798
G1 F2400.0 E1420.77834 ; Reversed Retraction
G1 F3000.0 X-6.0 Y-11.72742 E1421.27626
;Layer 60
G0 F1440.0 Z31.99899
;Shell(s)
G1 F2400.0 E1416.27626 ; Retraction
G0 F7200.0 X7.3 Y-27.29798
G1 F2400.0 E1421.27626 ; Reversed Retraction
G1 F3000.0 X5.94401 Y-27.29798 E1421.32136
G1 F3000.0 X-7.3 Y-27.29798 E1421.76186
G1 F3000.0 X-7.3 Y-10.72742 E1422.313
G1 F3000.0 X7.3 Y-10.72742 E1422.7986
G1 F3000.0 X7.3 Y-27.29798 E1423.34974
G1 F2400.0 E1418.34974 ; Retraction
G0 F7200.0 X6.9 Y-26.89798
G1 F2400.0 E1423.34974 ; Reversed Retraction
G1 F3000.0 X5.94401 Y-26.89798 E1423.38153
G1 F3000.0 X-6.9 Y-26.89798 E1423.80873
G1 F3000.0 X-6.9 Y-11.12742 E1424.33326
G1 F3000.0 X6.9 Y-11.12742 E1424.79225
G1 F3000.0 X6.9 Y-26.89798 E1425.31678
;Internal Infill
G1 F2400.0 E1420.31678 ; Retraction
G0 F7200.0 X6.0 Y-26.49798
G1 F2400.0 E1425.31678 ; Reversed Retraction
G1 F3000.0 X6.0 Y-11.52742 E1425.8147
G1 F2400.0 E1420.8147 ; Retraction
G0 F7200.0 X2.32678 Y-11.52742
G1 F2400.0 E1425.8147 ; Reversed Retraction
G1 F3000.0 X-6.90004 Y-16.85453 E1426.16906
G1 F2400.0 E1421.16906 ; Retraction
G0 F7200.0 X-6.90004 Y-15.81525
G1 F2400.0 E1426.16906 ; Reversed Retraction
G1 F3000.0 X6.90004 Y-23.78273 E1426.69906
G1 F2400.0 E1421.69906 ; Retraction
G0 F7200.0 X6.90004 Y-22.74345
G1 F2400.0 E1426.69906 ; Reversed Retraction
G1 F3000.0 X0.39701 Y-26.49798 E1426.94881
G1 F2400.0 E1421.94881 ; Retraction
G0 F7200.0 X0.0 Y-26.49798
G1 F2400.0 E1426.94881 ; Reversed Retraction
G1 F3000.0 X0.0 Y-11.52742 E1427.44674
G1 F2400.0 E1422.44674 ; Retraction
G0 F7200.0 X-2.32678 Y-11.52742
G1 F2400.0 E1427.44674 ; Reversed Retraction
G1 F3000.0 X6.90004 Y-16.85453 E1427.8011
G1 F2400.0 E1422.8011 ; Retraction
G0 F7200.0 X6.90004 Y-15.81525
G1 F2400.0 E1427.8011 ; Reversed Retraction
G1 F3000.0 X-6.90004 Y-23.78273 E1428.3311
G1 F2400.0 E1423.3311 ; Retraction
G0 F7200.0 X-6.90004 Y-22.74345
G1 F2400.0 E1428.3311 ; Reversed Retraction
G1 F3000.0 X-0.39701 Y-26.49798 E1428.58085
G1 F2400.0 E1423.58085 ; Retraction
G0 F7200.0 X-6.0 Y-26.49798
G1 F2400.0 E1428.58085 ; Reversed Retraction
G1 F3000.0 X-6.0 Y-11.52742 E1429.07877
;Layer 61
G0 F1440.0 Z32.19899
;Shell(s)
G1 F2400.0 E1424.07877 ; Retraction
G0 F7200.0 X7.3 Y-27.09798
G1 F2400.0 E1429.07877 ; Reversed Retraction
G1 F3000.0 X-7.3 Y-27.09798 E1429.56437
G1 F3000.0 X-7.3 Y-10.52742 E1430.11551
G1 F3000.0 X7.3 Y-10.52742 E1430.60111
G1 F3000.0 X7.3 Y-27.09798 E1431.15224
G1 F2400.0 E1426.15224 ; Retraction
G0 F7200.0 X6.9 Y-26.69798
G1 F2400.0 E1431.15224 ; Reversed Retraction
G1 F3000.0 X-6.9 Y-26.69798 E1431.61123
G1 F3000.0 X-6.9 Y-10.92742 E1432.13576
G1 F3000.0 X6.9 Y-10.92742 E1432.59475
G1 F3000.0 X6.9 Y-26.69798 E1433.11929
;Internal Infill
G1 F2400.0 E1428.11929 ; Retraction
G0 F7200.0 X6.0 Y-26.29798
G1 F2400.0 E1433.11929 ; Reversed Retraction
G1 F3000.0 X6.0 Y-11.32742 E1433.61721
G1 F2400.0 E1428.61721 ; Retraction
G0 F7200.0 X2.67319 Y-11.32742
G1 F2400.0 E1433.61721 ; Reversed Retraction
G1 F3000.0 X-6.90004 Y-16.85453 E1433.98487
G1 F2400.0 E1428.98487 ; Retraction
G0 F7200.0 X-6.90004 Y-15.81525
G1 F2400.0 E1433.98487 ; Reversed Retraction
G1 F3000.0 X6.90004 Y-23.78273 E1434.51487
G1 F2400.0 E1429.51487 ; Retraction
G0 F7200.0 X6.90004 Y-22.74345
G1 F2400.0 E1434.51487 ; Reversed Retraction
G1 F3000.0 X0.74342 Y-26.29798 E1434.75132
G1 F2400.0 E1429.75132 ; Retraction
G0 F7200.0 X0.0 Y-26.29798
G1 F2400.0 E1434.75132 ; Reversed Retraction
G1 F3000.0 X0.0 Y-11.32742 E1435.24924
G1 F2400.0 E1430.24924 ; Retraction
G0 F7200.0 X-2.67319 Y-11.32742
G1 F2400.0 E1435.24924 ; Reversed Retraction
G1 F3000.0 X6.90004 Y-16.85453 E1435.61691
G1 F2400.0 E1430.61691 ; Retraction
G0 F7200.0 X6.90004 Y-15.81525
G1 F2400.0 E1435.61691 ; Reversed Retraction
G1 F3000.0 X-6.90004 Y-23.78273 E1436.14691
G1 F2400.0 E1431.14691 ; Retraction
G0 F7200.0 X-6.90004 Y-22.74345
G1 F2400.0 E1436.14691 ; Reversed Retraction
G1 F3000.0 X-0.74342 Y-26.29798 E1436.38335
G1 F2400.0 E1431.38335 ; Retraction
G0 F7200.0 X-6.0 Y-26.29798
G1 F2400.0 E1436.38335 ; Reversed Retraction
G1 F3000.0 X-6.0 Y-11.32742 E1436.88128
;Layer 62
G0 F1440.0 Z32.39899
;Shell(s)
G1 F2400.0 E1431.88128 ; Retraction
G0 F7200.0 X7.3 Y-26.89798
G1 F2400.0 E1436.88128 ; Reversed Retraction
G1 F3000.0 X5.66117 Y-26.89798 E1436.93579
G1 F3000.0 X-7.3 Y-26.89798 E1437.36688
G1 F3000.0 X-7.3 Y-10.32742 E1437.91801
G1 F3000.0 X2.04822 Y-10.32742 E1438.22894
G1 F3000.0 X7.3 Y-10.32742 E1438.40361
G1 F3000.0 X7.3 Y-26.89798 E1438.95475
G1 F2400.0 E1433.95475 ; Retraction
G0 F7200.0 X6.9 Y-26.49798
G1 F2400.0 E1438.95475 ; Reversed Retraction
G1 F3000.0 X5.66117 Y-26.49798 E1438.99596
G1 F3000.0 X-6.9 Y-26.49798 E1439.41374
G1 F3000.0 X-6.9 Y-10.72742 E1439.93827
G1 F3000.0 X2.04822 Y-10.72742 E1440.23589
G1 F3000.0 X6.9 Y-10.72742 E1440.39726
G1 F3000.0 X6.9 Y-26.49798 E1440.92179
;Internal Infill
G1 F2400.0 E1435.92179 ; Retraction
G0 F7200.0 X6.0 Y-26.09798
G1 F2400.0 E1440.92179 ; Reversed Retraction
G1 F3000.0 X6.0 Y-11.12742 E1441.41972
G1 F2400.0 E1436.41972 ; Retraction
G0 F7200.0 X3.0196 Y-11.12742
G1 F2400.0 E1441.41972 ; Reversed Retraction
G1 F3000.0 X-6.90004 Y-16.85453 E1441.80069
G1 F2400.0 E1436.80069 ; Retraction
G0 F7200.0 X-6.90004 Y-15.81525
G1 F2400.0 E1441.80069 ; Reversed Retraction
G1 F3000.0 X6.90004 Y-23.78273 E1442.33068
G1 F2400.0 E1437.33068 ; Retraction
G0 F7200.0 X6.90004 Y-22.74345
G1 F2400.0 E1442.33068 ; Reversed Retraction
G1 F3000.0 X1.08983 Y-26.09798 E1442.55383
G1 F2400.0 E1437.55383 ; Retraction
G0 F7200.0 X0.0 Y-26.09798
G1 F2400.0 E1442.55383 ; Reversed Retraction
G1 F3000.0 X0.0 Y-11.12742 E1443.05175
G1 F2400.0 E1438.05175 ; Retraction
G0 F7200.0 X-3.0196 Y-11.12742
G1 F2400.0 E1443.05175 ; Reversed Retraction
G1 F3000.0 X6.90004 Y-16.85453 E1443.43272
G1 F2400.0 E1438.43272 ; Retraction
G0 F7200.0 X6.90004 Y-15.81525
G1 F2400.0 E1443.43272 ; Reversed Retraction
G1 F3000.0 X-6.90004 Y-23.78273 E1443.96272
G1 F2400.0 E1438.96272 ; Retraction
G0 F7200.0 X-6.90004 Y-22.74345
G1 F2400.0 E1443.96272 ; Reversed Retraction
G1 F3000.0 X-1.08983 Y-26.09798 E1444.18586
G1 F2400.0 E1439.18586 ; Retraction
G0 F7200.0 X-6.0 Y-26.09798
G1 F2400.0 E1444.18586 ; Reversed Retraction
G1 F3000.0 X-6.0 Y-11.12742 E1444.68379
;Layer 63
G0 F1440.0 Z32.59899
;Shell(s)
G1 F2400.0 E1439.68379 ; Retraction
G0 F7200.0 X7.3 Y-26.69798
G1 F2400.0 E1444.68379 ; Reversed Retraction
G1 F3000.0 X5.51974 Y-26.69798 E1444.743
G1 F3000.0 X-7.3 Y-26.69798 E1445.16938
G1 F3000.0 X-7.3 Y-10.12742 E1445.72052
G1 F3000.0 X7.3 Y-10.12742 E1446.20612
G1 F3000.0 X7.3 Y-26.69798 E1446.75726
G1 F2400.0 E1441.75726 ; Retraction
G0 F7200.0 X6.9 Y-26.29798
G1 F2400.0 E1446.75726 ; Reversed Retraction
G1 F3000.0 X5.51974 Y-26.29798 E1446.80317
G1 F3000.0 X-6.9 Y-26.29798 E1447.21625
G1 F3000.0 X-6.9 Y-10.52742 E1447.74078
G1 F3000.0 X6.9 Y-10.52742 E1448.19977
G1 F3000.0 X6.9 Y-26.29798 E1448.7243
;Internal Infill
G1 F2400.0 E1443.7243 ; Retraction
G0 F7200.0 X6.0 Y-25.89798
G1 F2400.0 E1448.7243 ; Reversed Retraction
G1 F3000.0 X6.0 Y-10.92742 E1449.22222
G1 F2400.0 E1444.22222 ; Retraction
G0 F7200.0 X3.36601 Y-10.92742
G1 F2400.0 E1449.22222 ; Reversed Retraction
G1 F3000.0 X-6.90004 Y-16.85453 E1449.6165
G1 F2400.0 E1444.6165 ; Retraction
G0 F7200.0 X-6.90004 Y-15.81525
G1 F2400.0 E1449.6165 ; Reversed Retraction
G1 F3000.0 X6.90004 Y-23.78273 E1450.1465
G1 F2400.0 E1445.1465 ; Retraction
G0 F7200.0 X6.90004 Y-22.74345
G1 F2400.0 E1450.1465 ; Reversed Retraction
G1 F3000.0 X1.43624 Y-25.89798 E1450.35634
G1 F2400.0 E1445.35634 ; Retraction
G0 F7200.0 X0.0 Y-25.89798
G1 F2400.0 E1450.35634 ; Reversed Retraction
G1 F3000.0 X0.0 Y-10.92742 E1450.85426
G1 F2400.0 E1445.85426 ; Retraction
G0 F7200.0 X-3.36601 Y-10.92742
G1 F2400.0 E1450.85426 ; Reversed Retraction
G1 F3000.0 X6.90004 Y-16.85453 E1451.24853
G1 F2400.0 E1446.24853 ; Retraction
G0 F7200.0 X6.90004 Y-15.81525
G1 F2400.0 E1451.24853 ; Reversed Retraction
G1 F3000.0 X-6.90004 Y-23.78273 E1451.77853
G1 F2400.0 E1446.77853 ; Retraction
G0 F7200.0 X-6.90004 Y-22.74345
G1 F2400.0 E1451.77853 ; Reversed Retraction
G1 F3000.0 X-1.43624 Y-25.89798 E1451.98837
G1 F2400.0 E1446.98837 ; Retraction
G0 F7200.0 X-6.0 Y-25.89798
G1 F2400.0 E1451.98837 ; Reversed Retraction
G1 F3000.0 X-6.0 Y-10.92742 E1452.48629
;Layer 64
G0 F1440.0 Z32.79899
;Shell(s)
G1 F2400.0 E1447.48629 ; Retraction
G0 F7200.0 X7.3 Y-26.49798
G1 F2400.0 E1452.48629 ; Reversed Retraction
G1 F3000.0 X5.37832 Y-26.49798 E1452.55021
G1 F3000.0 X-7.3 Y-26.49798 E1452.97189
G1 F3000.0 X-7.3 Y-9.92742 E1453.52303
G1 F3000.0 X7.3 Y-9.92742 E1454.00863
G1 F3000.0 X7.3 Y-26.49798 E1454.55977
G1 F2400.0 E1449.55977 ; Retraction
G0 F7200.0 X6.9 Y-26.09798
G1 F2400.0 E1454.55977 ; Reversed Retraction
G1 F3000.0 X5.37832 Y-26.09798 E1454.61038
G1 F3000.0 X-6.9 Y-26.09798 E1455.01876
G1 F3000.0 X-6.9 Y-10.32742 E1455.54329
G1 F3000.0 X6.9 Y-10.32742 E1456.00228
G1 F3000.0 X6.9 Y-26.09798 E1456.52681
;Internal Infill
G1 F2400.0 E1451.52681 ; Retraction
G0 F7200.0 X6.0 Y-25.69798
G1 F2400.0 E1456.52681 ; Reversed Retraction
G1 F3000.0 X6.0 Y-10.72742 E1457.02473
G1 F2400.0 E1452.02473 ; Retraction
G0 F7200.0 X3.71243 Y-10.72742
G1 F2400.0 E1457.02473 ; Reversed Retraction
G1 F3000.0 X-6.90004 Y-16.85453 E1457.43231
G1 F2400.0 E1452.43231 ; Retraction
G0 F7200.0 X-6.90004 Y-15.81525
G1 F2400.0 E1457.43231 ; Reversed Retraction
G1 F3000.0 X6.90004 Y-23.78273 E1457.96231
G1 F2400.0 E1452.96231 ; Retraction
G0 F7200.0 X6.90004 Y-22.74345
G1 F2400.0 E1457.96231 ; Reversed Retraction
G1 F3000.0 X1.78265 Y-25.69798 E1458.15884
G1 F2400.0 E1453.15884 ; Retraction
G0 F7200.0 X0.0 Y-25.69798
G1 F2400.0 E1458.15884 ; Reversed Retraction
G1 F3000.0 X0.0 Y-10.72742 E1458.65677
G1 F2400.0 E1453.65677 ; Retraction
G0 F7200.0 X-3.71243 Y-10.72742
G1 F2400.0 E1458.65677 ; Reversed Retraction
G1 F3000.0 X6.90004 Y-16.85453 E1459.06434
G1 F2400.0 E1454.06434 ; Retraction
G0 F7200.0 X6.90004 Y-15.81525
G1 F2400.0 E1459.06434 ; Reversed Retraction
G1 F3000.0 X-6.90004 Y-23.78273 E1459.59434
G1 F2400.0 E1454.59434 ; Retraction
G0 F7200.0 X-6.90004 Y-22.74345
G1 F2400.0 E1459.59434 ; Reversed Retraction
G1 F3000.0 X-1.78265 Y-25.69798 E1459.79088
G1 F2400.0 E1454.79088 ; Retraction
G0 F7200.0 X-6.0 Y-25.69798
G1 F2400.0 E1459.79088 ; Reversed Retraction
G1 F3000.0 X-6.0 Y-10.72742 E1460.2888
;Layer 65
G0 F1440.0 Z32.99899
;Shell(s)
G1 F2400.0 E1455.2888 ; Retraction
G0 F7200.0 X7.3 Y-26.29798
G1 F2400.0 E1460.2888 ; Reversed Retraction
G1 F3000.0 X5.2369 Y-26.29798 E1460.35742
G1 F3000.0 X-7.3 Y-26.29798 E1460.7744
G1 F3000.0 X-7.3 Y-9.72742 E1461.32554
G1 F3000.0 X7.3 Y-9.72742 E1461.81114
G1 F3000.0 X7.3 Y-26.29798 E1462.36228
G1 F2400.0 E1457.36228 ; Retraction
G0 F7200.0 X6.9 Y-25.89798
G1 F2400.0 E1462.36228 ; Reversed Retraction
G1 F3000.0 X5.2369 Y-25.89798 E1462.41759
G1 F3000.0 X-6.9 Y-25.89798 E1462.82127
G1 F3000.0 X-6.9 Y-10.12742 E1463.3458
G1 F3000.0 X6.9 Y-10.12742 E1463.80479
G1 F3000.0 X6.9 Y-25.89798 E1464.32932
;Internal Infill
G1 F2400.0 E1459.32932 ; Retraction
G0 F7200.0 X6.0 Y-25.49798
G1 F2400.0 E1464.32932 ; Reversed Retraction
G1 F3000.0 X6.0 Y-10.52742 E1464.82724
G1 F2400.0 E1459.82724 ; Retraction
G0 F7200.0 X4.05884 Y-10.52742
G1 F2400.0 E1464.82724 ; Reversed Retraction
G1 F3000.0 X-6.90004 Y-16.85453 E1465.24812
G1 F2400.0 E1460.24812 ; Retraction
G0 F7200.0 X-6.90004 Y-15.81525
G1 F2400.0 E1465.24812 ; Reversed Retraction
G1 F3000.0 X6.90004 Y-23.78273 E1465.77812
G1 F2400.0 E1460.77812 ; Retraction
G0 F7200.0 X6.90004 Y-22.74345
G1 F2400.0 E1465.77812 ; Reversed Retraction
G1 F3000.0 X2.12906 Y-25.49798 E1465.96135
G1 F2400.0 E1460.96135 ; Retraction
G0 F7200.0 X0.0 Y-25.49798
G1 F2400.0 E1465.96135 ; Reversed Retraction
G1 F3000.0 X0.0 Y-10.52742 E1466.45927
G1 F2400.0 E1461.45927 ; Retraction
G0 F7200.0 X-4.05884 Y-10.52742
G1 F2400.0 E1466.45927 ; Reversed Retraction
G1 F3000.0 X6.90004 Y-16.85453 E1466.88016
G1 F2400.0 E1461.88016 ; Retraction
G0 F7200.0 X6.90004 Y-15.81525
G1 F2400.0 E1466.88016 ; Reversed Retraction
G1 F3000.0 X-6.90004 Y-23.78273 E1467.41015
G1 F2400.0 E1462.41015 ; Retraction
G0 F7200.0 X-6.0 Y-25.49798
G1 F2400.0 E1467.41015 ; Reversed Retraction
G1 F3000.0 X-6.0 Y-10.52742 E1467.90808
G1 F2400.0 E1462.90808 ; Retraction
G0 F7200.0 X-6.90004 Y-22.74345
G1 F2400.0 E1467.90808 ; Reversed Retraction
G1 F3000.0 X-2.12906 Y-25.49798 E1468.09131
;Layer 66
G0 F1440.0 Z33.19899
;Shell(s)
G1 F2400.0 E1463.09131 ; Retraction
G0 F7200.0 X7.3 Y-26.09798
G1 F2400.0 E1468.09131 ; Reversed Retraction
G1 F3000.0 X5.09548 Y-26.09798 E1468.16463
G1 F3000.0 X-7.3 Y-26.09798 E1468.57691
G1 F3000.0 X-7.3 Y-9.52742 E1469.12805
G1 F3000.0 X7.3 Y-9.52742 E1469.61364
G1 F3000.0 X7.3 Y-26.09798 E1470.16478
G1 F2400.0 E1465.16478 ; Retraction
G0 F7200.0 X6.9 Y-25.69798
G1 F2400.0 E1470.16478 ; Reversed Retraction
G1 F3000.0 X5.09548 Y-25.69798 E1470.2248
G1 F3000.0 X-6.9 Y-25.69798 E1470.62377
G1 F3000.0 X-6.9 Y-9.92742 E1471.1483
G1 F3000.0 X6.9 Y-9.92742 E1471.60729
G1 F3000.0 X6.9 Y-25.69798 E1472.13183
;Internal Infill
G1 F2400.0 E1467.13183 ; Retraction
G0 F7200.0 X6.0 Y-25.29798
G1 F2400.0 E1472.13183 ; Reversed Retraction
G1 F3000.0 X6.0 Y-10.32742 E1472.62975
G1 F2400.0 E1467.62975 ; Retraction
G0 F7200.0 X4.40525 Y-10.32742
G1 F2400.0 E1472.62975 ; Reversed Retraction
G1 F3000.0 X-6.90004 Y-16.85453 E1473.06393
G1 F2400.0 E1468.06393 ; Retraction
G0 F7200.0 X-6.0 Y-10.32742
G1 F2400.0 E1473.06393 ; Reversed Retraction
G1 F3000.0 X-6.0 Y-25.29798 E1473.56186
G1 F2400.0 E1468.56186 ; Retraction
G0 F7200.0 X-6.90004 Y-23.78273
G1 F2400.0 E1473.56186 ; Reversed Retraction
G1 F3000.0 X6.90004 Y-15.81525 E1474.09186
G1 F2400.0 E1469.09186 ; Retraction
G0 F7200.0 X6.90004 Y-16.85453
G1 F2400.0 E1474.09186 ; Reversed Retraction
G1 F3000.0 X-4.40525 Y-10.32742 E1474.52604
G1 F2400.0 E1469.52604 ; Retraction
G0 F7200.0 X0.0 Y-10.32742
G1 F2400.0 E1474.52604 ; Reversed Retraction
G1 F3000.0 X0.0 Y-25.29798 E1475.02396
G1 F2400.0 E1470.02396 ; Retraction
G0 F7200.0 X-2.47547 Y-25.29798
G1 F2400.0 E1475.02396 ; Reversed Retraction
G1 F3000.0 X-6.90004 Y-22.74345 E1475.19389
G1 F2400.0 E1470.19389 ; Retraction
G0 F7200.0 X-6.90004 Y-15.81525
G1 F2400.0 E1475.19389 ; Reversed Retraction
G1 F3000.0 X6.90004 Y-23.78273 E1475.72389
G1 F2400.0 E1470.72389 ; Retraction
G0 F7200.0 X6.90004 Y-22.74345
G1 F2400.0 E1475.72389 ; Reversed Retraction
G1 F3000.0 X2.47547 Y-25.29798 E1475.89382
;Layer 67
G0 F1440.0 Z33.39899
;Shell(s)
G1 F2400.0 E1470.89382 ; Retraction
G0 F7200.0 X7.3 Y-25.89798
G1 F2400.0 E1475.89382 ; Reversed Retraction
G1 F3000.0 X4.95406 Y-25.89798 E1475.97184
G1 F3000.0 X-7.3 Y-25.89798 E1476.37942
G1 F3000.0 X-7.3 Y-9.32742 E1476.93055
G1 F3000.0 X7.3 Y-9.32742 E1477.41615
G1 F3000.0 X7.3 Y-25.89798 E1477.96729
G1 F2400.0 E1472.96729 ; Retraction
G0 F7200.0 X6.9 Y-25.49798
G1 F2400.0 E1477.96729 ; Reversed Retraction
G1 F3000.0 X4.95406 Y-25.49798 E1478.03201
G1 F3000.0 X-6.9 Y-25.49798 E1478.42628
G1 F3000.0 X-6.9 Y-9.72742 E1478.95081
G1 F3000.0 X6.9 Y-9.72742 E1479.4098
G1 F3000.0 X6.9 Y-25.49798 E1479.93433
;Internal Infill
G1 F2400.0 E1474.93433 ; Retraction
G0 F7200.0 X6.0 Y-25.09798
G1 F2400.0 E1479.93433 ; Reversed Retraction
G1 F3000.0 X6.0 Y-10.12742 E1480.43226
G1 F2400.0 E1475.43226 ; Retraction
G0 F7200.0 X4.75166 Y-10.12742
G1 F2400.0 E1480.43226 ; Reversed Retraction
G1 F3000.0 X-6.90004 Y-16.85453 E1480.87975
G1 F2400.0 E1475.87975 ; Retraction
G0 F7200.0 X-6.90004 Y-15.81525
G1 F2400.0 E1480.87975 ; Reversed Retraction
G1 F3000.0 X6.90004 Y-23.78273 E1481.40974
G1 F2400.0 E1476.40974 ; Retraction
G0 F7200.0 X6.90004 Y-22.74345
G1 F2400.0 E1481.40974 ; Reversed Retraction
G1 F3000.0 X2.82188 Y-25.09798 E1481.56637
G1 F2400.0 E1476.56637 ; Retraction
G0 F7200.0 X0.0 Y-25.09798
G1 F2400.0 E1481.56637 ; Reversed Retraction
G1 F3000.0 X0.0 Y-10.12742 E1482.06429
G1 F2400.0 E1477.06429 ; Retraction
G0 F7200.0 X-4.75166 Y-10.12742
G1 F2400.0 E1482.06429 ; Reversed Retraction
G1 F3000.0 X6.90004 Y-16.85453 E1482.51178
G1 F2400.0 E1477.51178 ; Retraction
G0 F7200.0 X6.90004 Y-15.81525
G1 F2400.0 E1482.51178 ; Reversed Retraction
G1 F3000.0 X-6.90004 Y-23.78273 E1483.04178
G1 F2400.0 E1478.04178 ; Retraction
G0 F7200.0 X-6.90004 Y-22.74345
G1 F2400.0 E1483.04178 ; Reversed Retraction
G1 F3000.0 X-2.82188 Y-25.09798 E1483.1984
G1 F2400.0 E1478.1984 ; Retraction
G0 F7200.0 X-6.0 Y-25.09798
G1 F2400.0 E1483.1984 ; Reversed Retraction
G1 F3000.0 X-6.0 Y-10.12742 E1483.69633
;Layer 68
G0 F1440.0 Z33.59899
;Shell(s)
G1 F2400.0 E1478.69633 ; Retraction
G0 F7200.0 X7.3 Y-25.69798
G1 F2400.0 E1483.69633 ; Reversed Retraction
G1 F3000.0 X-7.3 Y-25.69798 E1484.18192
G1 F3000.0 X-7.3 Y-9.12742 E1484.73306
G1 F3000.0 X7.3 Y-9.12742 E1485.21866
G1 F3000.0 X7.3 Y-25.69798 E1485.7698
G1 F2400.0 E1480.7698 ; Retraction
G0 F7200.0 X6.9 Y-25.29798
G1 F2400.0 E1485.7698 ; Reversed Retraction
G1 F3000.0 X-6.9 Y-25.29798 E1486.22879
G1 F3000.0 X-6.9 Y-9.52742 E1486.75332
G1 F3000.0 X6.9 Y-9.52742 E1487.21231
G1 F3000.0 X6.9 Y-25.29798 E1487.73684
;Internal Infill
G1 F2400.0 E1482.73684 ; Retraction
G0 F7200.0 X6.0 Y-24.89798
G1 F2400.0 E1487.73684 ; Reversed Retraction
G1 F3000.0 X6.0 Y-9.92742 E1488.23476
G1 F2400.0 E1483.23476 ; Retraction
G0 F7200.0 X5.09807 Y-9.92742
G1 F2400.0 E1488.23476 ; Reversed Retraction
G1 F3000.0 X-6.90004 Y-16.85453 E1488.69556
G1 F2400.0 E1483.69556 ; Retraction
G0 F7200.0 X-6.90004 Y-15.81525
G1 F2400.0 E1488.69556 ; Reversed Retraction
G1 F3000.0 X6.90004 Y-23.78273 E1489.22556
G1 F2400.0 E1484.22556 ; Retraction
G0 F7200.0 X6.90004 Y-22.74345
G1 F2400.0 E1489.22556 ; Reversed Retraction
G1 F3000.0 X3.16829 Y-24.89798 E1489.36888
G1 F2400.0 E1484.36888 ; Retraction
G0 F7200.0 X0.0 Y-24.89798
G1 F2400.0 E1489.36888 ; Reversed Retraction
G1 F3000.0 X0.0 Y-9.92742 E1489.8668
G1 F2400.0 E1484.8668 ; Retraction
G0 F7200.0 X-5.09807 Y-9.92742
G1 F2400.0 E1489.8668 ; Reversed Retraction
G1 F3000.0 X6.90004 Y-16.85453 E1490.32759
G1 F2400.0 E1485.32759 ; Retraction
G0 F7200.0 X6.90004 Y-15.81525
G1 F2400.0 E1490.32759 ; Reversed Retraction
G1 F3000.0 X-6.90004 Y-23.78273 E1490.85759
G1 F2400.0 E1485.85759 ; Retraction
G0 F7200.0 X-6.90004 Y-22.74345
G1 F2400.0 E1490.85759 ; Reversed Retraction
G1 F3000.0 X-3.16829 Y-24.89798 E1491.00091
G1 F2400.0 E1486.00091 ; Retraction
G0 F7200.0 X-6.0 Y-24.89798
G1 F2400.0 E1491.00091 ; Reversed Retraction
G1 F3000.0 X-6.0 Y-9.92742 E1491.49883
;Layer 69
G0 F1440.0 Z33.79899
;Shell(s)
G1 F2400.0 E1486.49883 ; Retraction
G0 F7200.0 X7.3 Y-25.49798
G1 F2400.0 E1491.49883 ; Reversed Retraction
G1 F3000.0 X4.67122 Y-25.49798 E1491.58627
G1 F3000.0 X-7.3 Y-25.49798 E1491.98443
G1 F3000.0 X-7.3 Y-8.92742 E1492.53557
G1 F3000.0 X0.72829 Y-8.92742 E1492.80259
G1 F3000.0 X7.3 Y-8.92742 E1493.02117
G1 F3000.0 X7.3 Y-25.49798 E1493.57231
G1 F2400.0 E1488.57231 ; Retraction
G0 F7200.0 X6.9 Y-25.09798
G1 F2400.0 E1493.57231 ; Reversed Retraction
G1 F3000.0 X4.67122 Y-25.09798 E1493.64644
G1 F3000.0 X-6.9 Y-25.09798 E1494.0313
G1 F3000.0 X-6.9 Y-9.32742 E1494.55583
G1 F3000.0 X0.72829 Y-9.32742 E1494.80955
G1 F3000.0 X6.9 Y-9.32742 E1495.01482
G1 F3000.0 X6.9 Y-25.09798 E1495.53935
;Internal Infill
G1 F2400.0 E1490.53935 ; Retraction
G0 F7200.0 X6.0 Y-24.69798
G1 F2400.0 E1495.53935 ; Reversed Retraction
G1 F3000.0 X6.0 Y-9.72742 E1496.03727
G1 F2400.0 E1491.03727 ; Retraction
G0 F7200.0 X5.44448 Y-9.72742
G1 F2400.0 E1496.03727 ; Reversed Retraction
G1 F3000.0 X-6.90004 Y-16.85453 E1496.51137
G1 F2400.0 E1491.51137 ; Retraction
G0 F7200.0 X-6.0 Y-9.72742
G1 F2400.0 E1496.51137 ; Reversed Retraction
G1 F3000.0 X-6.0 Y-24.69798 E1497.00929
G1 F2400.0 E1492.00929 ; Retraction
G0 F7200.0 X-6.90004 Y-22.74345
G1 F2400.0 E1497.00929 ; Reversed Retraction
G1 F3000.0 X-3.5147 Y-24.69798 E1497.13931
G1 F2400.0 E1492.13931 ; Retraction
G0 F7200.0 X-6.90004 Y-23.78273
G1 F2400.0 E1497.13931 ; Reversed Retraction
G1 F3000.0 X6.90004 Y-15.81525 E1497.66931
G1 F2400.0 E1492.66931 ; Retraction
G0 F7200.0 X6.90004 Y-16.85453
G1 F2400.0 E1497.66931 ; Reversed Retraction
G1 F3000.0 X-5.44448 Y-9.72742 E1498.14341
G1 F2400.0 E1493.14341 ; Retraction
G0 F7200.0 X0.0 Y-9.72742
G1 F2400.0 E1498.14341 ; Reversed Retraction
G1 F3000.0 X0.0 Y-24.69798 E1498.64133
G1 F2400.0 E1493.64133 ; Retraction
G0 F7200.0 X3.5147 Y-24.69798
G1 F2400.0 E1498.64133 ; Reversed Retraction
G1 F3000.0 X6.90004 Y-22.74345 E1498.77134
G1 F2400.0 E1493.77134 ; Retraction
G0 F7200.0 X6.90004 Y-23.78273
G1 F2400.0 E1498.77134 ; Reversed Retraction
G1 F3000.0 X-6.90004 Y-15.81525 E1499.30134
;Layer 70
G0 F1440.0 Z33.99899
;Shell(s)
G1 F2400.0 E1494.30134 ; Retraction
G0 F7200.0 X7.3 Y-25.29798
G1 F2400.0 E1499.30134 ; Reversed Retraction
G1 F3000.0 X-7.3 Y-25.29798 E1499.78694
G1 F3000.0 X-7.3 Y-8.72742 E1500.33808
G1 F3000.0 X0.53973 Y-8.72742 E1500.59883
G1 F3000.0 X7.3 Y-8.72742 E1500.82368
G1 F3000.0 X7.3 Y-25.29798 E1501.37482
G1 F2400.0 E1496.37482 ; Retraction
G0 F7200.0 X6.9 Y-24.89798
G1 F2400.0 E1501.37482 ; Reversed Retraction
G1 F3000.0 X-6.9 Y-24.89798 E1501.83381
G1 F3000.0 X-6.9 Y-9.12742 E1502.35834
G1 F3000.0 X0.53973 Y-9.12742 E1502.60578
G1 F3000.0 X6.9 Y-9.12742 E1502.81733
G1 F3000.0 X6.9 Y-24.89798 E1503.34186
;Internal Infill
G1 F2400.0 E1498.34186 ; Retraction
G0 F7200.0 X6.0 Y-24.49798
G1 F2400.0 E1503.34186 ; Reversed Retraction
G1 F3000.0 X6.0 Y-9.52742 E1503.83978
G1 F2400.0 E1498.83978 ; Retraction
G0 F7200.0 X5.79089 Y-9.52742
G1 F2400.0 E1503.83978 ; Reversed Retraction
G1 F3000.0 X-6.90004 Y-16.85453 E1504.32718
G1 F2400.0 E1499.32718 ; Retraction
G0 F7200.0 X-6.90004 Y-15.81525
G1 F2400.0 E1504.32718 ; Reversed Retraction
G1 F3000.0 X6.90004 Y-23.78273 E1504.85718
G1 F2400.0 E1499.85718 ; Retraction
G0 F7200.0 X6.90004 Y-22.74345
G1 F2400.0 E1504.85718 ; Reversed Retraction
G1 F3000.0 X3.86111 Y-24.49798 E1504.97389
G1 F2400.0 E1499.97389 ; Retraction
G0 F7200.0 X0.0 Y-24.49798
G1 F2400.0 E1504.97389 ; Reversed Retraction
G1 F3000.0 X0.0 Y-9.52742 E1505.47182
G1 F2400.0 E1500.47182 ; Retraction
G0 F7200.0 X-5.79089 Y-9.52742
G1 F2400.0 E1505.47182 ; Reversed Retraction
G1 F3000.0 X6.90004 Y-16.85453 E1505.95922
G1 F2400.0 E1500.95922 ; Retraction
G0 F7200.0 X6.90004 Y-15.81525
G1 F2400.0 E1505.95922 ; Reversed Retraction
G1 F3000.0 X-6.90004 Y-23.78273 E1506.48922
G1 F2400.0 E1501.48922 ; Retraction
G0 F7200.0 X-6.90004 Y-22.74345
G1 F2400.0 E1506.48922 ; Reversed Retraction
G1 F3000.0 X-3.86111 Y-24.49798 E1506.60593
G1 F2400.0 E1501.60593 ; Retraction
G0 F7200.0 X-6.0 Y-24.49798
G1 F2400.0 E1506.60593 ; Reversed Retraction
G1 F3000.0 X-6.0 Y-9.52742 E1507.10385
;Layer 71
G0 F1440.0 Z34.19899
;Shell(s)
G1 F2400.0 E1502.10385 ; Retraction
G0 F7200.0 X7.3 Y-25.09798
G1 F2400.0 E1507.10385 ; Reversed Retraction
G1 F3000.0 X-7.3 Y-25.09798 E1507.58945
G1 F3000.0 X-7.3 Y-8.52742 E1508.14059
G1 F3000.0 X7.3 Y-8.52742 E1508.62619
G1 F3000.0 X7.3 Y-25.09798 E1509.17733
G1 F2400.0 E1504.17733 ; Retraction
G0 F7200.0 X6.9 Y-24.69798
G1 F2400.0 E1509.17733 ; Reversed Retraction
G1 F3000.0 X-6.9 Y-24.69798 E1509.63631
G1 F3000.0 X-6.9 Y-8.92742 E1510.16085
G1 F3000.0 X6.9 Y-8.92742 E1510.61984
G1 F3000.0 X6.9 Y-24.69798 E1511.14437
;Internal Infill
G1 F2400.0 E1506.14437 ; Retraction
G0 F7200.0 X6.90004 Y-23.78273
G1 F2400.0 E1511.14437 ; Reversed Retraction
G1 F3000.0 X-6.90004 Y-15.81525 E1511.67437
G1 F2400.0 E1506.67437 ; Retraction
G0 F7200.0 X-6.90004 Y-16.85453
G1 F2400.0 E1511.67437 ; Reversed Retraction
G1 F3000.0 X6.1373 Y-9.32742 E1512.17507
G1 F2400.0 E1507.17507 ; Retraction
G0 F7200.0 X6.0 Y-9.32742
G1 F2400.0 E1512.17507 ; Reversed Retraction
G1 F3000.0 X6.0 Y-24.29798 E1512.67299
G1 F2400.0 E1507.67299 ; Retraction
G0 F7200.0 X4.20752 Y-24.29798
G1 F2400.0 E1512.67299 ; Reversed Retraction
G1 F3000.0 X6.90004 Y-22.74345 E1512.7764
G1 F2400.0 E1507.7764 ; Retraction
G0 F7200.0 X6.90004 Y-16.85453
G1 F2400.0 E1512.7764 ; Reversed Retraction
G1 F3000.0 X-6.1373 Y-9.32742 E1513.27711
G1 F2400.0 E1508.27711 ; Retraction
G0 F7200.0 X-5.8627 Y-9.32742
G1 F2400.0 E1513.27711 ; Reversed Retraction
G1 F3000.0 X-6.90004 Y-9.92632 E1513.31695
G1 F2400.0 E1508.31695 ; Retraction
G0 F7200.0 X-6.0 Y-9.32742
G1 F2400.0 E1513.31695 ; Reversed Retraction
G1 F3000.0 X-6.0 Y-24.29798 E1513.81487
G1 F2400.0 E1508.81487 ; Retraction
G0 F7200.0 X-6.90004 Y-23.78273
G1 F2400.0 E1513.81487 ; Reversed Retraction
G1 F3000.0 X6.90004 Y-15.81525 E1514.34487
G1 F2400.0 E1509.34487 ; Retraction
G0 F7200.0 X6.90004 Y-9.92632
G1 F2400.0 E1514.34487 ; Reversed Retraction
G1 F3000.0 X5.8627 Y-9.32742 E1514.38471
G1 F2400.0 E1509.38471 ; Retraction
G0 F7200.0 X0.0 Y-9.32742
G1 F2400.0 E1514.38471 ; Reversed Retraction
G1 F3000.0 X0.0 Y-24.29798 E1514.88263
G1 F2400.0 E1509.88263 ; Retraction
G0 F7200.0 X-4.20752 Y-24.29798
G1 F2400.0 E1514.88263 ; Reversed Retraction
G1 F3000.0 X-6.90004 Y-22.74345 E1514.98604
;Layer 72
G0 F1440.0 Z34.39899
;Shell(s)
G1 F2400.0 E1509.98604 ; Retraction
G0 F7200.0 X7.3 Y-24.89798
G1 F2400.0 E1514.98604 ; Reversed Retraction
G1 F3000.0 X-7.3 Y-24.89798 E1515.47164
G1 F3000.0 X-7.3 Y-8.32742 E1516.02278
G1 F3000.0 X0.1626 Y-8.32742 E1516.27098
G1 F3000.0 X7.3 Y-8.32742 E1516.50837
G1 F3000.0 X7.3 Y-24.89798 E1517.05951
G1 F2400.0 E1512.05951 ; Retraction
G0 F7200.0 X6.9 Y-24.49798
G1 F2400.0 E1517.05951 ; Reversed Retraction
G1 F3000.0 X-6.9 Y-24.49798 E1517.5185
G1 F3000.0 X-6.9 Y-8.72742 E1518.04303
G1 F3000.0 X0.1626 Y-8.72742 E1518.27794
G1 F3000.0 X6.9 Y-8.72742 E1518.50202
G1 F3000.0 X6.9 Y-24.49798 E1519.02655
;Internal Infill
G1 F2400.0 E1514.02655 ; Retraction
G0 F7200.0 X6.90004 Y-23.78273
G1 F2400.0 E1519.02655 ; Reversed Retraction
G1 F3000.0 X-6.90004 Y-15.81525 E1519.55655
G1 F2400.0 E1514.55655 ; Retraction
G0 F7200.0 X-6.90004 Y-16.85453
G1 F2400.0 E1519.55655 ; Reversed Retraction
G1 F3000.0 X6.48371 Y-9.12742 E1520.07056
G1 F2400.0 E1515.07056 ; Retraction
G0 F7200.0 X6.90004 Y-9.92632
G1 F2400.0 E1520.07056 ; Reversed Retraction
G1 F3000.0 X5.51629 Y-9.12742 E1520.12371
G1 F2400.0 E1515.12371 ; Retraction
G0 F7200.0 X6.0 Y-9.12742
G1 F2400.0 E1520.12371 ; Reversed Retraction
G1 F3000.0 X6.0 Y-24.09798 E1520.62163
G1 F2400.0 E1515.62163 ; Retraction
G0 F7200.0 X4.55393 Y-24.09798
G1 F2400.0 E1520.62163 ; Reversed Retraction
G1 F3000.0 X6.90004 Y-22.74345 E1520.71173
G1 F2400.0 E1515.71173 ; Retraction
G0 F7200.0 X6.90004 Y-16.85453
G1 F2400.0 E1520.71173 ; Reversed Retraction
G1 F3000.0 X-6.48371 Y-9.12742 E1521.22574
G1 F2400.0 E1516.22574 ; Retraction
G0 F7200.0 X-6.0 Y-9.12742
G1 F2400.0 E1521.22574 ; Reversed Retraction
G1 F3000.0 X-6.0 Y-24.09798 E1521.72366
G1 F2400.0 E1516.72366 ; Retraction
G0 F7200.0 X-4.55393 Y-24.09798
G1 F2400.0 E1521.72366 ; Reversed Retraction
G1 F3000.0 X-6.90004 Y-22.74345 E1521.81377
G1 F2400.0 E1516.81377 ; Retraction
G0 F7200.0 X-6.90004 Y-23.78273
G1 F2400.0 E1521.81377 ; Reversed Retraction
G1 F3000.0 X6.90004 Y-15.81525 E1522.34377
G1 F2400.0 E1517.34377 ; Retraction
G0 F7200.0 X0.0 Y-9.12742
G1 F2400.0 E1522.34377 ; Reversed Retraction
G1 F3000.0 X0.0 Y-24.09798 E1522.84169
G1 F2400.0 E1517.84169 ; Retraction
G0 F7200.0 X-6.90004 Y-9.92632
G1 F2400.0 E1522.84169 ; Reversed Retraction
G1 F3000.0 X-5.51629 Y-9.12742 E1522.89483
;Layer 73
G0 F1440.0 Z34.59899
;Shell(s)
G1 F2400.0 E1517.89483 ; Retraction
G0 F7200.0 X7.3 Y-24.69798
G1 F2400.0 E1522.89483 ; Reversed Retraction
G1 F3000.0 X4.10553 Y-24.69798 E1523.00108
G1 F3000.0 X-7.3 Y-24.69798 E1523.38043
G1 F3000.0 X-7.3 Y-8.12742 E1523.93157
G1 F3000.0 X7.3 Y-8.12742 E1524.41717
G1 F3000.0 X7.3 Y-24.69798 E1524.96831
G1 F2400.0 E1519.96831 ; Retraction
G0 F7200.0 X6.9 Y-24.29798
G1 F2400.0 E1524.96831 ; Reversed Retraction
G1 F3000.0 X4.10553 Y-24.29798 E1525.06125
G1 F3000.0 X-6.9 Y-24.29798 E1525.4273
G1 F3000.0 X-6.9 Y-8.52742 E1525.95183
G1 F3000.0 X6.9 Y-8.52742 E1526.41082
G1 F3000.0 X6.9 Y-24.29798 E1526.93535
;Internal Infill
G1 F2400.0 E1521.93535 ; Retraction
G0 F7200.0 X6.90004 Y-23.78273
G1 F2400.0 E1526.93535 ; Reversed Retraction
G1 F3000.0 X-6.90004 Y-15.81525 E1527.46535
G1 F2400.0 E1522.46535 ; Retraction
G0 F7200.0 X-6.90004 Y-16.85453
G1 F2400.0 E1527.46535 ; Reversed Retraction
G1 F3000.0 X6.83012 Y-8.92742 E1527.99266
G1 F2400.0 E1522.99266 ; Retraction
G0 F7200.0 X6.90004 Y-9.92632
G1 F2400.0 E1527.99266 ; Reversed Retraction
G1 F3000.0 X5.16988 Y-8.92742 E1528.05911
G1 F2400.0 E1523.05911 ; Retraction
G0 F7200.0 X6.0 Y-8.92742
G1 F2400.0 E1528.05911 ; Reversed Retraction
G1 F3000.0 X6.0 Y-23.89798 E1528.55703
G1 F2400.0 E1523.55703 ; Retraction
G0 F7200.0 X4.90034 Y-23.89798
G1 F2400.0 E1528.55703 ; Reversed Retraction
G1 F3000.0 X6.90004 Y-22.74345 E1528.63383
G1 F2400.0 E1523.63383 ; Retraction
G0 F7200.0 X6.90004 Y-16.85453
G1 F2400.0 E1528.63383 ; Reversed Retraction
G1 F3000.0 X-6.83012 Y-8.92742 E1529.16114
G1 F2400.0 E1524.16114 ; Retraction
G0 F7200.0 X-6.90004 Y-9.92632
G1 F2400.0 E1529.16114 ; Reversed Retraction
G1 F3000.0 X-5.16988 Y-8.92742 E1529.22759
G1 F2400.0 E1524.22759 ; Retraction
G0 F7200.0 X-6.0 Y-8.92742
G1 F2400.0 E1529.22759 ; Reversed Retraction
G1 F3000.0 X-6.0 Y-23.89798 E1529.72552
G1 F2400.0 E1524.72552 ; Retraction
G0 F7200.0 X-4.90034 Y-23.89798
G1 F2400.0 E1529.72552 ; Reversed Retraction
G1 F3000.0 X-6.90004 Y-22.74345 E1529.80231
G1 F2400.0 E1524.80231 ; Retraction
G0 F7200.0 X-6.90004 Y-23.78273
G1 F2400.0 E1529.80231 ; Reversed Retraction
G1 F3000.0 X6.90004 Y-15.81525 E1530.33231
G1 F2400.0 E1525.33231 ; Retraction
G0 F7200.0 X0.0 Y-8.92742
G1 F2400.0 E1530.33231 ; Reversed Retraction
G1 F3000.0 X0.0 Y-23.89798 E1530.83024
;Layer 74
G0 F1440.0 Z34.79899
;Shell(s)
G1 F2400.0 E1525.83024 ; Retraction
G0 F7200.0 X7.3 Y-24.49798
G1 F2400.0 E1530.83024 ; Reversed Retraction
G1 F3000.0 X3.96411 Y-24.49798 E1530.94119
G1 F3000.0 X-7.3 Y-24.49798 E1531.31583
G1 F3000.0 X-7.3 Y-7.92742 E1531.86697
G1 F3000.0 X-0.21452 Y-7.92742 E1532.10264
G1 F3000.0 X7.3 Y-7.92742 E1532.35257
G1 F3000.0 X7.3 Y-24.49798 E1532.90371
G1 F2400.0 E1527.90371 ; Retraction
G0 F7200.0 X6.9 Y-24.09798
G1 F2400.0 E1532.90371 ; Reversed Retraction
G1 F3000.0 X3.96411 Y-24.09798 E1533.00136
G1 F3000.0 X-6.9 Y-24.09798 E1533.3627
G1 F3000.0 X-6.9 Y-8.32742 E1533.88723
G1 F3000.0 X-0.21452 Y-8.32742 E1534.10959
G1 F3000.0 X6.9 Y-8.32742 E1534.34622
G1 F3000.0 X6.9 Y-24.09798 E1534.87075
;Internal Infill
G1 F2400.0 E1529.87075 ; Retraction
G0 F7200.0 X6.75325 Y-23.69798
G1 F2400.0 E1534.87075 ; Reversed Retraction
G1 F3000.0 X-6.90004 Y-15.81525 E1535.39511
G1 F2400.0 E1530.39511 ; Retraction
G0 F7200.0 X-6.90004 Y-16.85453
G1 F2400.0 E1535.39511 ; Reversed Retraction
G1 F3000.0 X6.90004 Y-8.88705 E1535.92511
G1 F2400.0 E1530.92511 ; Retraction
G0 F7200.0 X6.90004 Y-9.92632
G1 F2400.0 E1535.92511 ; Reversed Retraction
G1 F3000.0 X4.82347 Y-8.72742 E1536.00486
G1 F2400.0 E1531.00486 ; Retraction
G0 F7200.0 X6.0 Y-8.72742
G1 F2400.0 E1536.00486 ; Reversed Retraction
G1 F3000.0 X6.0 Y-23.69798 E1536.50279
G1 F2400.0 E1531.50279 ; Retraction
G0 F7200.0 X5.24675 Y-23.69798
G1 F2400.0 E1536.50279 ; Reversed Retraction
G1 F3000.0 X6.90004 Y-22.74345 E1536.56628
G1 F2400.0 E1531.56628 ; Retraction
G0 F7200.0 X6.90004 Y-16.85453
G1 F2400.0 E1536.56628 ; Reversed Retraction
G1 F3000.0 X-6.90004 Y-8.88705 E1537.09628
G1 F2400.0 E1532.09628 ; Retraction
G0 F7200.0 X-6.90004 Y-9.92632
G1 F2400.0 E1537.09628 ; Reversed Retraction
G1 F3000.0 X-4.82347 Y-8.72742 E1537.17603
G1 F2400.0 E1532.17603 ; Retraction
G0 F7200.0 X-6.0 Y-8.72742
G1 F2400.0 E1537.17603 ; Reversed Retraction
G1 F3000.0 X-6.0 Y-23.69798 E1537.67396
G1 F2400.0 E1532.67396 ; Retraction
G0 F7200.0 X-5.24675 Y-23.69798
G1 F2400.0 E1537.67396 ; Reversed Retraction
G1 F3000.0 X-6.90004 Y-22.74345 E1537.73745
G1 F2400.0 E1532.73745 ; Retraction
G0 F7200.0 X-6.75325 Y-23.69798
G1 F2400.0 E1537.73745 ; Reversed Retraction
G1 F3000.0 X6.90004 Y-15.81525 E1538.26181
G1 F2400.0 E1533.26181 ; Retraction
G0 F7200.0 X0.0 Y-8.72742
G1 F2400.0 E1538.26181 ; Reversed Retraction
G1 F3000.0 X0.0 Y-23.69798 E1538.75974
;Layer 75
G0 F1440.0 Z34.99899
;Shell(s)
G1 F2400.0 E1533.75974 ; Retraction
G0 F7200.0 X7.3 Y-24.29798
G1 F2400.0 E1538.75974 ; Reversed Retraction
G1 F3000.0 X3.82269 Y-24.29798 E1538.87539
G1 F3000.0 X-7.3 Y-24.29798 E1539.24533
G1 F3000.0 X-7.3 Y-7.72742 E1539.79647
G1 F3000.0 X-0.40308 Y-7.72742 E1540.02586
G1 F3000.0 X7.3 Y-7.72742 E1540.28207
G1 F3000.0 X7.3 Y-24.29798 E1540.83321
G1 F2400.0 E1535.83321 ; Retraction
G0 F7200.0 X6.9 Y-23.89798
G1 F2400.0 E1540.83321 ; Reversed Retraction
G1 F3000.0 X3.82269 Y-23.89798 E1540.93556
G1 F3000.0 X-6.9 Y-23.89798 E1541.2922
G1 F3000.0 X-6.9 Y-8.12742 E1541.81673
G1 F3000.0 X-0.40308 Y-8.12742 E1542.03282
G1 F3000.0 X6.9 Y-8.12742 E1542.27572
G1 F3000.0 X6.9 Y-23.89798 E1542.80025
;Internal Infill
G1 F2400.0 E1537.80025 ; Retraction
G0 F7200.0 X6.40684 Y-23.49798
G1 F2400.0 E1542.80025 ; Reversed Retraction
G1 F3000.0 X-6.90004 Y-15.81525 E1543.31131
G1 F2400.0 E1538.31131 ; Retraction
G0 F7200.0 X-6.90004 Y-16.85453
G1 F2400.0 E1543.31131 ; Reversed Retraction
G1 F3000.0 X6.90004 Y-8.88705 E1543.84131
G1 F2400.0 E1538.84131 ; Retraction
G0 F7200.0 X6.90004 Y-9.92632
G1 F2400.0 E1543.84131 ; Reversed Retraction
G1 F3000.0 X4.47706 Y-8.52742 E1543.93436
G1 F2400.0 E1538.93436 ; Retraction
G0 F7200.0 X6.0 Y-8.52742
G1 F2400.0 E1543.93436 ; Reversed Retraction
G1 F3000.0 X6.0 Y-23.49798 E1544.43229
G1 F2400.0 E1539.43229 ; Retraction
G0 F7200.0 X5.59316 Y-23.49798
G1 F2400.0 E1544.43229 ; Reversed Retraction
G1 F3000.0 X6.90004 Y-22.74345 E1544.48248
G1 F2400.0 E1539.48248 ; Retraction
G0 F7200.0 X6.90004 Y-16.85453
G1 F2400.0 E1544.48248 ; Reversed Retraction
G1 F3000.0 X-6.90004 Y-8.88705 E1545.01248
G1 F2400.0 E1540.01248 ; Retraction
G0 F7200.0 X-6.90004 Y-9.92632
G1 F2400.0 E1545.01248 ; Reversed Retraction
G1 F3000.0 X-4.47706 Y-8.52742 E1545.10553
G1 F2400.0 E1540.10553 ; Retraction
G0 F7200.0 X-6.0 Y-8.52742
G1 F2400.0 E1545.10553 ; Reversed Retraction
G1 F3000.0 X-6.0 Y-23.49798 E1545.60345
G1 F2400.0 E1540.60345 ; Retraction
G0 F7200.0 X-6.40684 Y-23.49798
G1 F2400.0 E1545.60345 ; Reversed Retraction
G1 F3000.0 X6.90004 Y-15.81525 E1546.11451
G1 F2400.0 E1541.11451 ; Retraction
G0 F7200.0 X0.0 Y-8.52742
G1 F2400.0 E1546.11451 ; Reversed Retraction
G1 F3000.0 X0.0 Y-23.49798 E1546.61243
G1 F2400.0 E1541.61243 ; Retraction
G0 F7200.0 X-5.59316 Y-23.49798
G1 F2400.0 E1546.61243 ; Reversed Retraction
G1 F3000.0 X-6.90004 Y-22.74345 E1546.66263
;Layer 76
G0 F1440.0 Z35.19899
;Shell(s)
G1 F2400.0 E1541.66263 ; Retraction
G0 F7200.0 X7.3 Y-24.09798
G1 F2400.0 E1546.66263 ; Reversed Retraction
G1 F3000.0 X-7.3 Y-24.09798 E1547.14822
G1 F3000.0 X-7.3 Y-7.52742 E1547.69936
G1 F3000.0 X7.3 Y-7.52742 E1548.18496
G1 F3000.0 X7.3 Y-24.09798 E1548.7361
G1 F2400.0 E1543.7361 ; Retraction
G0 F7200.0 X6.9 Y-23.69798
G1 F2400.0 E1548.7361 ; Reversed Retraction
G1 F3000.0 X-6.9 Y-23.69798 E1549.19509
G1 F3000.0 X-6.9 Y-7.92742 E1549.71962
G1 F3000.0 X6.9 Y-7.92742 E1550.17861
G1 F3000.0 X6.9 Y-23.69798 E1550.70314
;Internal Infill
G1 F2400.0 E1545.70314 ; Retraction
G0 F7200.0 X6.90004 Y-22.74345
G1 F2400.0 E1550.70314 ; Reversed Retraction
G1 F3000.0 X5.93957 Y-23.29798 E1550.74003
G1 F2400.0 E1545.74003 ; Retraction
G0 F7200.0 X6.0 Y-23.29798
G1 F2400.0 E1550.74003 ; Reversed Retraction
G1 F3000.0 X6.0 Y-8.32742 E1551.23795
G1 F2400.0 E1546.23795 ; Retraction
G0 F7200.0 X6.90004 Y-9.92632
G1 F2400.0 E1551.23795 ; Reversed Retraction
G1 F3000.0 X4.13065 Y-8.32742 E1551.34431
G1 F2400.0 E1546.34431 ; Retraction
G0 F7200.0 X6.90004 Y-8.88705
G1 F2400.0 E1551.34431 ; Reversed Retraction
G1 F3000.0 X-6.90004 Y-16.85453 E1551.87431
G1 F2400.0 E1546.87431 ; Retraction
G0 F7200.0 X-6.0 Y-23.29798
G1 F2400.0 E1551.87431 ; Reversed Retraction
G1 F3000.0 X-6.0 Y-8.32742 E1552.37223
G1 F2400.0 E1547.37223 ; Retraction
G0 F7200.0 X-6.90004 Y-9.92632
G1 F2400.0 E1552.37223 ; Reversed Retraction
G1 F3000.0 X-4.13065 Y-8.32742 E1552.47859
G1 F2400.0 E1547.47859 ; Retraction
G0 F7200.0 X-6.90004 Y-8.88705
G1 F2400.0 E1552.47859 ; Reversed Retraction
G1 F3000.0 X6.90004 Y-16.85453 E1553.00859
G1 F2400.0 E1548.00859 ; Retraction
G0 F7200.0 X6.90004 Y-15.81525
G1 F2400.0 E1553.00859 ; Reversed Retraction
G1 F3000.0 X-6.06043 Y-23.29798 E1553.50635
G1 F2400.0 E1548.50635 ; Retraction
G0 F7200.0 X-5.93957 Y-23.29798
G1 F2400.0 E1553.50635 ; Reversed Retraction
G1 F3000.0 X-6.90004 Y-22.74345 E1553.54323
G1 F2400.0 E1548.54323 ; Retraction
G0 F7200.0 X-6.90004 Y-15.81525
G1 F2400.0 E1553.54323 ; Reversed Retraction
G1 F3000.0 X6.06043 Y-23.29798 E1554.04099
G1 F2400.0 E1549.04099 ; Retraction
G0 F7200.0 X0.0 Y-23.29798
G1 F2400.0 E1554.04099 ; Reversed Retraction
G1 F3000.0 X0.0 Y-8.32742 E1554.53891
;Layer 77
G0 F1440.0 Z35.39899
;Shell(s)
G1 F2400.0 E1549.53891 ; Retraction
G0 F7200.0 X7.3 Y-23.89798
G1 F2400.0 E1554.53891 ; Reversed Retraction
G1 F3000.0 X3.53984 Y-23.89798 E1554.66397
G1 F3000.0 X-7.3 Y-23.89798 E1555.02451
G1 F3000.0 X-7.3 Y-7.32742 E1555.57565
G1 F3000.0 X7.3 Y-7.32742 E1556.06124
G1 F3000.0 X7.3 Y-23.89798 E1556.61238
G1 F2400.0 E1551.61238 ; Retraction
G0 F7200.0 X6.9 Y-23.49798
G1 F2400.0 E1556.61238 ; Reversed Retraction
G1 F3000.0 X3.53984 Y-23.49798 E1556.72414
G1 F3000.0 X-6.9 Y-23.49798 E1557.07137
G1 F3000.0 X-6.9 Y-7.72742 E1557.5959
G1 F3000.0 X6.9 Y-7.72742 E1558.05489
G1 F3000.0 X6.9 Y-23.49798 E1558.57942
;Internal Infill
G1 F2400.0 E1553.57942 ; Retraction
G0 F7200.0 X6.0 Y-23.09798
G1 F2400.0 E1558.57942 ; Reversed Retraction
G1 F3000.0 X6.0 Y-8.12742 E1559.07735
G1 F2400.0 E1554.07735 ; Retraction
G0 F7200.0 X6.90004 Y-9.92632
G1 F2400.0 E1559.07735 ; Reversed Retraction
G1 F3000.0 X3.78424 Y-8.12742 E1559.19701
G1 F2400.0 E1554.19701 ; Retraction
G0 F7200.0 X6.90004 Y-8.88705
G1 F2400.0 E1559.19701 ; Reversed Retraction
G1 F3000.0 X-6.90004 Y-16.85453 E1559.72701
G1 F2400.0 E1554.72701 ; Retraction
G0 F7200.0 X-6.90004 Y-15.81525
G1 F2400.0 E1559.72701 ; Reversed Retraction
G1 F3000.0 X5.71402 Y-23.09798 E1560.21146
G1 F2400.0 E1555.21146 ; Retraction
G0 F7200.0 X0.0 Y-23.09798
G1 F2400.0 E1560.21146 ; Reversed Retraction
G1 F3000.0 X0.0 Y-8.12742 E1560.70938
G1 F2400.0 E1555.70938 ; Retraction
G0 F7200.0 X-3.78424 Y-8.12742
G1 F2400.0 E1560.70938 ; Reversed Retraction
G1 F3000.0 X-6.90004 Y-9.92632 E1560.82905
G1 F2400.0 E1555.82905 ; Retraction
G0 F7200.0 X-6.90004 Y-8.88705
G1 F2400.0 E1560.82905 ; Reversed Retraction
G1 F3000.0 X6.90004 Y-16.85453 E1561.35904
G1 F2400.0 E1556.35904 ; Retraction
G0 F7200.0 X6.90004 Y-15.81525
G1 F2400.0 E1561.35904 ; Reversed Retraction
G1 F3000.0 X-5.71402 Y-23.09798 E1561.84349
G1 F2400.0 E1556.84349 ; Retraction
G0 F7200.0 X-6.0 Y-23.09798
G1 F2400.0 E1561.84349 ; Reversed Retraction
G1 F3000.0 X-6.0 Y-8.12742 E1562.34142
;Layer 78
G0 F1440.0 Z35.59899
;Shell(s)
G1 F2400.0 E1557.34142 ; Retraction
G0 F7200.0 X7.3 Y-23.69798
G1 F2400.0 E1562.34142 ; Reversed Retraction
G1 F3000.0 X3.39842 Y-23.69798 E1562.47118
G1 F3000.0 X-7.3 Y-23.69798 E1562.82701
G1 F3000.0 X-7.3 Y-7.12742 E1563.37815
G1 F3000.0 X7.3 Y-7.12742 E1563.86375
G1 F3000.0 X7.3 Y-23.69798 E1564.41489
G1 F2400.0 E1559.41489 ; Retraction
G0 F7200.0 X6.9 Y-23.29798
G1 F2400.0 E1564.41489 ; Reversed Retraction
G1 F3000.0 X3.39842 Y-23.29798 E1564.53135
G1 F3000.0 X-6.9 Y-23.29798 E1564.87388
G1 F3000.0 X-6.9 Y-7.52742 E1565.39841
G1 F3000.0 X6.9 Y-7.52742 E1565.8574
G1 F3000.0 X6.9 Y-23.29798 E1566.38193
;Internal Infill
G1 F2400.0 E1561.38193 ; Retraction
G0 F7200.0 X6.0 Y-22.89798
G1 F2400.0 E1566.38193 ; Reversed Retraction
G1 F3000.0 X6.0 Y-7.92742 E1566.87986
G1 F2400.0 E1561.87986 ; Retraction
G0 F7200.0 X6.90004 Y-9.92632
G1 F2400.0 E1566.87986 ; Reversed Retraction
G1 F3000.0 X3.43783 Y-7.92742 E1567.01282
G1 F2400.0 E1562.01282 ; Retraction
G0 F7200.0 X6.90004 Y-8.88705
G1 F2400.0 E1567.01282 ; Reversed Retraction
G1 F3000.0 X-6.90004 Y-16.85453 E1567.54282
G1 F2400.0 E1562.54282 ; Retraction
G0 F7200.0 X-6.90004 Y-15.81525
G1 F2400.0 E1567.54282 ; Reversed Retraction
G1 F3000.0 X5.36761 Y-22.89798 E1568.01397
G1 F2400.0 E1563.01397 ; Retraction
G0 F7200.0 X6.90004 Y-15.81525
G1 F2400.0 E1568.01397 ; Reversed Retraction
G1 F3000.0 X-5.36761 Y-22.89798 E1568.48511
G1 F2400.0 E1563.48511 ; Retraction
G0 F7200.0 X-6.0 Y-22.89798
G1 F2400.0 E1568.48511 ; Reversed Retraction
G1 F3000.0 X-6.0 Y-7.92742 E1568.98304
G1 F2400.0 E1563.98304 ; Retraction
G0 F7200.0 X-6.90004 Y-9.92632
G1 F2400.0 E1568.98304 ; Reversed Retraction
G1 F3000.0 X-3.43783 Y-7.92742 E1569.116
G1 F2400.0 E1564.116 ; Retraction
G0 F7200.0 X-6.90004 Y-8.88705
G1 F2400.0 E1569.116 ; Reversed Retraction
G1 F3000.0 X6.90004 Y-16.85453 E1569.646
G1 F2400.0 E1564.646 ; Retraction
G0 F7200.0 X0.0 Y-22.89798
G1 F2400.0 E1569.646 ; Reversed Retraction
G1 F3000.0 X0.0 Y-7.92742 E1570.14392
;Layer 79
G0 F1440.0 Z35.79899
;Shell(s)
G1 F2400.0 E1565.14392 ; Retraction
G0 F7200.0 X7.3 Y-23.49798
G1 F2400.0 E1570.14392 ; Reversed Retraction
G1 F3000.0 X3.257 Y-23.49798 E1570.2784
G1 F3000.0 X-7.3 Y-23.49798 E1570.62952
G1 F3000.0 X-7.3 Y-6.92742 E1571.18066
G1 F3000.0 X-1.15733 Y-6.92742 E1571.38497
G1 F3000.0 X7.3 Y-6.92742 E1571.66626
G1 F3000.0 X7.3 Y-23.49798 E1572.2174
G1 F2400.0 E1567.2174 ; Retraction
G0 F7200.0 X6.9 Y-23.09798
G1 F2400.0 E1572.2174 ; Reversed Retraction
G1 F3000.0 X3.257 Y-23.09798 E1572.33857
G1 F3000.0 X-6.9 Y-23.09798 E1572.67639
G1 F3000.0 X-6.9 Y-7.32742 E1573.20092
G1 F3000.0 X-1.15733 Y-7.32742 E1573.39192
G1 F3000.0 X6.9 Y-7.32742 E1573.65991
G1 F3000.0 X6.9 Y-23.09798 E1574.18444
;Internal Infill
G1 F2400.0 E1569.18444 ; Retraction
G0 F7200.0 X6.0 Y-22.69798
G1 F2400.0 E1574.18444 ; Reversed Retraction
G1 F3000.0 X6.0 Y-7.72742 E1574.68236
G1 F2400.0 E1569.68236 ; Retraction
G0 F7200.0 X6.90004 Y-9.92632
G1 F2400.0 E1574.68236 ; Reversed Retraction
G1 F3000.0 X3.09142 Y-7.72742 E1574.82864
G1 F2400.0 E1569.82864 ; Retraction
G0 F7200.0 X6.90004 Y-8.88705
G1 F2400.0 E1574.82864 ; Reversed Retraction
G1 F3000.0 X-6.90004 Y-16.85453 E1575.35863
G1 F2400.0 E1570.35863 ; Retraction
G0 F7200.0 X-6.90004 Y-15.81525
G1 F2400.0 E1575.35863 ; Reversed Retraction
G1 F3000.0 X5.0212 Y-22.69798 E1575.81648
G1 F2400.0 E1570.81648 ; Retraction
G0 F7200.0 X6.90004 Y-15.81525
G1 F2400.0 E1575.81648 ; Reversed Retraction
G1 F3000.0 X-5.0212 Y-22.69798 E1576.27432
G1 F2400.0 E1571.27432 ; Retraction
G0 F7200.0 X-6.0 Y-22.69798
G1 F2400.0 E1576.27432 ; Reversed Retraction
G1 F3000.0 X-6.0 Y-7.72742 E1576.77224
G1 F2400.0 E1571.77224 ; Retraction
G0 F7200.0 X-6.90004 Y-9.92632
G1 F2400.0 E1576.77224 ; Reversed Retraction
G1 F3000.0 X-3.09142 Y-7.72742 E1576.91851
G1 F2400.0 E1571.91851 ; Retraction
G0 F7200.0 X-6.90004 Y-8.88705
G1 F2400.0 E1576.91851 ; Reversed Retraction
G1 F3000.0 X6.90004 Y-16.85453 E1577.44851
G1 F2400.0 E1572.44851 ; Retraction
G0 F7200.0 X0.0 Y-22.69798
G1 F2400.0 E1577.44851 ; Reversed Retraction
G1 F3000.0 X0.0 Y-7.72742 E1577.94643
;Layer 80
G0 F1440.0 Z35.99899
;Shell(s)
G1 F2400.0 E1572.94643 ; Retraction
G0 F7200.0 X7.3 Y-23.29798
G1 F2400.0 E1577.94643 ; Reversed Retraction
G1 F3000.0 X3.11558 Y-23.29798 E1578.08561
G1 F3000.0 X-7.3 Y-23.29798 E1578.43203
G1 F3000.0 X-7.3 Y-6.72742 E1578.98317
G1 F3000.0 X7.3 Y-6.72742 E1579.46877
G1 F3000.0 X7.3 Y-23.29798 E1580.01991
G1 F2400.0 E1575.01991 ; Retraction
G0 F7200.0 X6.9 Y-22.89798
G1 F2400.0 E1580.01991 ; Reversed Retraction
G1 F3000.0 X3.11558 Y-22.89798 E1580.14578
G1 F3000.0 X-6.9 Y-22.89798 E1580.4789
G1 F3000.0 X-6.9 Y-7.12742 E1581.00343
G1 F3000.0 X6.9 Y-7.12742 E1581.46242
G1 F3000.0 X6.9 Y-22.89798 E1581.98695
;Internal Infill
G1 F2400.0 E1576.98695 ; Retraction
G0 F7200.0 X6.0 Y-22.49798
G1 F2400.0 E1581.98695 ; Reversed Retraction
G1 F3000.0 X6.0 Y-7.52742 E1582.48487
G1 F2400.0 E1577.48487 ; Retraction
G0 F7200.0 X6.90004 Y-8.88705
G1 F2400.0 E1582.48487 ; Reversed Retraction
G1 F3000.0 X-6.90004 Y-16.85453 E1583.01487
G1 F2400.0 E1578.01487 ; Retraction
G0 F7200.0 X-6.0 Y-22.49798
G1 F2400.0 E1583.01487 ; Reversed Retraction
G1 F3000.0 X-6.0 Y-7.52742 E1583.51279
G1 F2400.0 E1578.51279 ; Retraction
G0 F7200.0 X-6.90004 Y-8.88705
G1 F2400.0 E1583.51279 ; Reversed Retraction
G1 F3000.0 X6.90004 Y-16.85453 E1584.04279
G1 F2400.0 E1579.04279 ; Retraction
G0 F7200.0 X6.90004 Y-15.81525
G1 F2400.0 E1584.04279 ; Reversed Retraction
G1 F3000.0 X-4.67479 Y-22.49798 E1584.48733
G1 F2400.0 E1579.48733 ; Retraction
G0 F7200.0 X-6.90004 Y-15.81525
G1 F2400.0 E1584.48733 ; Reversed Retraction
G1 F3000.0 X4.67479 Y-22.49798 E1584.93187
G1 F2400.0 E1579.93187 ; Retraction
G0 F7200.0 X0.0 Y-22.49798
G1 F2400.0 E1584.93187 ; Reversed Retraction
G1 F3000.0 X0.0 Y-7.52742 E1585.42979
G1 F2400.0 E1580.42979 ; Retraction
G0 F7200.0 X2.74501 Y-7.52742
G1 F2400.0 E1585.42979 ; Reversed Retraction
G1 F3000.0 X6.90004 Y-9.92632 E1585.58936
G1 F2400.0 E1580.58936 ; Retraction
G0 F7200.0 X-2.74501 Y-7.52742
G1 F2400.0 E1585.58936 ; Reversed Retraction
G1 F3000.0 X-6.90004 Y-9.92632 E1585.74894
;Layer 81
G0 F1440.0 Z36.19899
;Shell(s)
G1 F2400.0 E1580.74894 ; Retraction
G0 F7200.0 X7.3 Y-23.09798
G1 F2400.0 E1585.74894 ; Reversed Retraction
G1 F3000.0 X-7.3 Y-23.09798 E1586.23454
G1 F3000.0 X-7.3 Y-6.52742 E1586.78568
G1 F3000.0 X7.3 Y-6.52742 E1587.27128
G1 F3000.0 X7.3 Y-23.09798 E1587.82241
G1 F2400.0 E1582.82241 ; Retraction
G0 F7200.0 X6.9 Y-22.69798
G1 F2400.0 E1587.82241 ; Reversed Retraction
G1 F3000.0 X-6.9 Y-22.69798 E1588.2814
G1 F3000.0 X-6.9 Y-6.92742 E1588.80594
G1 F3000.0 X6.9 Y-6.92742 E1589.26493
G1 F3000.0 X6.9 Y-22.69798 E1589.78946
;Internal Infill
G1 F2400.0 E1584.78946 ; Retraction
G0 F7200.0 X6.0 Y-22.29798
G1 F2400.0 E1589.78946 ; Reversed Retraction
G1 F3000.0 X6.0 Y-7.32742 E1590.28738
G1 F2400.0 E1585.28738 ; Retraction
G0 F7200.0 X6.90004 Y-9.92632
G1 F2400.0 E1590.28738 ; Reversed Retraction
G1 F3000.0 X2.3986 Y-7.32742 E1590.46026
G1 F2400.0 E1585.46026 ; Retraction
G0 F7200.0 X0.0 Y-7.32742
G1 F2400.0 E1590.46026 ; Reversed Retraction
G1 F3000.0 X0.0 Y-22.29798 E1590.95818
G1 F2400.0 E1585.95818 ; Retraction
G0 F7200.0 X4.32838 Y-22.29798
G1 F2400.0 E1590.95818 ; Reversed Retraction
G1 F3000.0 X-6.90004 Y-15.81525 E1591.38941
G1 F2400.0 E1586.38941 ; Retraction
G0 F7200.0 X-6.90004 Y-16.85453
G1 F2400.0 E1591.38941 ; Reversed Retraction
G1 F3000.0 X6.90004 Y-8.88705 E1591.91941
G1 F2400.0 E1586.91941 ; Retraction
G0 F7200.0 X6.90004 Y-16.85453
G1 F2400.0 E1591.91941 ; Reversed Retraction
G1 F3000.0 X-6.90004 Y-8.88705 E1592.44941
G1 F2400.0 E1587.44941 ; Retraction
G0 F7200.0 X-6.90004 Y-9.92632
G1 F2400.0 E1592.44941 ; Reversed Retraction
G1 F3000.0 X-2.3986 Y-7.32742 E1592.62229
G1 F2400.0 E1587.62229 ; Retraction
G0 F7200.0 X-6.0 Y-7.32742
G1 F2400.0 E1592.62229 ; Reversed Retraction
G1 F3000.0 X-6.0 Y-22.29798 E1593.12022
G1 F2400.0 E1588.12022 ; Retraction
G0 F7200.0 X-4.32838 Y-22.29798
G1 F2400.0 E1593.12022 ; Reversed Retraction
G1 F3000.0 X6.90004 Y-15.81525 E1593.55145
;Layer 82
G0 F1440.0 Z36.39899
;Shell(s)
G1 F2400.0 E1588.55145 ; Retraction
G0 F7200.0 X7.3 Y-22.89798
G1 F2400.0 E1593.55145 ; Reversed Retraction
G1 F3000.0 X-7.3 Y-22.89798 E1594.03705
G1 F3000.0 X-7.3 Y-6.32742 E1594.58819
G1 F3000.0 X-1.72302 Y-6.32742 E1594.77368
G1 F3000.0 X7.3 Y-6.32742 E1595.07378
G1 F3000.0 X7.3 Y-22.89798 E1595.62492
G1 F2400.0 E1590.62492 ; Retraction
G0 F7200.0 X6.9 Y-22.49798
G1 F2400.0 E1595.62492 ; Reversed Retraction
G1 F3000.0 X-6.9 Y-22.49798 E1596.08391
G1 F3000.0 X-6.9 Y-6.72742 E1596.60844
G1 F3000.0 X-1.72302 Y-6.72742 E1596.78063
G1 F3000.0 X6.9 Y-6.72742 E1597.06743
G1 F3000.0 X6.9 Y-22.49798 E1597.59196
;Internal Infill
G1 F2400.0 E1592.59196 ; Retraction
G0 F7200.0 X6.0 Y-22.09798
G1 F2400.0 E1597.59196 ; Reversed Retraction
G1 F3000.0 X6.0 Y-7.12742 E1598.08989
G1 F2400.0 E1593.08989 ; Retraction
G0 F7200.0 X6.90004 Y-9.92632
G1 F2400.0 E1598.08989 ; Reversed Retraction
G1 F3000.0 X2.05219 Y-7.12742 E1598.27607
G1 F2400.0 E1593.27607 ; Retraction
G0 F7200.0 X0.0 Y-7.12742
G1 F2400.0 E1598.27607 ; Reversed Retraction
G1 F3000.0 X0.0 Y-22.09798 E1598.77399
G1 F2400.0 E1593.77399 ; Retraction
G0 F7200.0 X3.98197 Y-22.09798
G1 F2400.0 E1598.77399 ; Reversed Retraction
G1 F3000.0 X-6.90004 Y-15.81525 E1599.19192
G1 F2400.0 E1594.19192 ; Retraction
G0 F7200.0 X-6.90004 Y-16.85453
G1 F2400.0 E1599.19192 ; Reversed Retraction
G1 F3000.0 X6.90004 Y-8.88705 E1599.72192
G1 F2400.0 E1594.72192 ; Retraction
G0 F7200.0 X6.90004 Y-16.85453
G1 F2400.0 E1599.72192 ; Reversed Retraction
G1 F3000.0 X-6.90004 Y-8.88705 E1600.25192
G1 F2400.0 E1595.25192 ; Retraction
G0 F7200.0 X-6.90004 Y-9.92632
G1 F2400.0 E1600.25192 ; Reversed Retraction
G1 F3000.0 X-2.05219 Y-7.12742 E1600.4381
G1 F2400.0 E1595.4381 ; Retraction
G0 F7200.0 X-6.0 Y-7.12742
G1 F2400.0 E1600.4381 ; Reversed Retraction
G1 F3000.0 X-6.0 Y-22.09798 E1600.93603
G1 F2400.0 E1595.93603 ; Retraction
G0 F7200.0 X-3.98197 Y-22.09798
G1 F2400.0 E1600.93603 ; Reversed Retraction
G1 F3000.0 X6.90004 Y-15.81525 E1601.35396
;Layer 83
G0 F1440.0 Z36.59899
;Shell(s)
G1 F2400.0 E1596.35396 ; Retraction
G0 F7200.0 X7.3 Y-22.69798
G1 F2400.0 E1601.35396 ; Reversed Retraction
G1 F3000.0 X-7.3 Y-22.69798 E1601.83955
G1 F3000.0 X-7.3 Y-6.12742 E1602.39069
G1 F3000.0 X-1.91158 Y-6.12742 E1602.56991
G1 F3000.0 X7.3 Y-6.12742 E1602.87629
G1 F3000.0 X7.3 Y-22.69798 E1603.42743
G1 F2400.0 E1598.42743 ; Retraction
G0 F7200.0 X6.9 Y-22.29798
G1 F2400.0 E1603.42743 ; Reversed Retraction
G1 F3000.0 X-6.9 Y-22.29798 E1603.88642
G1 F3000.0 X-6.9 Y-6.52742 E1604.41095
G1 F3000.0 X-1.91158 Y-6.52742 E1604.57687
G1 F3000.0 X6.9 Y-6.52742 E1604.86994
G1 F3000.0 X6.9 Y-22.29798 E1605.39447
;Internal Infill
G1 F2400.0 E1600.39447 ; Retraction
G0 F7200.0 X6.0 Y-21.89798
G1 F2400.0 E1605.39447 ; Reversed Retraction
G1 F3000.0 X6.0 Y-6.92742 E1605.89239
G1 F2400.0 E1600.89239 ; Retraction
G0 F7200.0 X6.90004 Y-9.92632
G1 F2400.0 E1605.89239 ; Reversed Retraction
G1 F3000.0 X1.70578 Y-6.92742 E1606.09188
G1 F2400.0 E1601.09188 ; Retraction
G0 F7200.0 X0.0 Y-6.92742
G1 F2400.0 E1606.09188 ; Reversed Retraction
G1 F3000.0 X0.0 Y-21.89798 E1606.58981
G1 F2400.0 E1601.58981 ; Retraction
G0 F7200.0 X3.63556 Y-21.89798
G1 F2400.0 E1606.58981 ; Reversed Retraction
G1 F3000.0 X-6.90004 Y-15.81525 E1606.99443
G1 F2400.0 E1601.99443 ; Retraction
G0 F7200.0 X-6.0 Y-21.89798
G1 F2400.0 E1606.99443 ; Reversed Retraction
G1 F3000.0 X-6.0 Y-6.92742 E1607.49235
G1 F2400.0 E1602.49235 ; Retraction
G0 F7200.0 X-6.90004 Y-9.92632
G1 F2400.0 E1607.49235 ; Reversed Retraction
G1 F3000.0 X-1.70578 Y-6.92742 E1607.69184
G1 F2400.0 E1602.69184 ; Retraction
G0 F7200.0 X-6.90004 Y-8.88705
G1 F2400.0 E1607.69184 ; Reversed Retraction
G1 F3000.0 X6.90004 Y-16.85453 E1608.22184
G1 F2400.0 E1603.22184 ; Retraction
G0 F7200.0 X6.90004 Y-15.81525
G1 F2400.0 E1608.22184 ; Reversed Retraction
G1 F3000.0 X-3.63556 Y-21.89798 E1608.62647
G1 F2400.0 E1603.62647 ; Retraction
G0 F7200.0 X-6.90004 Y-16.85453
G1 F2400.0 E1608.62647 ; Reversed Retraction
G1 F3000.0 X6.90004 Y-8.88705 E1609.15646
;Layer 84
G0 F1440.0 Z36.79899
;Shell(s)
G1 F2400.0 E1604.15646 ; Retraction
G0 F7200.0 X7.3 Y-22.49798
G1 F2400.0 E1609.15646 ; Reversed Retraction
G1 F3000.0 X-7.3 Y-22.49798 E1609.64206
G1 F3000.0 X-7.3 Y-5.92742 E1610.1932
G1 F3000.0 X7.3 Y-5.92742 E1610.6788
G1 F3000.0 X7.3 Y-22.49798 E1611.22994
G1 F2400.0 E1606.22994 ; Retraction
G0 F7200.0 X6.9 Y-22.09798
G1 F2400.0 E1611.22994 ; Reversed Retraction
G1 F3000.0 X-6.9 Y-22.09798 E1611.68893
G1 F3000.0 X-6.9 Y-6.32742 E1612.21346
G1 F3000.0 X6.9 Y-6.32742 E1612.67245
G1 F3000.0 X6.9 Y-22.09798 E1613.19698
;Internal Infill
G1 F2400.0 E1608.19698 ; Retraction
G0 F7200.0 X6.0 Y-21.69798
G1 F2400.0 E1613.19698 ; Reversed Retraction
G1 F3000.0 X6.0 Y-6.72742 E1613.6949
G1 F2400.0 E1608.6949 ; Retraction
G0 F7200.0 X6.90004 Y-9.92632
G1 F2400.0 E1613.6949 ; Reversed Retraction
G1 F3000.0 X1.35937 Y-6.72742 E1613.90769
G1 F2400.0 E1608.90769 ; Retraction
G0 F7200.0 X0.0 Y-6.72742
G1 F2400.0 E1613.90769 ; Reversed Retraction
G1 F3000.0 X0.0 Y-21.69798 E1614.40562
G1 F2400.0 E1609.40562 ; Retraction
G0 F7200.0 X3.28915 Y-21.69798
G1 F2400.0 E1614.40562 ; Reversed Retraction
G1 F3000.0 X-6.90004 Y-15.81525 E1614.79694
G1 F2400.0 E1609.79694 ; Retraction
G0 F7200.0 X-6.90004 Y-16.85453
G1 F2400.0 E1614.79694 ; Reversed Retraction
G1 F3000.0 X6.90004 Y-8.88705 E1615.32694
G1 F2400.0 E1610.32694 ; Retraction
G0 F7200.0 X6.90004 Y-16.85453
G1 F2400.0 E1615.32694 ; Reversed Retraction
G1 F3000.0 X-6.90004 Y-8.88705 E1615.85694
G1 F2400.0 E1610.85694 ; Retraction
G0 F7200.0 X-6.90004 Y-9.92632
G1 F2400.0 E1615.85694 ; Reversed Retraction
G1 F3000.0 X-1.35937 Y-6.72742 E1616.06973
G1 F2400.0 E1611.06973 ; Retraction
G0 F7200.0 X-6.0 Y-6.72742
G1 F2400.0 E1616.06973 ; Reversed Retraction
G1 F3000.0 X-6.0 Y-21.69798 E1616.56765
G1 F2400.0 E1611.56765 ; Retraction
G0 F7200.0 X-3.28915 Y-21.69798
G1 F2400.0 E1616.56765 ; Reversed Retraction
G1 F3000.0 X6.90004 Y-15.81525 E1616.95897
;Layer 85
G0 F1440.0 Z36.99899
;Shell(s)
G1 F2400.0 E1611.95897 ; Retraction
G0 F7200.0 X7.3 Y-22.29798
G1 F2400.0 E1616.95897 ; Reversed Retraction
G1 F3000.0 X2.40847 Y-22.29798 E1617.12167
G1 F3000.0 X-7.3 Y-22.29798 E1617.44457
G1 F3000.0 X-7.3 Y-5.72742 E1617.99571
G1 F3000.0 X7.3 Y-5.72742 E1618.48131
G1 F3000.0 X7.3 Y-22.29798 E1619.03245
G1 F2400.0 E1614.03245 ; Retraction
G0 F7200.0 X6.9 Y-21.89798
G1 F2400.0 E1619.03245 ; Reversed Retraction
G1 F3000.0 X2.40847 Y-21.89798 E1619.18184
G1 F3000.0 X-6.9 Y-21.89798 E1619.49144
G1 F3000.0 X-6.9 Y-6.12742 E1620.01597
G1 F3000.0 X6.9 Y-6.12742 E1620.47496
G1 F3000.0 X6.9 Y-21.89798 E1620.99949
;Internal Infill
G1 F2400.0 E1615.99949 ; Retraction
G0 F7200.0 X6.0 Y-21.49798
G1 F2400.0 E1620.99949 ; Reversed Retraction
G1 F3000.0 X6.0 Y-6.52742 E1621.49741
G1 F2400.0 E1616.49741 ; Retraction
G0 F7200.0 X6.90004 Y-9.92632
G1 F2400.0 E1621.49741 ; Reversed Retraction
G1 F3000.0 X1.01296 Y-6.52742 E1621.72351
G1 F2400.0 E1616.72351 ; Retraction
G0 F7200.0 X0.0 Y-6.52742
G1 F2400.0 E1621.72351 ; Reversed Retraction
G1 F3000.0 X0.0 Y-21.49798 E1622.22143
G1 F2400.0 E1617.22143 ; Retraction
G0 F7200.0 X2.94274 Y-21.49798
G1 F2400.0 E1622.22143 ; Reversed Retraction
G1 F3000.0 X-6.90004 Y-15.81525 E1622.59945
G1 F2400.0 E1617.59945 ; Retraction
G0 F7200.0 X-6.90004 Y-16.85453
G1 F2400.0 E1622.59945 ; Reversed Retraction
G1 F3000.0 X6.90004 Y-8.88705 E1623.12945
G1 F2400.0 E1618.12945 ; Retraction
G0 F7200.0 X6.90004 Y-16.85453
G1 F2400.0 E1623.12945 ; Reversed Retraction
G1 F3000.0 X-6.90004 Y-8.88705 E1623.65944
G1 F2400.0 E1618.65944 ; Retraction
G0 F7200.0 X-6.90004 Y-9.92632
G1 F2400.0 E1623.65944 ; Reversed Retraction
G1 F3000.0 X-1.01296 Y-6.52742 E1623.88554
G1 F2400.0 E1618.88554 ; Retraction
G0 F7200.0 X-6.0 Y-6.52742
G1 F2400.0 E1623.88554 ; Reversed Retraction
G1 F3000.0 X-6.0 Y-21.49798 E1624.38346
G1 F2400.0 E1619.38346 ; Retraction
G0 F7200.0 X-2.94274 Y-21.49798
G1 F2400.0 E1624.38346 ; Reversed Retraction
G1 F3000.0 X6.90004 Y-15.81525 E1624.76148
;Layer 86
G0 F1440.0 Z37.19899
;Shell(s)
G1 F2400.0 E1619.76148 ; Retraction
G0 F7200.0 X7.3 Y-22.09798
G1 F2400.0 E1624.76148 ; Reversed Retraction
G1 F3000.0 X-7.3 Y-22.09798 E1625.24708
G1 F3000.0 X-7.3 Y-5.52742 E1625.79822
G1 F3000.0 X7.3 Y-5.52742 E1626.28382
G1 F3000.0 X7.3 Y-22.09798 E1626.83495
G1 F2400.0 E1621.83495 ; Retraction
G0 F7200.0 X6.9 Y-21.69798
G1 F2400.0 E1626.83495 ; Reversed Retraction
G1 F3000.0 X-6.9 Y-21.69798 E1627.29394
G1 F3000.0 X-6.9 Y-5.92742 E1627.81848
G1 F3000.0 X6.9 Y-5.92742 E1628.27746
G1 F3000.0 X6.9 Y-21.69798 E1628.802
;Internal Infill
G1 F2400.0 E1623.802 ; Retraction
G0 F7200.0 X6.0 Y-21.29798
G1 F2400.0 E1628.802 ; Reversed Retraction
G1 F3000.0 X6.0 Y-6.32742 E1629.29992
G1 F2400.0 E1624.29992 ; Retraction
G0 F7200.0 X6.90004 Y-9.92632
G1 F2400.0 E1629.29992 ; Reversed Retraction
G1 F3000.0 X0.66655 Y-6.32742 E1629.53932
G1 F2400.0 E1624.53932 ; Retraction
G0 F7200.0 X0.0 Y-6.32742
G1 F2400.0 E1629.53932 ; Reversed Retraction
G1 F3000.0 X0.0 Y-21.29798 E1630.03724
G1 F2400.0 E1625.03724 ; Retraction
G0 F7200.0 X2.59633 Y-21.29798
G1 F2400.0 E1630.03724 ; Reversed Retraction
G1 F3000.0 X-6.90004 Y-15.81525 E1630.40195
G1 F2400.0 E1625.40195 ; Retraction
G0 F7200.0 X-6.90004 Y-16.85453
G1 F2400.0 E1630.40195 ; Reversed Retraction
G1 F3000.0 X6.90004 Y-8.88705 E1630.93195
G1 F2400.0 E1625.93195 ; Retraction
G0 F7200.0 X6.90004 Y-16.85453
G1 F2400.0 E1630.93195 ; Reversed Retraction
G1 F3000.0 X-6.90004 Y-8.88705 E1631.46195
G1 F2400.0 E1626.46195 ; Retraction
G0 F7200.0 X-6.90004 Y-9.92632
G1 F2400.0 E1631.46195 ; Reversed Retraction
G1 F3000.0 X-0.66655 Y-6.32742 E1631.70135
G1 F2400.0 E1626.70135 ; Retraction
G0 F7200.0 X-6.0 Y-6.32742
G1 F2400.0 E1631.70135 ; Reversed Retraction
G1 F3000.0 X-6.0 Y-21.29798 E1632.19928
G1 F2400.0 E1627.19928 ; Retraction
G0 F7200.0 X-2.59633 Y-21.29798
G1 F2400.0 E1632.19928 ; Reversed Retraction
G1 F3000.0 X6.90004 Y-15.81525 E1632.56399
;Layer 87
G0 F1440.0 Z37.39899
;Shell(s)
G1 F2400.0 E1627.56399 ; Retraction
G0 F7200.0 X7.3 Y-21.89798
G1 F2400.0 E1632.56399 ; Reversed Retraction
G1 F3000.0 X-7.3 Y-21.89798 E1633.04959
G1 F3000.0 X-7.3 Y-5.32742 E1633.60073
G1 F3000.0 X7.3 Y-5.32742 E1634.08632
G1 F3000.0 X7.3 Y-21.89798 E1634.63746
G1 F2400.0 E1629.63746 ; Retraction
G0 F7200.0 X6.9 Y-21.49798
G1 F2400.0 E1634.63746 ; Reversed Retraction
G1 F3000.0 X-6.9 Y-21.49798 E1635.09645
G1 F3000.0 X-6.9 Y-5.72742 E1635.62098
G1 F3000.0 X6.9 Y-5.72742 E1636.07997
G1 F3000.0 X6.9 Y-21.49798 E1636.6045
;Internal Infill
G1 F2400.0 E1631.6045 ; Retraction
G0 F7200.0 X6.0 Y-21.09798
G1 F2400.0 E1636.6045 ; Reversed Retraction
G1 F3000.0 X6.0 Y-6.12742 E1637.10243
G1 F2400.0 E1632.10243 ; Retraction
G0 F7200.0 X6.90004 Y-9.92632
G1 F2400.0 E1637.10243 ; Reversed Retraction
G1 F3000.0 X0.32014 Y-6.12742 E1637.35513
G1 F2400.0 E1632.35513 ; Retraction
G0 F7200.0 X0.0 Y-6.12742
G1 F2400.0 E1637.35513 ; Reversed Retraction
G1 F3000.0 X0.0 Y-21.09798 E1637.85305
G1 F2400.0 E1632.85305 ; Retraction
G0 F7200.0 X2.24992 Y-21.09798
G1 F2400.0 E1637.85305 ; Reversed Retraction
G1 F3000.0 X-6.90004 Y-15.81525 E1638.20446
G1 F2400.0 E1633.20446 ; Retraction
G0 F7200.0 X-6.90004 Y-16.85453
G1 F2400.0 E1638.20446 ; Reversed Retraction
G1 F3000.0 X6.90004 Y-8.88705 E1638.73446
G1 F2400.0 E1633.73446 ; Retraction
G0 F7200.0 X6.90004 Y-16.85453
G1 F2400.0 E1638.73446 ; Reversed Retraction
G1 F3000.0 X-6.90004 Y-8.88705 E1639.26446
G1 F2400.0 E1634.26446 ; Retraction
G0 F7200.0 X-6.90004 Y-9.92632
G1 F2400.0 E1639.26446 ; Reversed Retraction
G1 F3000.0 X-0.32014 Y-6.12742 E1639.51716
G1 F2400.0 E1634.51716 ; Retraction
G0 F7200.0 X-6.0 Y-6.12742
G1 F2400.0 E1639.51716 ; Reversed Retraction
G1 F3000.0 X-6.0 Y-21.09798 E1640.01509
G1 F2400.0 E1635.01509 ; Retraction
G0 F7200.0 X-2.24992 Y-21.09798
G1 F2400.0 E1640.01509 ; Reversed Retraction
G1 F3000.0 X6.90004 Y-15.81525 E1640.3665
;Layer 88
G0 F1440.0 Z37.59899
;Shell(s)
G1 F2400.0 E1635.3665 ; Retraction
G0 F7200.0 X7.3 Y-21.69798
G1 F2400.0 E1640.3665 ; Reversed Retraction
G1 F3000.0 X-7.3 Y-21.69798 E1640.85209
G1 F3000.0 X-7.3 Y-5.12742 E1641.40323
G1 F3000.0 X7.3 Y-5.12742 E1641.88883
G1 F3000.0 X7.3 Y-21.69798 E1642.43997
G1 F2400.0 E1637.43997 ; Retraction
G0 F7200.0 X6.9 Y-21.29798
G1 F2400.0 E1642.43997 ; Reversed Retraction
G1 F3000.0 X-6.9 Y-21.29798 E1642.89896
G1 F3000.0 X-6.9 Y-5.52742 E1643.42349
G1 F3000.0 X6.9 Y-5.52742 E1643.88248
G1 F3000.0 X6.9 Y-21.29798 E1644.40701
;Internal Infill
G1 F2400.0 E1639.40701 ; Retraction
G0 F7200.0 X6.0 Y-20.89798
G1 F2400.0 E1644.40701 ; Reversed Retraction
G1 F3000.0 X6.0 Y-5.92742 E1644.90493
G1 F2400.0 E1639.90493 ; Retraction
G0 F7200.0 X6.90004 Y-9.92632
G1 F2400.0 E1644.90493 ; Reversed Retraction
G1 F3000.0 X-0.02627 Y-5.92742 E1645.17094
G1 F2400.0 E1640.17094 ; Retraction
G0 F7200.0 X0.02627 Y-5.92742
G1 F2400.0 E1645.17094 ; Reversed Retraction
G1 F3000.0 X-6.90004 Y-9.92632 E1645.43695
G1 F2400.0 E1640.43695 ; Retraction
G0 F7200.0 X-6.90004 Y-8.88705
G1 F2400.0 E1645.43695 ; Reversed Retraction
G1 F3000.0 X6.90004 Y-16.85453 E1645.96695
G1 F2400.0 E1640.96695 ; Retraction
G0 F7200.0 X6.90004 Y-15.81525
G1 F2400.0 E1645.96695 ; Reversed Retraction
G1 F3000.0 X-1.90351 Y-20.89798 E1646.30505
G1 F2400.0 E1641.30505 ; Retraction
G0 F7200.0 X0.0 Y-20.89798
G1 F2400.0 E1646.30505 ; Reversed Retraction
G1 F3000.0 X0.0 Y-5.92742 E1646.80298
G1 F2400.0 E1641.80298 ; Retraction
G0 F7200.0 X-6.0 Y-5.92742
G1 F2400.0 E1646.80298 ; Reversed Retraction
G1 F3000.0 X-6.0 Y-20.89798 E1647.3009
G1 F2400.0 E1642.3009 ; Retraction
G0 F7200.0 X-6.90004 Y-15.81525
G1 F2400.0 E1647.3009 ; Reversed Retraction
G1 F3000.0 X1.90351 Y-20.89798 E1647.63901
G1 F2400.0 E1642.63901 ; Retraction
G0 F7200.0 X-6.90004 Y-16.85453
G1 F2400.0 E1647.63901 ; Reversed Retraction
G1 F3000.0 X6.90004 Y-8.88705 E1648.169
;Layer 89
G0 F1440.0 Z37.79899
;Shell(s)
G1 F2400.0 E1643.169 ; Retraction
G0 F7200.0 X7.3 Y-21.49798
G1 F2400.0 E1648.169 ; Reversed Retraction
G1 F3000.0 X-7.3 Y-21.49798 E1648.6546
G1 F3000.0 X-7.3 Y-4.92742 E1649.20574
G1 F3000.0 X7.3 Y-4.92742 E1649.69134
G1 F3000.0 X7.3 Y-21.49798 E1650.24248
G1 F2400.0 E1645.24248 ; Retraction
G0 F7200.0 X6.9 Y-21.09798
G1 F2400.0 E1650.24248 ; Reversed Retraction
G1 F3000.0 X-6.9 Y-21.09798 E1650.70147
G1 F3000.0 X-6.9 Y-5.32742 E1651.226
G1 F3000.0 X6.9 Y-5.32742 E1651.68499
G1 F3000.0 X6.9 Y-21.09798 E1652.20952
;Internal Infill
G1 F2400.0 E1647.20952 ; Retraction
G0 F7200.0 X6.0 Y-20.69798
G1 F2400.0 E1652.20952 ; Reversed Retraction
G1 F3000.0 X6.0 Y-5.72742 E1652.70744
G1 F2400.0 E1647.70744 ; Retraction
G0 F7200.0 X6.90004 Y-9.92632
G1 F2400.0 E1652.70744 ; Reversed Retraction
G1 F3000.0 X-0.37268 Y-5.72742 E1652.98675
G1 F2400.0 E1647.98675 ; Retraction
G0 F7200.0 X0.0 Y-5.72742
G1 F2400.0 E1652.98675 ; Reversed Retraction
G1 F3000.0 X0.0 Y-20.69798 E1653.48468
G1 F2400.0 E1648.48468 ; Retraction
G0 F7200.0 X-1.5571 Y-20.69798
G1 F2400.0 E1653.48468 ; Reversed Retraction
G1 F3000.0 X6.90004 Y-15.81525 E1653.80948
G1 F2400.0 E1648.80948 ; Retraction
G0 F7200.0 X6.90004 Y-16.85453
G1 F2400.0 E1653.80948 ; Reversed Retraction
G1 F3000.0 X-6.90004 Y-8.88705 E1654.33948
G1 F2400.0 E1649.33948 ; Retraction
G0 F7200.0 X-6.0 Y-5.72742
G1 F2400.0 E1654.33948 ; Reversed Retraction
G1 F3000.0 X-6.0 Y-20.69798 E1654.8374
G1 F2400.0 E1649.8374 ; Retraction
G0 F7200.0 X-6.90004 Y-15.81525
G1 F2400.0 E1654.8374 ; Reversed Retraction
G1 F3000.0 X1.5571 Y-20.69798 E1655.1622
G1 F2400.0 E1650.1622 ; Retraction
G0 F7200.0 X-6.90004 Y-16.85453
G1 F2400.0 E1655.1622 ; Reversed Retraction
G1 F3000.0 X6.90004 Y-8.88705 E1655.6922
G1 F2400.0 E1650.6922 ; Retraction
G0 F7200.0 X0.37268 Y-5.72742
G1 F2400.0 E1655.6922 ; Reversed Retraction
G1 F3000.0 X-6.90004 Y-9.92632 E1655.97151
;Layer 90
G0 F1440.0 Z37.99899
;Shell(s)
G1 F2400.0 E1650.97151 ; Retraction
G0 F7200.0 X7.3 Y-21.29798
G1 F2400.0 E1655.97151 ; Reversed Retraction
G1 F3000.0 X-7.3 Y-21.29798 E1656.45711
G1 F3000.0 X-7.3 Y-4.72742 E1657.00825
G1 F3000.0 X-3.23151 Y-4.72742 E1657.14357
G1 F3000.0 X7.3 Y-4.72742 E1657.49385
G1 F3000.0 X7.3 Y-21.29798 E1658.04499
G1 F2400.0 E1653.04499 ; Retraction
G0 F7200.0 X6.9 Y-20.89798
G1 F2400.0 E1658.04499 ; Reversed Retraction
G1 F3000.0 X-6.9 Y-20.89798 E1658.50398
G1 F3000.0 X-6.9 Y-5.12742 E1659.02851
G1 F3000.0 X-3.23151 Y-5.12742 E1659.15052
G1 F3000.0 X6.9 Y-5.12742 E1659.4875
G1 F3000.0 X6.9 Y-20.89798 E1660.01203
;Internal Infill
G1 F2400.0 E1655.01203 ; Retraction
G0 F7200.0 X6.0 Y-20.49798
G1 F2400.0 E1660.01203 ; Reversed Retraction
G1 F3000.0 X6.0 Y-5.52742 E1660.50995
G1 F2400.0 E1655.50995 ; Retraction
G0 F7200.0 X6.90004 Y-9.92632
G1 F2400.0 E1660.50995 ; Reversed Retraction
G1 F3000.0 X-0.71909 Y-5.52742 E1660.80257
G1 F2400.0 E1655.80257 ; Retraction
G0 F7200.0 X0.71909 Y-5.52742
G1 F2400.0 E1660.80257 ; Reversed Retraction
G1 F3000.0 X-6.90004 Y-9.92632 E1661.09518
G1 F2400.0 E1656.09518 ; Retraction
G0 F7200.0 X-6.90004 Y-8.88705
G1 F2400.0 E1661.09518 ; Reversed Retraction
G1 F3000.0 X6.90004 Y-16.85453 E1661.62518
G1 F2400.0 E1656.62518 ; Retraction
G0 F7200.0 X6.90004 Y-15.81525
G1 F2400.0 E1661.62518 ; Reversed Retraction
G1 F3000.0 X-1.21069 Y-20.49798 E1661.93668
G1 F2400.0 E1656.93668 ; Retraction
G0 F7200.0 X1.21069 Y-20.49798
G1 F2400.0 E1661.93668 ; Reversed Retraction
G1 F3000.0 X-6.90004 Y-15.81525 E1662.24818
G1 F2400.0 E1657.24818 ; Retraction
G0 F7200.0 X-6.0 Y-20.49798
G1 F2400.0 E1662.24818 ; Reversed Retraction
G1 F3000.0 X-6.0 Y-5.52742 E1662.7461
G1 F2400.0 E1657.7461 ; Retraction
G0 F7200.0 X0.0 Y-5.52742
G1 F2400.0 E1662.7461 ; Reversed Retraction
G1 F3000.0 X0.0 Y-20.49798 E1663.24402
G1 F2400.0 E1658.24402 ; Retraction
G0 F7200.0 X-6.90004 Y-16.85453
G1 F2400.0 E1663.24402 ; Reversed Retraction
G1 F3000.0 X6.90004 Y-8.88705 E1663.77402
;Layer 91
G0 F1440.0 Z38.19899
;Shell(s)
G1 F2400.0 E1658.77402 ; Retraction
G0 F7200.0 X7.3 Y-21.09798
G1 F2400.0 E1663.77402 ; Reversed Retraction
G1 F3000.0 X1.55995 Y-21.09798 E1663.96493
G1 F3000.0 X-7.3 Y-21.09798 E1664.25962
G1 F3000.0 X-7.3 Y-4.52742 E1664.81076
G1 F3000.0 X7.3 Y-4.52742 E1665.29635
G1 F3000.0 X7.3 Y-21.09798 E1665.84749
G1 F2400.0 E1660.84749 ; Retraction
G0 F7200.0 X6.9 Y-20.69798
G1 F2400.0 E1665.84749 ; Reversed Retraction
G1 F3000.0 X1.55995 Y-20.69798 E1666.0251
G1 F3000.0 X-6.9 Y-20.69798 E1666.30648
G1 F3000.0 X-6.9 Y-4.92742 E1666.83101
G1 F3000.0 X6.9 Y-4.92742 E1667.29
G1 F3000.0 X6.9 Y-20.69798 E1667.81454
;Internal Infill
G1 F2400.0 E1662.81454 ; Retraction
G0 F7200.0 X6.0 Y-20.29798
G1 F2400.0 E1667.81454 ; Reversed Retraction
G1 F3000.0 X6.0 Y-5.32742 E1668.31246
G1 F2400.0 E1663.31246 ; Retraction
G0 F7200.0 X6.90004 Y-9.92632
G1 F2400.0 E1668.31246 ; Reversed Retraction
G1 F3000.0 X-1.0655 Y-5.32742 E1668.61838
G1 F2400.0 E1663.61838 ; Retraction
G0 F7200.0 X0.0 Y-5.32742
G1 F2400.0 E1668.61838 ; Reversed Retraction
G1 F3000.0 X0.0 Y-20.29798 E1669.1163
G1 F2400.0 E1664.1163 ; Retraction
G0 F7200.0 X0.86428 Y-20.29798
G1 F2400.0 E1669.1163 ; Reversed Retraction
G1 F3000.0 X-6.90004 Y-15.81525 E1669.41449
G1 F2400.0 E1664.41449 ; Retraction
G0 F7200.0 X-6.0 Y-20.29798
G1 F2400.0 E1669.41449 ; Reversed Retraction
G1 F3000.0 X-6.0 Y-5.32742 E1669.91242
G1 F2400.0 E1664.91242 ; Retraction
G0 F7200.0 X-6.90004 Y-9.92632
G1 F2400.0 E1669.91242 ; Reversed Retraction
G1 F3000.0 X1.0655 Y-5.32742 E1670.21834
G1 F2400.0 E1665.21834 ; Retraction
G0 F7200.0 X6.90004 Y-8.88705
G1 F2400.0 E1670.21834 ; Reversed Retraction
G1 F3000.0 X-6.90004 Y-16.85453 E1670.74834
G1 F2400.0 E1665.74834 ; Retraction
G0 F7200.0 X-6.90004 Y-8.88705
G1 F2400.0 E1670.74834 ; Reversed Retraction
G1 F3000.0 X6.90004 Y-16.85453 E1671.27834
G1 F2400.0 E1666.27834 ; Retraction
G0 F7200.0 X6.90004 Y-15.81525
G1 F2400.0 E1671.27834 ; Reversed Retraction
G1 F3000.0 X-0.86428 Y-20.29798 E1671.57653
;Layer 92
G0 F1440.0 Z38.39899
;Shell(s)
G1 F2400.0 E1666.57653 ; Retraction
G0 F7200.0 X7.3 Y-20.89798
G1 F2400.0 E1671.57653 ; Reversed Retraction
G1 F3000.0 X-7.3 Y-20.89798 E1672.06213
G1 F3000.0 X-7.3 Y-4.32742 E1672.61326
G1 F3000.0 X7.3 Y-4.32742 E1673.09886
G1 F3000.0 X7.3 Y-20.89798 E1673.65
G1 F2400.0 E1668.65 ; Retraction
G0 F7200.0 X6.9 Y-20.49798
G1 F2400.0 E1673.65 ; Reversed Retraction
G1 F3000.0 X-6.9 Y-20.49798 E1674.10899
G1 F3000.0 X-6.9 Y-4.72742 E1674.63352
G1 F3000.0 X6.9 Y-4.72742 E1675.09251
G1 F3000.0 X6.9 Y-20.49798 E1675.61704
;Internal Infill
G1 F2400.0 E1670.61704 ; Retraction
G0 F7200.0 X6.0 Y-20.09798
G1 F2400.0 E1675.61704 ; Reversed Retraction
G1 F3000.0 X6.0 Y-5.12742 E1676.11497
G1 F2400.0 E1671.11497 ; Retraction
G0 F7200.0 X6.90004 Y-9.92632
G1 F2400.0 E1676.11497 ; Reversed Retraction
G1 F3000.0 X-1.41191 Y-5.12742 E1676.43419
G1 F2400.0 E1671.43419 ; Retraction
G0 F7200.0 X0.0 Y-5.12742
G1 F2400.0 E1676.43419 ; Reversed Retraction
G1 F3000.0 X0.0 Y-20.09798 E1676.93211
G1 F2400.0 E1671.93211 ; Retraction
G0 F7200.0 X-0.51787 Y-20.09798
G1 F2400.0 E1676.93211 ; Reversed Retraction
G1 F3000.0 X6.90004 Y-15.81525 E1677.217
G1 F2400.0 E1672.217 ; Retraction
G0 F7200.0 X6.90004 Y-16.85453
G1 F2400.0 E1677.217 ; Reversed Retraction
G1 F3000.0 X-6.90004 Y-8.88705 E1677.747
G1 F2400.0 E1672.747 ; Retraction
G0 F7200.0 X-6.90004 Y-9.92632
G1 F2400.0 E1677.747 ; Reversed Retraction
G1 F3000.0 X1.41191 Y-5.12742 E1678.06623
G1 F2400.0 E1673.06623 ; Retraction
G0 F7200.0 X6.90004 Y-8.88705
G1 F2400.0 E1678.06623 ; Reversed Retraction
G1 F3000.0 X-6.90004 Y-16.85453 E1678.59622
G1 F2400.0 E1673.59622 ; Retraction
G0 F7200.0 X-6.90004 Y-15.81525
G1 F2400.0 E1678.59622 ; Reversed Retraction
G1 F3000.0 X0.51787 Y-20.09798 E1678.88111
G1 F2400.0 E1673.88111 ; Retraction
G0 F7200.0 X-6.0 Y-20.09798
G1 F2400.0 E1678.88111 ; Reversed Retraction
G1 F3000.0 X-6.0 Y-5.12742 E1679.37904
;Layer 93
G0 F1440.0 Z38.59899
;Shell(s)
G1 F2400.0 E1674.37904 ; Retraction
G0 F7200.0 X7.3 Y-20.69798
G1 F2400.0 E1679.37904 ; Reversed Retraction
G1 F3000.0 X-7.3 Y-20.69798 E1679.86463
G1 F3000.0 X-7.3 Y-4.12742 E1680.41577
G1 F3000.0 X7.3 Y-4.12742 E1680.90137
G1 F3000.0 X7.3 Y-20.69798 E1681.45251
G1 F2400.0 E1676.45251 ; Retraction
G0 F7200.0 X6.9 Y-20.29798
G1 F2400.0 E1681.45251 ; Reversed Retraction
G1 F3000.0 X-6.9 Y-20.29798 E1681.9115
G1 F3000.0 X-6.9 Y-4.52742 E1682.43603
G1 F3000.0 X6.9 Y-4.52742 E1682.89502
G1 F3000.0 X6.9 Y-20.29798 E1683.41955
;Internal Infill
G1 F2400.0 E1678.41955 ; Retraction
G0 F7200.0 X6.0 Y-19.89798
G1 F2400.0 E1683.41955 ; Reversed Retraction
G1 F3000.0 X6.0 Y-4.92742 E1683.91747
G1 F2400.0 E1678.91747 ; Retraction
G0 F7200.0 X6.90004 Y-9.92632
G1 F2400.0 E1683.91747 ; Reversed Retraction
G1 F3000.0 X-1.75832 Y-4.92742 E1684.25
G1 F2400.0 E1679.25 ; Retraction
G0 F7200.0 X1.75832 Y-4.92742
G1 F2400.0 E1684.25 ; Reversed Retraction
G1 F3000.0 X-6.90004 Y-9.92632 E1684.58253
G1 F2400.0 E1679.58253 ; Retraction
G0 F7200.0 X-6.90004 Y-8.88705
G1 F2400.0 E1684.58253 ; Reversed Retraction
G1 F3000.0 X6.90004 Y-16.85453 E1685.11253
G1 F2400.0 E1680.11253 ; Retraction
G0 F7200.0 X6.90004 Y-15.81525
G1 F2400.0 E1685.11253 ; Reversed Retraction
G1 F3000.0 X-0.17146 Y-19.89798 E1685.38411
G1 F2400.0 E1680.38411 ; Retraction
G0 F7200.0 X0.0 Y-19.89798
G1 F2400.0 E1685.38411 ; Reversed Retraction
G1 F3000.0 X0.0 Y-4.92742 E1685.88204
G1 F2400.0 E1680.88204 ; Retraction
G0 F7200.0 X-6.0 Y-4.92742
G1 F2400.0 E1685.88204 ; Reversed Retraction
G1 F3000.0 X-6.0 Y-19.89798 E1686.37996
G1 F2400.0 E1681.37996 ; Retraction
G0 F7200.0 X-6.90004 Y-15.81525
G1 F2400.0 E1686.37996 ; Reversed Retraction
G1 F3000.0 X0.17146 Y-19.89798 E1686.65154
G1 F2400.0 E1681.65154 ; Retraction
G0 F7200.0 X-6.90004 Y-16.85453
G1 F2400.0 E1686.65154 ; Reversed Retraction
G1 F3000.0 X6.90004 Y-8.88705 E1687.18154
;Layer 94
G0 F1440.0 Z38.79899
;Shell(s)
G1 F2400.0 E1682.18154 ; Retraction
G0 F7200.0 X7.3 Y-20.49798
G1 F2400.0 E1687.18154 ; Reversed Retraction
G1 F3000.0 X-7.3 Y-20.49798 E1687.66714
G1 F3000.0 X-7.3 Y-3.92742 E1688.21828
G1 F3000.0 X7.3 Y-3.92742 E1688.70388
G1 F3000.0 X7.3 Y-20.49798 E1689.25502
G1 F2400.0 E1684.25502 ; Retraction
G0 F7200.0 X6.9 Y-20.09798
G1 F2400.0 E1689.25502 ; Reversed Retraction
G1 F3000.0 X-6.9 Y-20.09798 E1689.71401
G1 F3000.0 X-6.9 Y-4.32742 E1690.23854
G1 F3000.0 X6.9 Y-4.32742 E1690.69753
G1 F3000.0 X6.9 Y-20.09798 E1691.22206
;Internal Infill
G1 F2400.0 E1686.22206 ; Retraction
G0 F7200.0 X6.0 Y-19.69798
G1 F2400.0 E1691.22206 ; Reversed Retraction
G1 F3000.0 X6.0 Y-4.72742 E1691.71998
G1 F2400.0 E1686.71998 ; Retraction
G0 F7200.0 X2.10473 Y-4.72742
G1 F2400.0 E1691.71998 ; Reversed Retraction
G1 F3000.0 X-6.90004 Y-9.92632 E1692.06581
G1 F2400.0 E1687.06581 ; Retraction
G0 F7200.0 X-6.90004 Y-8.88705
G1 F2400.0 E1692.06581 ; Reversed Retraction
G1 F3000.0 X6.90004 Y-16.85453 E1692.59581
G1 F2400.0 E1687.59581 ; Retraction
G0 F7200.0 X6.90004 Y-15.81525
G1 F2400.0 E1692.59581 ; Reversed Retraction
G1 F3000.0 X0.17495 Y-19.69798 E1692.85409
G1 F2400.0 E1687.85409 ; Retraction
G0 F7200.0 X0.0 Y-19.69798
G1 F2400.0 E1692.85409 ; Reversed Retraction
G1 F3000.0 X0.0 Y-4.72742 E1693.35202
G1 F2400.0 E1688.35202 ; Retraction
G0 F7200.0 X-2.10473 Y-4.72742
G1 F2400.0 E1693.35202 ; Reversed Retraction
G1 F3000.0 X6.90004 Y-9.92632 E1693.69785
G1 F2400.0 E1688.69785 ; Retraction
G0 F7200.0 X6.90004 Y-8.88705
G1 F2400.0 E1693.69785 ; Reversed Retraction
G1 F3000.0 X-6.90004 Y-16.85453 E1694.22785
G1 F2400.0 E1689.22785 ; Retraction
G0 F7200.0 X-6.90004 Y-15.81525
G1 F2400.0 E1694.22785 ; Reversed Retraction
G1 F3000.0 X-0.17495 Y-19.69798 E1694.48613
G1 F2400.0 E1689.48613 ; Retraction
G0 F7200.0 X-6.0 Y-19.69798
G1 F2400.0 E1694.48613 ; Reversed Retraction
G1 F3000.0 X-6.0 Y-4.72742 E1694.98405
;Layer 95
G0 F1440.0 Z38.99899
;Shell(s)
G1 F2400.0 E1689.98405 ; Retraction
G0 F7200.0 X7.3 Y-20.29798
G1 F2400.0 E1694.98405 ; Reversed Retraction
G1 F3000.0 X-7.3 Y-20.29798 E1695.46965
G1 F3000.0 X-7.3 Y-3.72742 E1696.02079
G1 F3000.0 X7.3 Y-3.72742 E1696.50639
G1 F3000.0 X7.3 Y-20.29798 E1697.05753
G1 F2400.0 E1692.05753 ; Retraction
G0 F7200.0 X6.9 Y-19.89798
G1 F2400.0 E1697.05753 ; Reversed Retraction
G1 F3000.0 X-6.9 Y-19.89798 E1697.51652
G1 F3000.0 X-6.9 Y-4.12742 E1698.04105
G1 F3000.0 X6.9 Y-4.12742 E1698.50004
G1 F3000.0 X6.9 Y-19.89798 E1699.02457
;Internal Infill
G1 F2400.0 E1694.02457 ; Retraction
G0 F7200.0 X6.0 Y-19.49798
G1 F2400.0 E1699.02457 ; Reversed Retraction
G1 F3000.0 X6.0 Y-4.52742 E1699.52249
G1 F2400.0 E1694.52249 ; Retraction
G0 F7200.0 X2.45114 Y-4.52742
G1 F2400.0 E1699.52249 ; Reversed Retraction
G1 F3000.0 X-6.90004 Y-9.92632 E1699.88163
G1 F2400.0 E1694.88163 ; Retraction
G0 F7200.0 X-6.90004 Y-8.88705
G1 F2400.0 E1699.88163 ; Reversed Retraction
G1 F3000.0 X6.90004 Y-16.85453 E1700.41163
G1 F2400.0 E1695.41163 ; Retraction
G0 F7200.0 X6.90004 Y-15.81525
G1 F2400.0 E1700.41163 ; Reversed Retraction
G1 F3000.0 X0.52136 Y-19.49798 E1700.6566
G1 F2400.0 E1695.6566 ; Retraction
G0 F7200.0 X0.0 Y-19.49798
G1 F2400.0 E1700.6566 ; Reversed Retraction
G1 F3000.0 X0.0 Y-4.52742 E1701.15452
G1 F2400.0 E1696.15452 ; Retraction
G0 F7200.0 X-2.45114 Y-4.52742
G1 F2400.0 E1701.15452 ; Reversed Retraction
G1 F3000.0 X6.90004 Y-9.92632 E1701.51366
G1 F2400.0 E1696.51366 ; Retraction
G0 F7200.0 X6.90004 Y-8.88705
G1 F2400.0 E1701.51366 ; Reversed Retraction
G1 F3000.0 X-6.90004 Y-16.85453 E1702.04366
G1 F2400.0 E1697.04366 ; Retraction
G0 F7200.0 X-6.90004 Y-15.81525
G1 F2400.0 E1702.04366 ; Reversed Retraction
G1 F3000.0 X-0.52136 Y-19.49798 E1702.28864
G1 F2400.0 E1697.28864 ; Retraction
G0 F7200.0 X-6.0 Y-19.49798
G1 F2400.0 E1702.28864 ; Reversed Retraction
G1 F3000.0 X-6.0 Y-4.52742 E1702.78656
;Layer 96
G0 F1440.0 Z39.19899
;Shell(s)
G1 F2400.0 E1697.78656 ; Retraction
G0 F7200.0 X7.3 Y-20.09798
G1 F2400.0 E1702.78656 ; Reversed Retraction
G1 F3000.0 X0.85284 Y-20.09798 E1703.00099
G1 F3000.0 X-7.3 Y-20.09798 E1703.27216
G1 F3000.0 X-7.3 Y-3.52742 E1703.8233
G1 F3000.0 X-4.36288 Y-3.52742 E1703.92099
G1 F3000.0 X7.3 Y-3.52742 E1704.30889
G1 F3000.0 X7.3 Y-20.09798 E1704.86003
G1 F2400.0 E1699.86003 ; Retraction
G0 F7200.0 X6.9 Y-19.69798
G1 F2400.0 E1704.86003 ; Reversed Retraction
G1 F3000.0 X0.85284 Y-19.69798 E1705.06116
G1 F3000.0 X-6.9 Y-19.69798 E1705.31902
G1 F3000.0 X-6.9 Y-3.92742 E1705.84355
G1 F3000.0 X-4.36288 Y-3.92742 E1705.92794
G1 F3000.0 X6.9 Y-3.92742 E1706.30254
G1 F3000.0 X6.9 Y-19.69798 E1706.82708
;Internal Infill
G1 F2400.0 E1701.82708 ; Retraction
G0 F7200.0 X6.0 Y-19.29798
G1 F2400.0 E1706.82708 ; Reversed Retraction
G1 F3000.0 X6.0 Y-4.32742 E1707.325
G1 F2400.0 E1702.325 ; Retraction
G0 F7200.0 X2.79755 Y-4.32742
G1 F2400.0 E1707.325 ; Reversed Retraction
G1 F3000.0 X-6.90004 Y-9.92632 E1707.69744
G1 F2400.0 E1702.69744 ; Retraction
G0 F7200.0 X-6.90004 Y-8.88705
G1 F2400.0 E1707.69744 ; Reversed Retraction
G1 F3000.0 X6.90004 Y-16.85453 E1708.22744
G1 F2400.0 E1703.22744 ; Retraction
G0 F7200.0 X6.90004 Y-15.81525
G1 F2400.0 E1708.22744 ; Reversed Retraction
G1 F3000.0 X0.86777 Y-19.29798 E1708.45911
G1 F2400.0 E1703.45911 ; Retraction
G0 F7200.0 X0.0 Y-19.29798
G1 F2400.0 E1708.45911 ; Reversed Retraction
G1 F3000.0 X0.0 Y-4.32742 E1708.95703
G1 F2400.0 E1703.95703 ; Retraction
G0 F7200.0 X-2.79755 Y-4.32742
G1 F2400.0 E1708.95703 ; Reversed Retraction
G1 F3000.0 X6.90004 Y-9.92632 E1709.32947
G1 F2400.0 E1704.32947 ; Retraction
G0 F7200.0 X6.90004 Y-8.88705
G1 F2400.0 E1709.32947 ; Reversed Retraction
G1 F3000.0 X-6.90004 Y-16.85453 E1709.85947
G1 F2400.0 E1704.85947 ; Retraction
G0 F7200.0 X-6.90004 Y-15.81525
G1 F2400.0 E1709.85947 ; Reversed Retraction
G1 F3000.0 X-0.86777 Y-19.29798 E1710.09114
G1 F2400.0 E1705.09114 ; Retraction
G0 F7200.0 X-6.0 Y-19.29798
G1 F2400.0 E1710.09114 ; Reversed Retraction
G1 F3000.0 X-6.0 Y-4.32742 E1710.58907
;Layer 97
G0 F1440.0 Z39.39899
;Shell(s)
G1 F2400.0 E1705.58907 ; Retraction
G0 F7200.0 X7.3 Y-19.89798
G1 F2400.0 E1710.58907 ; Reversed Retraction
G1 F3000.0 X-7.3 Y-19.89798 E1711.07467
G1 F3000.0 X-7.3 Y-3.32742 E1711.6258
G1 F3000.0 X7.3 Y-3.32742 E1712.1114
G1 F3000.0 X7.3 Y-19.89798 E1712.66254
G1 F2400.0 E1707.66254 ; Retraction
G0 F7200.0 X6.9 Y-19.49798
G1 F2400.0 E1712.66254 ; Reversed Retraction
G1 F3000.0 X-6.9 Y-19.49798 E1713.12153
G1 F3000.0 X-6.9 Y-3.72742 E1713.64606
G1 F3000.0 X6.9 Y-3.72742 E1714.10505
G1 F3000.0 X6.9 Y-19.49798 E1714.62958
;Internal Infill
G1 F2400.0 E1709.62958 ; Retraction
G0 F7200.0 X6.0 Y-19.09798
G1 F2400.0 E1714.62958 ; Reversed Retraction
G1 F3000.0 X6.0 Y-4.12742 E1715.12751
G1 F2400.0 E1710.12751 ; Retraction
G0 F7200.0 X3.14396 Y-4.12742
G1 F2400.0 E1715.12751 ; Reversed Retraction
G1 F3000.0 X-6.90004 Y-9.92632 E1715.51325
G1 F2400.0 E1710.51325 ; Retraction
G0 F7200.0 X-6.90004 Y-8.88705
G1 F2400.0 E1715.51325 ; Reversed Retraction
G1 F3000.0 X6.90004 Y-16.85453 E1716.04325
G1 F2400.0 E1711.04325 ; Retraction
G0 F7200.0 X6.90004 Y-15.81525
G1 F2400.0 E1716.04325 ; Reversed Retraction
G1 F3000.0 X1.21419 Y-19.09798 E1716.26162
G1 F2400.0 E1711.26162 ; Retraction
G0 F7200.0 X0.0 Y-19.09798
G1 F2400.0 E1716.26162 ; Reversed Retraction
G1 F3000.0 X0.0 Y-4.12742 E1716.75954
G1 F2400.0 E1711.75954 ; Retraction
G0 F7200.0 X-3.14396 Y-4.12742
G1 F2400.0 E1716.75954 ; Reversed Retraction
G1 F3000.0 X6.90004 Y-9.92632 E1717.14529
G1 F2400.0 E1712.14529 ; Retraction
G0 F7200.0 X6.90004 Y-8.88705
G1 F2400.0 E1717.14529 ; Reversed Retraction
G1 F3000.0 X-6.90004 Y-16.85453 E1717.67528
G1 F2400.0 E1712.67528 ; Retraction
G0 F7200.0 X-6.0 Y-19.09798
G1 F2400.0 E1717.67528 ; Reversed Retraction
G1 F3000.0 X-6.0 Y-4.12742 E1718.17321
G1 F2400.0 E1713.17321 ; Retraction
G0 F7200.0 X-6.90004 Y-15.81525
G1 F2400.0 E1718.17321 ; Reversed Retraction
G1 F3000.0 X-1.21419 Y-19.09798 E1718.39157
;Layer 98
G0 F1440.0 Z39.59899
;Shell(s)
G1 F2400.0 E1713.39157 ; Retraction
G0 F7200.0 X7.3 Y-19.69798
G1 F2400.0 E1718.39157 ; Reversed Retraction
G1 F3000.0 X-7.3 Y-19.69798 E1718.87717
G1 F3000.0 X-7.3 Y-3.12742 E1719.42831
G1 F3000.0 X-4.74 Y-3.12742 E1719.51346
G1 F3000.0 X7.3 Y-3.12742 E1719.91391
G1 F3000.0 X7.3 Y-19.69798 E1720.46505
G1 F2400.0 E1715.46505 ; Retraction
G0 F7200.0 X6.9 Y-19.29798
G1 F2400.0 E1720.46505 ; Reversed Retraction
G1 F3000.0 X-6.9 Y-19.29798 E1720.92404
G1 F3000.0 X-6.9 Y-3.52742 E1721.44857
G1 F3000.0 X-4.74 Y-3.52742 E1721.52041
G1 F3000.0 X6.9 Y-3.52742 E1721.90756
G1 F3000.0 X6.9 Y-19.29798 E1722.43209
;Internal Infill
G1 F2400.0 E1717.43209 ; Retraction
G0 F7200.0 X6.0 Y-18.89798
G1 F2400.0 E1722.43209 ; Reversed Retraction
G1 F3000.0 X6.0 Y-3.92742 E1722.93001
G1 F2400.0 E1717.93001 ; Retraction
G0 F7200.0 X3.49037 Y-3.92742
G1 F2400.0 E1722.93001 ; Reversed Retraction
G1 F3000.0 X-6.90004 Y-9.92632 E1723.32906
G1 F2400.0 E1718.32906 ; Retraction
G0 F7200.0 X-6.0 Y-3.92742
G1 F2400.0 E1723.32906 ; Reversed Retraction
G1 F3000.0 X-6.0 Y-18.89798 E1723.82699
G1 F2400.0 E1718.82699 ; Retraction
G0 F7200.0 X-6.90004 Y-15.81525
G1 F2400.0 E1723.82699 ; Reversed Retraction
G1 F3000.0 X-1.5606 Y-18.89798 E1724.03205
G1 F2400.0 E1719.03205 ; Retraction
G0 F7200.0 X0.0 Y-18.89798
G1 F2400.0 E1724.03205 ; Reversed Retraction
G1 F3000.0 X0.0 Y-3.92742 E1724.52997
G1 F2400.0 E1719.52997 ; Retraction
G0 F7200.0 X-3.49037 Y-3.92742
G1 F2400.0 E1724.52997 ; Reversed Retraction
G1 F3000.0 X6.90004 Y-9.92632 E1724.92902
G1 F2400.0 E1719.92902 ; Retraction
G0 F7200.0 X6.90004 Y-8.88705
G1 F2400.0 E1724.92902 ; Reversed Retraction
G1 F3000.0 X-6.90004 Y-16.85453 E1725.45902
G1 F2400.0 E1720.45902 ; Retraction
G0 F7200.0 X-6.90004 Y-8.88705
G1 F2400.0 E1725.45902 ; Reversed Retraction
G1 F3000.0 X6.90004 Y-16.85453 E1725.98902
G1 F2400.0 E1720.98902 ; Retraction
G0 F7200.0 X6.90004 Y-15.81525
G1 F2400.0 E1725.98902 ; Reversed Retraction
G1 F3000.0 X1.5606 Y-18.89798 E1726.19408
;Layer 99
G0 F1440.0 Z39.79899
;Shell(s)
G1 F2400.0 E1721.19408 ; Retraction
G0 F7200.0 X7.3 Y-19.49798
G1 F2400.0 E1726.19408 ; Reversed Retraction
G1 F3000.0 X-7.3 Y-19.49798 E1726.67968
G1 F3000.0 X-7.3 Y-2.92742 E1727.23082
G1 F3000.0 X7.3 Y-2.92742 E1727.71642
G1 F3000.0 X7.3 Y-19.49798 E1728.26756
G1 F2400.0 E1723.26756 ; Retraction
G0 F7200.0 X6.9 Y-19.09798
G1 F2400.0 E1728.26756 ; Reversed Retraction
G1 F3000.0 X-6.9 Y-19.09798 E1728.72655
G1 F3000.0 X-6.9 Y-3.32742 E1729.25108
G1 F3000.0 X6.9 Y-3.32742 E1729.71007
G1 F3000.0 X6.9 Y-19.09798 E1730.2346
;Internal Infill
G1 F2400.0 E1725.2346 ; Retraction
G0 F7200.0 X6.0 Y-18.69798
G1 F2400.0 E1730.2346 ; Reversed Retraction
G1 F3000.0 X6.0 Y-3.72742 E1730.73252
G1 F2400.0 E1725.73252 ; Retraction
G0 F7200.0 X3.83678 Y-3.72742
G1 F2400.0 E1730.73252 ; Reversed Retraction
G1 F3000.0 X-6.90004 Y-9.92632 E1731.14487
G1 F2400.0 E1726.14487 ; Retraction
G0 F7200.0 X-6.90004 Y-8.88705
G1 F2400.0 E1731.14487 ; Reversed Retraction
G1 F3000.0 X6.90004 Y-16.85453 E1731.67487
G1 F2400.0 E1726.67487 ; Retraction
G0 F7200.0 X6.90004 Y-15.81525
G1 F2400.0 E1731.67487 ; Reversed Retraction
G1 F3000.0 X1.90701 Y-18.69798 E1731.86663
G1 F2400.0 E1726.86663 ; Retraction
G0 F7200.0 X0.0 Y-18.69798
G1 F2400.0 E1731.86663 ; Reversed Retraction
G1 F3000.0 X0.0 Y-3.72742 E1732.36456
G1 F2400.0 E1727.36456 ; Retraction
G0 F7200.0 X-3.83678 Y-3.72742
G1 F2400.0 E1732.36456 ; Reversed Retraction
G1 F3000.0 X6.90004 Y-9.92632 E1732.77691
G1 F2400.0 E1727.77691 ; Retraction
G0 F7200.0 X6.90004 Y-8.88705
G1 F2400.0 E1732.77691 ; Reversed Retraction
G1 F3000.0 X-6.90004 Y-16.85453 E1733.30691
G1 F2400.0 E1728.30691 ; Retraction
G0 F7200.0 X-6.0 Y-18.69798
G1 F2400.0 E1733.30691 ; Reversed Retraction
G1 F3000.0 X-6.0 Y-3.72742 E1733.80483
G1 F2400.0 E1728.80483 ; Retraction
G0 F7200.0 X-6.90004 Y-15.81525
G1 F2400.0 E1733.80483 ; Reversed Retraction
G1 F3000.0 X-1.90701 Y-18.69798 E1733.99659
;Layer 100
G0 F1440.0 Z39.99899
;Shell(s)
G1 F2400.0 E1728.99659 ; Retraction
G0 F7200.0 X7.3 Y-19.29798
G1 F2400.0 E1733.99659 ; Reversed Retraction
G1 F3000.0 X-7.3 Y-19.29798 E1734.48219
G1 F3000.0 X-7.3 Y-2.72742 E1735.03333
G1 F3000.0 X-5.11713 Y-2.72742 E1735.10593
G1 F3000.0 X7.3 Y-2.72742 E1735.51892
G1 F3000.0 X7.3 Y-19.29798 E1736.07006
G1 F2400.0 E1731.07006 ; Retraction
G0 F7200.0 X6.9 Y-18.89798
G1 F2400.0 E1736.07006 ; Reversed Retraction
G1 F3000.0 X-6.9 Y-18.89798 E1736.52905
G1 F3000.0 X-6.9 Y-3.12742 E1737.05358
G1 F3000.0 X-5.11713 Y-3.12742 E1737.11288
G1 F3000.0 X6.9 Y-3.12742 E1737.51257
G1 F3000.0 X6.9 Y-18.89798 E1738.03711
;Internal Infill
G1 F2400.0 E1733.03711 ; Retraction
G0 F7200.0 X6.0 Y-18.49798
G1 F2400.0 E1738.03711 ; Reversed Retraction
G1 F3000.0 X6.0 Y-3.52742 E1738.53503
G1 F2400.0 E1733.53503 ; Retraction
G0 F7200.0 X4.18319 Y-3.52742
G1 F2400.0 E1738.53503 ; Reversed Retraction
G1 F3000.0 X-6.90004 Y-9.92632 E1738.96068
G1 F2400.0 E1733.96068 ; Retraction
G0 F7200.0 X-6.90004 Y-8.88705
G1 F2400.0 E1738.96068 ; Reversed Retraction
G1 F3000.0 X6.90004 Y-16.85453 E1739.49068
G1 F2400.0 E1734.49068 ; Retraction
G0 F7200.0 X6.90004 Y-15.81525
G1 F2400.0 E1739.49068 ; Reversed Retraction
G1 F3000.0 X2.25342 Y-18.49798 E1739.66914
G1 F2400.0 E1734.66914 ; Retraction
G0 F7200.0 X0.0 Y-18.49798
G1 F2400.0 E1739.66914 ; Reversed Retraction
G1 F3000.0 X0.0 Y-3.52742 E1740.16706
G1 F2400.0 E1735.16706 ; Retraction
G0 F7200.0 X-4.18319 Y-3.52742
G1 F2400.0 E1740.16706 ; Reversed Retraction
G1 F3000.0 X6.90004 Y-9.92632 E1740.59272
G1 F2400.0 E1735.59272 ; Retraction
G0 F7200.0 X6.90004 Y-8.88705
G1 F2400.0 E1740.59272 ; Reversed Retraction
G1 F3000.0 X-6.90004 Y-16.85453 E1741.12272
G1 F2400.0 E1736.12272 ; Retraction
G0 F7200.0 X-6.90004 Y-15.81525
G1 F2400.0 E1741.12272 ; Reversed Retraction
G1 F3000.0 X-2.25342 Y-18.49798 E1741.30117
G1 F2400.0 E1736.30117 ; Retraction
G0 F7200.0 X-6.0 Y-18.49798
G1 F2400.0 E1741.30117 ; Reversed Retraction
G1 F3000.0 X-6.0 Y-3.52742 E1741.7991
;Layer 101
G0 F1440.0 Z40.19899
;Shell(s)
G1 F2400.0 E1736.7991 ; Retraction
G0 F7200.0 X7.3 Y-19.09798
G1 F2400.0 E1741.7991 ; Reversed Retraction
G1 F3000.0 X0.14573 Y-19.09798 E1742.03705
G1 F3000.0 X-7.3 Y-19.09798 E1742.28469
G1 F3000.0 X-7.3 Y-2.52742 E1742.83583
G1 F3000.0 X7.3 Y-2.52742 E1743.32143
G1 F3000.0 X7.3 Y-19.09798 E1743.87257
G1 F2400.0 E1738.87257 ; Retraction
G0 F7200.0 X6.9 Y-18.69798
G1 F2400.0 E1743.87257 ; Reversed Retraction
G1 F3000.0 X0.14573 Y-18.69798 E1744.09722
G1 F3000.0 X-6.9 Y-18.69798 E1744.33156
G1 F3000.0 X-6.9 Y-2.92742 E1744.85609
G1 F3000.0 X6.9 Y-2.92742 E1745.31508
G1 F3000.0 X6.9 Y-18.69798 E1745.83961
;Internal Infill
G1 F2400.0 E1740.83961 ; Retraction
G0 F7200.0 X6.0 Y-18.29798
G1 F2400.0 E1745.83961 ; Reversed Retraction
G1 F3000.0 X6.0 Y-3.32742 E1746.33754
G1 F2400.0 E1741.33754 ; Retraction
G0 F7200.0 X4.5296 Y-3.32742
G1 F2400.0 E1746.33754 ; Reversed Retraction
G1 F3000.0 X-6.90004 Y-9.92632 E1746.7765
G1 F2400.0 E1741.7765 ; Retraction
G0 F7200.0 X-6.90004 Y-8.88705
G1 F2400.0 E1746.7765 ; Reversed Retraction
G1 F3000.0 X6.90004 Y-16.85453 E1747.3065
G1 F2400.0 E1742.3065 ; Retraction
G0 F7200.0 X6.90004 Y-15.81525
G1 F2400.0 E1747.3065 ; Reversed Retraction
G1 F3000.0 X2.59983 Y-18.29798 E1747.47165
G1 F2400.0 E1742.47165 ; Retraction
G0 F7200.0 X0.0 Y-18.29798
G1 F2400.0 E1747.47165 ; Reversed Retraction
G1 F3000.0 X0.0 Y-3.32742 E1747.96957
G1 F2400.0 E1742.96957 ; Retraction
G0 F7200.0 X-4.5296 Y-3.32742
G1 F2400.0 E1747.96957 ; Reversed Retraction
G1 F3000.0 X6.90004 Y-9.92632 E1748.40853
G1 F2400.0 E1743.40853 ; Retraction
G0 F7200.0 X6.90004 Y-8.88705
G1 F2400.0 E1748.40853 ; Reversed Retraction
G1 F3000.0 X-6.90004 Y-16.85453 E1748.93853
G1 F2400.0 E1743.93853 ; Retraction
G0 F7200.0 X-6.0 Y-18.29798
G1 F2400.0 E1748.93853 ; Reversed Retraction
G1 F3000.0 X-6.0 Y-3.32742 E1749.43645
G1 F2400.0 E1744.43645 ; Retraction
G0 F7200.0 X-6.90004 Y-15.81525
G1 F2400.0 E1749.43645 ; Reversed Retraction
G1 F3000.0 X-2.59983 Y-18.29798 E1749.6016
;Layer 102
G0 F1440.0 Z40.39899
;Shell(s)
G1 F2400.0 E1744.6016 ; Retraction
G0 F7200.0 X7.3 Y-18.89798
G1 F2400.0 E1749.6016 ; Reversed Retraction
G1 F3000.0 X-7.3 Y-18.89798 E1750.0872
G1 F3000.0 X-7.3 Y-2.32742 E1750.63834
G1 F3000.0 X-5.49425 Y-2.32742 E1750.6984
G1 F3000.0 X7.3 Y-2.32742 E1751.12394
G1 F3000.0 X7.3 Y-18.89798 E1751.67508
G1 F2400.0 E1746.67508 ; Retraction
G0 F7200.0 X6.9 Y-18.49798
G1 F2400.0 E1751.67508 ; Reversed Retraction
G1 F3000.0 X-6.9 Y-18.49798 E1752.13407
G1 F3000.0 X-6.9 Y-2.72742 E1752.6586
G1 F3000.0 X-5.49425 Y-2.72742 E1752.70535
G1 F3000.0 X6.9 Y-2.72742 E1753.11759
G1 F3000.0 X6.9 Y-18.49798 E1753.64212
;Internal Infill
G1 F2400.0 E1748.64212 ; Retraction
G0 F7200.0 X6.0 Y-18.09798
G1 F2400.0 E1753.64212 ; Reversed Retraction
G1 F3000.0 X6.0 Y-3.12742 E1754.14004
G1 F2400.0 E1749.14004 ; Retraction
G0 F7200.0 X4.87601 Y-3.12742
G1 F2400.0 E1754.14004 ; Reversed Retraction
G1 F3000.0 X-6.90004 Y-9.92632 E1754.59231
G1 F2400.0 E1749.59231 ; Retraction
G0 F7200.0 X-6.90004 Y-8.88705
G1 F2400.0 E1754.59231 ; Reversed Retraction
G1 F3000.0 X6.90004 Y-16.85453 E1755.12231
G1 F2400.0 E1750.12231 ; Retraction
G0 F7200.0 X6.90004 Y-15.81525
G1 F2400.0 E1755.12231 ; Reversed Retraction
G1 F3000.0 X2.94624 Y-18.09798 E1755.27415
G1 F2400.0 E1750.27415 ; Retraction
G0 F7200.0 X0.0 Y-18.09798
G1 F2400.0 E1755.27415 ; Reversed Retraction
G1 F3000.0 X0.0 Y-3.12742 E1755.77208
G1 F2400.0 E1750.77208 ; Retraction
G0 F7200.0 X-4.87601 Y-3.12742
G1 F2400.0 E1755.77208 ; Reversed Retraction
G1 F3000.0 X6.90004 Y-9.92632 E1756.22434
G1 F2400.0 E1751.22434 ; Retraction
G0 F7200.0 X6.90004 Y-8.88705
G1 F2400.0 E1756.22434 ; Reversed Retraction
G1 F3000.0 X-6.90004 Y-16.85453 E1756.75434
G1 F2400.0 E1751.75434 ; Retraction
G0 F7200.0 X-6.0 Y-18.09798
G1 F2400.0 E1756.75434 ; Reversed Retraction
G1 F3000.0 X-6.0 Y-3.12742 E1757.25226
G1 F2400.0 E1752.25226 ; Retraction
G0 F7200.0 X-6.90004 Y-15.81525
G1 F2400.0 E1757.25226 ; Reversed Retraction
G1 F3000.0 X-2.94624 Y-18.09798 E1757.40411
;Layer 103
G0 F1440.0 Z40.59899
;Shell(s)
G1 F2400.0 E1752.40411 ; Retraction
G0 F7200.0 X7.3 Y-18.69798
G1 F2400.0 E1757.40411 ; Reversed Retraction
G1 F3000.0 X-7.3 Y-18.69798 E1757.88971
G1 F3000.0 X-7.3 Y-2.12742 E1758.44085
G1 F3000.0 X7.3 Y-2.12742 E1758.92645
G1 F3000.0 X7.3 Y-18.69798 E1759.47759
G1 F2400.0 E1754.47759 ; Retraction
G0 F7200.0 X6.9 Y-18.29798
G1 F2400.0 E1759.47759 ; Reversed Retraction
G1 F3000.0 X-6.9 Y-18.29798 E1759.93658
G1 F3000.0 X-6.9 Y-2.52742 E1760.46111
G1 F3000.0 X6.9 Y-2.52742 E1760.9201
G1 F3000.0 X6.9 Y-18.29798 E1761.44463
;Internal Infill
G1 F2400.0 E1756.44463 ; Retraction
G0 F7200.0 X6.0 Y-17.89798
G1 F2400.0 E1761.44463 ; Reversed Retraction
G1 F3000.0 X6.0 Y-2.92742 E1761.94255
G1 F2400.0 E1756.94255 ; Retraction
G0 F7200.0 X5.22242 Y-2.92742
G1 F2400.0 E1761.94255 ; Reversed Retraction
G1 F3000.0 X-6.90004 Y-9.92632 E1762.40812
G1 F2400.0 E1757.40812 ; Retraction
G0 F7200.0 X-6.0 Y-2.92742
G1 F2400.0 E1762.40812 ; Reversed Retraction
G1 F3000.0 X-6.0 Y-17.89798 E1762.90604
G1 F2400.0 E1757.90604 ; Retraction
G0 F7200.0 X-6.90004 Y-15.81525
G1 F2400.0 E1762.90604 ; Reversed Retraction
G1 F3000.0 X-3.29265 Y-17.89798 E1763.04459
G1 F2400.0 E1758.04459 ; Retraction
G0 F7200.0 X-6.90004 Y-16.85453
G1 F2400.0 E1763.04459 ; Reversed Retraction
G1 F3000.0 X6.90004 Y-8.88705 E1763.57458
G1 F2400.0 E1758.57458 ; Retraction
G0 F7200.0 X6.90004 Y-9.92632
G1 F2400.0 E1763.57458 ; Reversed Retraction
G1 F3000.0 X-5.22242 Y-2.92742 E1764.04015
G1 F2400.0 E1759.04015 ; Retraction
G0 F7200.0 X0.0 Y-2.92742
G1 F2400.0 E1764.04015 ; Reversed Retraction
G1 F3000.0 X0.0 Y-17.89798 E1764.53808
G1 F2400.0 E1759.53808 ; Retraction
G0 F7200.0 X3.29265 Y-17.89798
G1 F2400.0 E1764.53808 ; Reversed Retraction
G1 F3000.0 X6.90004 Y-15.81525 E1764.67662
G1 F2400.0 E1759.67662 ; Retraction
G0 F7200.0 X6.90004 Y-16.85453
G1 F2400.0 E1764.67662 ; Reversed Retraction
G1 F3000.0 X-6.90004 Y-8.88705 E1765.20662
;Layer 104
G0 F1440.0 Z40.79899
;Shell(s)
G1 F2400.0 E1760.20662 ; Retraction
G0 F7200.0 X7.3 Y-18.49798
G1 F2400.0 E1765.20662 ; Reversed Retraction
G1 F3000.0 X-0.27853 Y-18.49798 E1765.45868
G1 F3000.0 X-7.3 Y-18.49798 E1765.69222
G1 F3000.0 X-7.3 Y-1.92742 E1766.24336
G1 F3000.0 X-5.87138 Y-1.92742 E1766.29087
G1 F3000.0 X7.3 Y-1.92742 E1766.72895
G1 F3000.0 X7.3 Y-18.49798 E1767.28009
G1 F2400.0 E1762.28009 ; Retraction
G0 F7200.0 X6.9 Y-18.09798
G1 F2400.0 E1767.28009 ; Reversed Retraction
G1 F3000.0 X-0.27853 Y-18.09798 E1767.51885
G1 F3000.0 X-6.9 Y-18.09798 E1767.73908
G1 F3000.0 X-6.9 Y-2.32742 E1768.26361
G1 F3000.0 X-5.87138 Y-2.32742 E1768.29783
G1 F3000.0 X6.9 Y-2.32742 E1768.7226
G1 F3000.0 X6.9 Y-18.09798 E1769.24713
;Internal Infill
G1 F2400.0 E1764.24713 ; Retraction
G0 F7200.0 X6.0 Y-17.69798
G1 F2400.0 E1769.24713 ; Reversed Retraction
G1 F3000.0 X6.0 Y-2.72742 E1769.74506
G1 F2400.0 E1764.74506 ; Retraction
G0 F7200.0 X5.56883 Y-2.72742
G1 F2400.0 E1769.74506 ; Reversed Retraction
G1 F3000.0 X-6.90004 Y-9.92632 E1770.22393
G1 F2400.0 E1765.22393 ; Retraction
G0 F7200.0 X-6.90004 Y-8.88705
G1 F2400.0 E1770.22393 ; Reversed Retraction
G1 F3000.0 X6.90004 Y-16.85453 E1770.75393
G1 F2400.0 E1765.75393 ; Retraction
G0 F7200.0 X6.90004 Y-15.81525
G1 F2400.0 E1770.75393 ; Reversed Retraction
G1 F3000.0 X3.63906 Y-17.69798 E1770.87917
G1 F2400.0 E1765.87917 ; Retraction
G0 F7200.0 X0.0 Y-17.69798
G1 F2400.0 E1770.87917 ; Reversed Retraction
G1 F3000.0 X0.0 Y-2.72742 E1771.37709
G1 F2400.0 E1766.37709 ; Retraction
G0 F7200.0 X-5.56883 Y-2.72742
G1 F2400.0 E1771.37709 ; Reversed Retraction
G1 F3000.0 X6.90004 Y-9.92632 E1771.85596
G1 F2400.0 E1766.85596 ; Retraction
G0 F7200.0 X6.90004 Y-8.88705
G1 F2400.0 E1771.85596 ; Reversed Retraction
G1 F3000.0 X-6.90004 Y-16.85453 E1772.38596
G1 F2400.0 E1767.38596 ; Retraction
G0 F7200.0 X-6.90004 Y-15.81525
G1 F2400.0 E1772.38596 ; Reversed Retraction
G1 F3000.0 X-3.63906 Y-17.69798 E1772.5112
G1 F2400.0 E1767.5112 ; Retraction
G0 F7200.0 X-6.0 Y-17.69798
G1 F2400.0 E1772.5112 ; Reversed Retraction
G1 F3000.0 X-6.0 Y-2.72742 E1773.00913
;Layer 105
G0 F1440.0 Z40.99899
;Shell(s)
G1 F2400.0 E1768.00913 ; Retraction
G0 F7200.0 X7.3 Y-18.29798
G1 F2400.0 E1773.00913 ; Reversed Retraction
G1 F3000.0 X-7.3 Y-18.29798 E1773.49472
G1 F3000.0 X-7.3 Y-1.72742 E1774.04586
G1 F3000.0 X7.3 Y-1.72742 E1774.53146
G1 F3000.0 X7.3 Y-18.29798 E1775.0826
G1 F2400.0 E1770.0826 ; Retraction
G0 F7200.0 X6.9 Y-17.89798
G1 F2400.0 E1775.0826 ; Reversed Retraction
G1 F3000.0 X-6.9 Y-17.89798 E1775.54159
G1 F3000.0 X-6.9 Y-2.12742 E1776.06612
G1 F3000.0 X6.9 Y-2.12742 E1776.52511
G1 F3000.0 X6.9 Y-17.89798 E1777.04964
;Internal Infill
G1 F2400.0 E1772.04964 ; Retraction
G0 F7200.0 X6.0 Y-17.49798
G1 F2400.0 E1777.04964 ; Reversed Retraction
G1 F3000.0 X6.0 Y-2.52742 E1777.54756
G1 F2400.0 E1772.54756 ; Retraction
G0 F7200.0 X5.91524 Y-2.52742
G1 F2400.0 E1777.54756 ; Reversed Retraction
G1 F3000.0 X-6.90004 Y-9.92632 E1778.03974
G1 F2400.0 E1773.03974 ; Retraction
G0 F7200.0 X-6.90004 Y-8.88705
G1 F2400.0 E1778.03974 ; Reversed Retraction
G1 F3000.0 X6.90004 Y-16.85453 E1778.56974
G1 F2400.0 E1773.56974 ; Retraction
G0 F7200.0 X6.90004 Y-15.81525
G1 F2400.0 E1778.56974 ; Reversed Retraction
G1 F3000.0 X3.98547 Y-17.49798 E1778.68168
G1 F2400.0 E1773.68168 ; Retraction
G0 F7200.0 X0.0 Y-17.49798
G1 F2400.0 E1778.68168 ; Reversed Retraction
G1 F3000.0 X0.0 Y-2.52742 E1779.1796
G1 F2400.0 E1774.1796 ; Retraction
G0 F7200.0 X-5.91524 Y-2.52742
G1 F2400.0 E1779.1796 ; Reversed Retraction
G1 F3000.0 X6.90004 Y-9.92632 E1779.67178
G1 F2400.0 E1774.67178 ; Retraction
G0 F7200.0 X6.90004 Y-8.88705
G1 F2400.0 E1779.67178 ; Reversed Retraction
G1 F3000.0 X-6.90004 Y-16.85453 E1780.20178
G1 F2400.0 E1775.20178 ; Retraction
G0 F7200.0 X-6.90004 Y-15.81525
G1 F2400.0 E1780.20178 ; Reversed Retraction
G1 F3000.0 X-3.98547 Y-17.49798 E1780.31371
G1 F2400.0 E1775.31371 ; Retraction
G0 F7200.0 X-6.0 Y-17.49798
G1 F2400.0 E1780.31371 ; Reversed Retraction
G1 F3000.0 X-6.0 Y-2.52742 E1780.81163
G1 F2400.0 E1775.81163 ; Retraction
G0 F7200.0 X-6.08476 Y-2.52742
G1 F2400.0 E1780.81163 ; Reversed Retraction
G1 F3000.0 X-6.90004 Y-2.99812 E1780.84294
G1 F2400.0 E1775.84294 ; Retraction
G0 F7200.0 X6.08476 Y-2.52742
G1 F2400.0 E1780.84294 ; Reversed Retraction
G1 F3000.0 X6.90004 Y-2.99812 E1780.87426
;Layer 106
G0 F1440.0 Z41.19899
;Shell(s)
G1 F2400.0 E1775.87426 ; Retraction
G0 F7200.0 X7.3 Y-18.09798
G1 F2400.0 E1780.87426 ; Reversed Retraction
G1 F3000.0 X-0.56137 Y-18.09798 E1781.13573
G1 F3000.0 X-7.3 Y-18.09798 E1781.35985
G1 F3000.0 X-7.3 Y-1.52742 E1781.91099
G1 F3000.0 X7.3 Y-1.52742 E1782.39659
G1 F3000.0 X7.3 Y-18.09798 E1782.94773
G1 F2400.0 E1777.94773 ; Retraction
G0 F7200.0 X6.9 Y-17.69798
G1 F2400.0 E1782.94773 ; Reversed Retraction
G1 F3000.0 X-0.56137 Y-17.69798 E1783.1959
G1 F3000.0 X-6.9 Y-17.69798 E1783.40672
G1 F3000.0 X-6.9 Y-1.92742 E1783.93125
G1 F3000.0 X6.9 Y-1.92742 E1784.39024
G1 F3000.0 X6.9 Y-17.69798 E1784.91477
;Internal Infill
G1 F2400.0 E1779.91477 ; Retraction
G0 F7200.0 X6.90004 Y-16.85453
G1 F2400.0 E1784.91477 ; Reversed Retraction
G1 F3000.0 X-6.90004 Y-8.88705 E1785.44477
G1 F2400.0 E1780.44477 ; Retraction
G0 F7200.0 X-6.90004 Y-9.92632
G1 F2400.0 E1785.44477 ; Reversed Retraction
G1 F3000.0 X6.26165 Y-2.32742 E1785.95025
G1 F2400.0 E1780.95025 ; Retraction
G0 F7200.0 X5.73835 Y-2.32742
G1 F2400.0 E1785.95025 ; Reversed Retraction
G1 F3000.0 X6.90004 Y-2.99812 E1785.99487
G1 F2400.0 E1780.99487 ; Retraction
G0 F7200.0 X6.0 Y-2.32742
G1 F2400.0 E1785.99487 ; Reversed Retraction
G1 F3000.0 X6.0 Y-17.29798 E1786.49279
G1 F2400.0 E1781.49279 ; Retraction
G0 F7200.0 X4.33188 Y-17.29798
G1 F2400.0 E1786.49279 ; Reversed Retraction
G1 F3000.0 X6.90004 Y-15.81525 E1786.59142
G1 F2400.0 E1781.59142 ; Retraction
G0 F7200.0 X6.90004 Y-9.92632
G1 F2400.0 E1786.59142 ; Reversed Retraction
G1 F3000.0 X-6.26165 Y-2.32742 E1787.0969
G1 F2400.0 E1782.0969 ; Retraction
G0 F7200.0 X-6.0 Y-2.32742
G1 F2400.0 E1787.0969 ; Reversed Retraction
G1 F3000.0 X-6.0 Y-17.29798 E1787.59483
G1 F2400.0 E1782.59483 ; Retraction
G0 F7200.0 X-4.33188 Y-17.29798
G1 F2400.0 E1787.59483 ; Reversed Retraction
G1 F3000.0 X-6.90004 Y-15.81525 E1787.69346
G1 F2400.0 E1782.69346 ; Retraction
G0 F7200.0 X-6.90004 Y-16.85453
G1 F2400.0 E1787.69346 ; Reversed Retraction
G1 F3000.0 X6.90004 Y-8.88705 E1788.22346
G1 F2400.0 E1783.22346 ; Retraction
G0 F7200.0 X0.0 Y-2.32742
G1 F2400.0 E1788.22346 ; Reversed Retraction
G1 F3000.0 X0.0 Y-17.29798 E1788.72138
G1 F2400.0 E1783.72138 ; Retraction
G0 F7200.0 X-6.90004 Y-2.99812
G1 F2400.0 E1788.72138 ; Reversed Retraction
G1 F3000.0 X-5.73835 Y-2.32742 E1788.76599
;Layer 107
G0 F1440.0 Z41.39899
;Shell(s)
G1 F2400.0 E1783.76599 ; Retraction
G0 F7200.0 X7.3 Y-17.89798
G1 F2400.0 E1788.76599 ; Reversed Retraction
G1 F3000.0 X-7.3 Y-17.89798 E1789.25159
G1 F3000.0 X-7.3 Y-1.32742 E1789.80273
G1 F3000.0 X7.3 Y-1.32742 E1790.28833
G1 F3000.0 X7.3 Y-17.89798 E1790.83947
G1 F2400.0 E1785.83947 ; Retraction
G0 F7200.0 X6.9 Y-17.49798
G1 F2400.0 E1790.83947 ; Reversed Retraction
G1 F3000.0 X-6.9 Y-17.49798 E1791.29846
G1 F3000.0 X-6.9 Y-1.72742 E1791.82299
G1 F3000.0 X6.9 Y-1.72742 E1792.28198
G1 F3000.0 X6.9 Y-17.49798 E1792.80651
;Internal Infill
G1 F2400.0 E1787.80651 ; Retraction
G0 F7200.0 X6.90004 Y-16.85453
G1 F2400.0 E1792.80651 ; Reversed Retraction
G1 F3000.0 X-6.90004 Y-8.88705 E1793.33651
G1 F2400.0 E1788.33651 ; Retraction
G0 F7200.0 X-6.90004 Y-9.92632
G1 F2400.0 E1793.33651 ; Reversed Retraction
G1 F3000.0 X6.60806 Y-2.12742 E1793.85529
G1 F2400.0 E1788.85529 ; Retraction
G0 F7200.0 X6.90004 Y-2.99812
G1 F2400.0 E1793.85529 ; Reversed Retraction
G1 F3000.0 X5.39194 Y-2.12742 E1793.91321
G1 F2400.0 E1788.91321 ; Retraction
G0 F7200.0 X6.0 Y-2.12742
G1 F2400.0 E1793.91321 ; Reversed Retraction
G1 F3000.0 X6.0 Y-17.09798 E1794.41114
G1 F2400.0 E1789.41114 ; Retraction
G0 F7200.0 X4.67829 Y-17.09798
G1 F2400.0 E1794.41114 ; Reversed Retraction
G1 F3000.0 X6.90004 Y-15.81525 E1794.49646
G1 F2400.0 E1789.49646 ; Retraction
G0 F7200.0 X6.90004 Y-9.92632
G1 F2400.0 E1794.49646 ; Reversed Retraction
G1 F3000.0 X-6.60806 Y-2.12742 E1795.01525
G1 F2400.0 E1790.01525 ; Retraction
G0 F7200.0 X-6.90004 Y-2.99812
G1 F2400.0 E1795.01525 ; Reversed Retraction
G1 F3000.0 X-5.39194 Y-2.12742 E1795.07317
G1 F2400.0 E1790.07317 ; Retraction
G0 F7200.0 X-6.0 Y-2.12742
G1 F2400.0 E1795.07317 ; Reversed Retraction
G1 F3000.0 X-6.0 Y-17.09798 E1795.57109
G1 F2400.0 E1790.57109 ; Retraction
G0 F7200.0 X-4.67829 Y-17.09798
G1 F2400.0 E1795.57109 ; Reversed Retraction
G1 F3000.0 X-6.90004 Y-15.81525 E1795.65642
G1 F2400.0 E1790.65642 ; Retraction
G0 F7200.0 X-6.90004 Y-16.85453
G1 F2400.0 E1795.65642 ; Reversed Retraction
G1 F3000.0 X6.90004 Y-8.88705 E1796.18642
G1 F2400.0 E1791.18642 ; Retraction
G0 F7200.0 X0.0 Y-2.12742
G1 F2400.0 E1796.18642 ; Reversed Retraction
G1 F3000.0 X0.0 Y-17.09798 E1796.68434
;Layer 108
G0 F1440.0 Z41.59899
;Shell(s)
G1 F2400.0 E1791.68434 ; Retraction
G0 F7200.0 X7.3 Y-17.69798
G1 F2400.0 E1796.68434 ; Reversed Retraction
G1 F3000.0 X-7.3 Y-17.69798 E1797.16994
G1 F3000.0 X-7.3 Y-1.12742 E1797.72108
G1 F3000.0 X7.3 Y-1.12742 E1798.20667
G1 F3000.0 X7.3 Y-17.69798 E1798.75781
G1 F2400.0 E1793.75781 ; Retraction
G0 F7200.0 X6.9 Y-17.29798
G1 F2400.0 E1798.75781 ; Reversed Retraction
G1 F3000.0 X-6.9 Y-17.29798 E1799.2168
G1 F3000.0 X-6.9 Y-1.52742 E1799.74133
G1 F3000.0 X6.9 Y-1.52742 E1800.20032
G1 F3000.0 X6.9 Y-17.29798 E1800.72486
;Internal Infill
G1 F2400.0 E1795.72486 ; Retraction
G0 F7200.0 X6.90004 Y-16.85453
G1 F2400.0 E1800.72486 ; Reversed Retraction
G1 F3000.0 X-6.90004 Y-8.88705 E1801.25485
G1 F2400.0 E1796.25485 ; Retraction
G0 F7200.0 X-6.90004 Y-9.92632
G1 F2400.0 E1801.25485 ; Reversed Retraction
G1 F3000.0 X6.90004 Y-1.95884 E1801.78485
G1 F2400.0 E1796.78485 ; Retraction
G0 F7200.0 X6.90004 Y-2.99812
G1 F2400.0 E1801.78485 ; Reversed Retraction
G1 F3000.0 X5.04553 Y-1.92742 E1801.85608
G1 F2400.0 E1796.85608 ; Retraction
G0 F7200.0 X6.0 Y-1.92742
G1 F2400.0 E1801.85608 ; Reversed Retraction
G1 F3000.0 X6.0 Y-16.89798 E1802.354
G1 F2400.0 E1797.354 ; Retraction
G0 F7200.0 X5.0247 Y-16.89798
G1 F2400.0 E1802.354 ; Reversed Retraction
G1 F3000.0 X6.90004 Y-15.81525 E1802.42602
G1 F2400.0 E1797.42602 ; Retraction
G0 F7200.0 X6.90004 Y-9.92632
G1 F2400.0 E1802.42602 ; Reversed Retraction
G1 F3000.0 X-6.90004 Y-1.95884 E1802.95602
G1 F2400.0 E1797.95602 ; Retraction
G0 F7200.0 X-6.90004 Y-2.99812
G1 F2400.0 E1802.95602 ; Reversed Retraction
G1 F3000.0 X-5.04553 Y-1.92742 E1803.02725
G1 F2400.0 E1798.02725 ; Retraction
G0 F7200.0 X-6.0 Y-1.92742
G1 F2400.0 E1803.02725 ; Reversed Retraction
G1 F3000.0 X-6.0 Y-16.89798 E1803.52517
G1 F2400.0 E1798.52517 ; Retraction
G0 F7200.0 X-5.0247 Y-16.89798
G1 F2400.0 E1803.52517 ; Reversed Retraction
G1 F3000.0 X-6.90004 Y-15.81525 E1803.59719
G1 F2400.0 E1798.59719 ; Retraction
G0 F7200.0 X-6.90004 Y-16.85453
G1 F2400.0 E1803.59719 ; Reversed Retraction
G1 F3000.0 X6.90004 Y-8.88705 E1804.12719
G1 F2400.0 E1799.12719 ; Retraction
G0 F7200.0 X0.0 Y-1.92742
G1 F2400.0 E1804.12719 ; Reversed Retraction
G1 F3000.0 X0.0 Y-16.89798 E1804.62511
;Layer 109
G0 F1440.0 Z41.79899
;Shell(s)
G1 F2400.0 E1799.62511 ; Retraction
G0 F7200.0 X7.3 Y-17.49798
G1 F2400.0 E1804.62511 ; Reversed Retraction
G1 F3000.0 X-0.98564 Y-17.49798 E1804.90069
G1 F3000.0 X-7.3 Y-17.49798 E1805.11071
G1 F3000.0 X-7.3 Y-0.92742 E1805.66185
G1 F3000.0 X7.3 Y-0.92742 E1806.14745
G1 F3000.0 X7.3 Y-17.49798 E1806.69859
G1 F2400.0 E1801.69859 ; Retraction
G0 F7200.0 X6.9 Y-17.09798
G1 F2400.0 E1806.69859 ; Reversed Retraction
G1 F3000.0 X-0.98564 Y-17.09798 E1806.96086
G1 F3000.0 X-6.9 Y-17.09798 E1807.15758
G1 F3000.0 X-6.9 Y-1.32742 E1807.68211
G1 F3000.0 X6.9 Y-1.32742 E1808.1411
G1 F3000.0 X6.9 Y-17.09798 E1808.66563
;Internal Infill
G1 F2400.0 E1803.66563 ; Retraction
G0 F7200.0 X6.62889 Y-16.69798
G1 F2400.0 E1808.66563 ; Reversed Retraction
G1 F3000.0 X-6.90004 Y-8.88705 E1809.18521
G1 F2400.0 E1804.18521 ; Retraction
G0 F7200.0 X-6.90004 Y-9.92632
G1 F2400.0 E1809.18521 ; Reversed Retraction
G1 F3000.0 X6.90004 Y-1.95884 E1809.71521
G1 F2400.0 E1804.71521 ; Retraction
G0 F7200.0 X6.90004 Y-2.99812
G1 F2400.0 E1809.71521 ; Reversed Retraction
G1 F3000.0 X4.69912 Y-1.72742 E1809.79974
G1 F2400.0 E1804.79974 ; Retraction
G0 F7200.0 X6.0 Y-1.72742
G1 F2400.0 E1809.79974 ; Reversed Retraction
G1 F3000.0 X6.0 Y-16.69798 E1810.29766
G1 F2400.0 E1805.29766 ; Retraction
G0 F7200.0 X5.37111 Y-16.69798
G1 F2400.0 E1810.29766 ; Reversed Retraction
G1 F3000.0 X6.90004 Y-15.81525 E1810.35638
G1 F2400.0 E1805.35638 ; Retraction
G0 F7200.0 X6.90004 Y-9.92632
G1 F2400.0 E1810.35638 ; Reversed Retraction
G1 F3000.0 X-6.90004 Y-1.95884 E1810.88638
G1 F2400.0 E1805.88638 ; Retraction
G0 F7200.0 X-6.0 Y-1.72742
G1 F2400.0 E1810.88638 ; Reversed Retraction
G1 F3000.0 X-6.0 Y-16.69798 E1811.3843
G1 F2400.0 E1806.3843 ; Retraction
G0 F7200.0 X-5.37111 Y-16.69798
G1 F2400.0 E1811.3843 ; Reversed Retraction
G1 F3000.0 X-6.90004 Y-15.81525 E1811.44302
G1 F2400.0 E1806.44302 ; Retraction
G0 F7200.0 X-6.62889 Y-16.69798
G1 F2400.0 E1811.44302 ; Reversed Retraction
G1 F3000.0 X6.90004 Y-8.88705 E1811.96261
G1 F2400.0 E1806.96261 ; Retraction
G0 F7200.0 X0.0 Y-1.72742
G1 F2400.0 E1811.96261 ; Reversed Retraction
G1 F3000.0 X0.0 Y-16.69798 E1812.46053
G1 F2400.0 E1807.46053 ; Retraction
G0 F7200.0 X-6.90004 Y-2.99812
G1 F2400.0 E1812.46053 ; Reversed Retraction
G1 F3000.0 X-4.69912 Y-1.72742 E1812.54506
;Layer 110
G0 F1440.0 Z41.99899
;Shell(s)
G1 F2400.0 E1807.54506 ; Retraction
G0 F7200.0 X7.3 Y-17.29798
G1 F2400.0 E1812.54506 ; Reversed Retraction
G1 F3000.0 X-1.12706 Y-17.29798 E1812.82534
G1 F3000.0 X-7.3 Y-17.29798 E1813.03066
G1 F3000.0 X-7.3 Y-0.72742 E1813.5818
G1 F3000.0 X7.3 Y-0.72742 E1814.06739
G1 F3000.0 X7.3 Y-17.29798 E1814.61853
G1 F2400.0 E1809.61853 ; Retraction
G0 F7200.0 X6.9 Y-16.89798
G1 F2400.0 E1814.61853 ; Reversed Retraction
G1 F3000.0 X-1.12706 Y-16.89798 E1814.88551
G1 F3000.0 X-6.9 Y-16.89798 E1815.07752
G1 F3000.0 X-6.9 Y-1.12742 E1815.60205
G1 F3000.0 X6.9 Y-1.12742 E1816.06104
G1 F3000.0 X6.9 Y-16.89798 E1816.58558
;Internal Infill
G1 F2400.0 E1811.58558 ; Retraction
G0 F7200.0 X6.28248 Y-16.49798
G1 F2400.0 E1816.58558 ; Reversed Retraction
G1 F3000.0 X-6.90004 Y-8.88705 E1817.09186
G1 F2400.0 E1812.09186 ; Retraction
G0 F7200.0 X-6.90004 Y-9.92632
G1 F2400.0 E1817.09186 ; Reversed Retraction
G1 F3000.0 X6.90004 Y-1.95884 E1817.62186
G1 F2400.0 E1812.62186 ; Retraction
G0 F7200.0 X6.90004 Y-2.99812
G1 F2400.0 E1817.62186 ; Reversed Retraction
G1 F3000.0 X4.35271 Y-1.52742 E1817.71969
G1 F2400.0 E1812.71969 ; Retraction
G0 F7200.0 X6.0 Y-1.52742
G1 F2400.0 E1817.71969 ; Reversed Retraction
G1 F3000.0 X6.0 Y-16.49798 E1818.21761
G1 F2400.0 E1813.21761 ; Retraction
G0 F7200.0 X5.71752 Y-16.49798
G1 F2400.0 E1818.21761 ; Reversed Retraction
G1 F3000.0 X6.90004 Y-15.81525 E1818.26302
G1 F2400.0 E1813.26302 ; Retraction
G0 F7200.0 X6.90004 Y-9.92632
G1 F2400.0 E1818.26302 ; Reversed Retraction
G1 F3000.0 X-6.90004 Y-1.95884 E1818.79302
G1 F2400.0 E1813.79302 ; Retraction
G0 F7200.0 X-6.0 Y-1.52742
G1 F2400.0 E1818.79302 ; Reversed Retraction
G1 F3000.0 X-6.0 Y-16.49798 E1819.29095
G1 F2400.0 E1814.29095 ; Retraction
G0 F7200.0 X-5.71752 Y-16.49798
G1 F2400.0 E1819.29095 ; Reversed Retraction
G1 F3000.0 X-6.90004 Y-15.81525 E1819.33636
G1 F2400.0 E1814.33636 ; Retraction
G0 F7200.0 X-6.28248 Y-16.49798
G1 F2400.0 E1819.33636 ; Reversed Retraction
G1 F3000.0 X6.90004 Y-8.88705 E1819.84264
G1 F2400.0 E1814.84264 ; Retraction
G0 F7200.0 X0.0 Y-1.52742
G1 F2400.0 E1819.84264 ; Reversed Retraction
G1 F3000.0 X0.0 Y-16.49798 E1820.34057
G1 F2400.0 E1815.34057 ; Retraction
G0 F7200.0 X-6.90004 Y-2.99812
G1 F2400.0 E1820.34057 ; Reversed Retraction
G1 F3000.0 X-4.35271 Y-1.52742 E1820.4384
;Layer 111
G0 F1440.0 Z42.19899
;Shell(s)
G1 F2400.0 E1815.4384 ; Retraction
G0 F7200.0 X7.3 Y-17.09798
G1 F2400.0 E1820.4384 ; Reversed Retraction
G1 F3000.0 X-1.26848 Y-17.09798 E1820.72339
G1 F3000.0 X-7.3 Y-17.09798 E1820.924
G1 F3000.0 X-7.3 Y-0.52742 E1821.47513
G1 F3000.0 X7.3 Y-0.52742 E1821.96073
G1 F3000.0 X7.3 Y-17.09798 E1822.51187
G1 F2400.0 E1817.51187 ; Retraction
G0 F7200.0 X6.9 Y-16.69798
G1 F2400.0 E1822.51187 ; Reversed Retraction
G1 F3000.0 X-1.26848 Y-16.69798 E1822.78356
G1 F3000.0 X-6.9 Y-16.69798 E1822.97086
G1 F3000.0 X-6.9 Y-0.92742 E1823.49539
G1 F3000.0 X6.9 Y-0.92742 E1823.95438
G1 F3000.0 X6.9 Y-16.69798 E1824.47891
;Internal Infill
G1 F2400.0 E1819.47891 ; Retraction
G0 F7200.0 X6.90004 Y-15.81525
G1 F2400.0 E1824.47891 ; Reversed Retraction
G1 F3000.0 X6.06393 Y-16.29798 E1824.51102
G1 F2400.0 E1819.51102 ; Retraction
G0 F7200.0 X6.0 Y-16.29798
G1 F2400.0 E1824.51102 ; Reversed Retraction
G1 F3000.0 X6.0 Y-1.32742 E1825.00895
G1 F2400.0 E1820.00895 ; Retraction
G0 F7200.0 X6.90004 Y-1.95884
G1 F2400.0 E1825.00895 ; Reversed Retraction
G1 F3000.0 X-6.90004 Y-9.92632 E1825.53895
G1 F2400.0 E1820.53895 ; Retraction
G0 F7200.0 X-6.90004 Y-8.88705
G1 F2400.0 E1825.53895 ; Reversed Retraction
G1 F3000.0 X5.93607 Y-16.29798 E1826.03192
G1 F2400.0 E1821.03192 ; Retraction
G0 F7200.0 X0.0 Y-16.29798
G1 F2400.0 E1826.03192 ; Reversed Retraction
G1 F3000.0 X0.0 Y-1.32742 E1826.52985
G1 F2400.0 E1821.52985 ; Retraction
G0 F7200.0 X-6.90004 Y-1.95884
G1 F2400.0 E1826.52985 ; Reversed Retraction
G1 F3000.0 X6.90004 Y-9.92632 E1827.05984
G1 F2400.0 E1822.05984 ; Retraction
G0 F7200.0 X6.90004 Y-8.88705
G1 F2400.0 E1827.05984 ; Reversed Retraction
G1 F3000.0 X-5.93607 Y-16.29798 E1827.55282
G1 F2400.0 E1822.55282 ; Retraction
G0 F7200.0 X-6.0 Y-16.29798
G1 F2400.0 E1827.55282 ; Reversed Retraction
G1 F3000.0 X-6.0 Y-1.32742 E1828.05074
G1 F2400.0 E1823.05074 ; Retraction
G0 F7200.0 X-6.90004 Y-2.99812
G1 F2400.0 E1828.05074 ; Reversed Retraction
G1 F3000.0 X-4.0063 Y-1.32742 E1828.16188
G1 F2400.0 E1823.16188 ; Retraction
G0 F7200.0 X4.0063 Y-1.32742
G1 F2400.0 E1828.16188 ; Reversed Retraction
G1 F3000.0 X6.90004 Y-2.99812 E1828.27302
G1 F2400.0 E1823.27302 ; Retraction
G0 F7200.0 X-6.06393 Y-16.29798
G1 F2400.0 E1828.27302 ; Reversed Retraction
G1 F3000.0 X-6.90004 Y-15.81525 E1828.30513
;Layer 112
G0 F1440.0 Z42.39899
;Shell(s)
G1 F2400.0 E1823.30513 ; Retraction
G0 F7200.0 X7.3 Y-16.89798
G1 F2400.0 E1828.30513 ; Reversed Retraction
G1 F3000.0 X-7.3 Y-16.89798 E1828.79073
G1 F3000.0 X-7.3 Y-0.32742 E1829.34186
G1 F3000.0 X7.3 Y-0.32742 E1829.82746
G1 F3000.0 X7.3 Y-16.89798 E1830.3786
G1 F2400.0 E1825.3786 ; Retraction
G0 F7200.0 X6.9 Y-16.49798
G1 F2400.0 E1830.3786 ; Reversed Retraction
G1 F3000.0 X-6.9 Y-16.49798 E1830.83759
G1 F3000.0 X-6.9 Y-0.72742 E1831.36212
G1 F3000.0 X6.9 Y-0.72742 E1831.82111
G1 F3000.0 X6.9 Y-16.49798 E1832.34564
;Internal Infill
G1 F2400.0 E1827.34564 ; Retraction
G0 F7200.0 X6.0 Y-16.09798
G1 F2400.0 E1832.34564 ; Reversed Retraction
G1 F3000.0 X6.0 Y-1.12742 E1832.84357
G1 F2400.0 E1827.84357 ; Retraction
G0 F7200.0 X6.90004 Y-2.99812
G1 F2400.0 E1832.84357 ; Reversed Retraction
G1 F3000.0 X3.65989 Y-1.12742 E1832.96801
G1 F2400.0 E1827.96801 ; Retraction
G0 F7200.0 X6.90004 Y-1.95884
G1 F2400.0 E1832.96801 ; Reversed Retraction
G1 F3000.0 X-6.90004 Y-9.92632 E1833.498
G1 F2400.0 E1828.498 ; Retraction
G0 F7200.0 X-6.90004 Y-8.88705
G1 F2400.0 E1833.498 ; Reversed Retraction
G1 F3000.0 X5.58966 Y-16.09798 E1833.97768
G1 F2400.0 E1828.97768 ; Retraction
G0 F7200.0 X6.90004 Y-8.88705
G1 F2400.0 E1833.97768 ; Reversed Retraction
G1 F3000.0 X-5.58966 Y-16.09798 E1834.45735
G1 F2400.0 E1829.45735 ; Retraction
G0 F7200.0 X-6.0 Y-16.09798
G1 F2400.0 E1834.45735 ; Reversed Retraction
G1 F3000.0 X-6.0 Y-1.12742 E1834.95527
G1 F2400.0 E1829.95527 ; Retraction
G0 F7200.0 X-6.90004 Y-2.99812
G1 F2400.0 E1834.95527 ; Reversed Retraction
G1 F3000.0 X-3.65989 Y-1.12742 E1835.07971
G1 F2400.0 E1830.07971 ; Retraction
G0 F7200.0 X-6.90004 Y-1.95884
G1 F2400.0 E1835.07971 ; Reversed Retraction
G1 F3000.0 X6.90004 Y-9.92632 E1835.60971
G1 F2400.0 E1830.60971 ; Retraction
G0 F7200.0 X0.0 Y-16.09798
G1 F2400.0 E1835.60971 ; Reversed Retraction
G1 F3000.0 X0.0 Y-1.12742 E1836.10763
;Layer 113
G0 F1440.0 Z42.59899
;Shell(s)
G1 F2400.0 E1831.10763 ; Retraction
G0 F7200.0 X7.3 Y-16.69798
G1 F2400.0 E1836.10763 ; Reversed Retraction
G1 F3000.0 X-7.3 Y-16.69798 E1836.59323
G1 F3000.0 X-7.3 Y-0.27258 E1837.13954
G1 F3000.0 X7.3 Y-0.27258 E1837.62514
G1 F3000.0 X7.3 Y-16.69798 E1838.17145
G1 F2400.0 E1833.17145 ; Retraction
G0 F7200.0 X6.9 Y-16.29798
G1 F2400.0 E1838.17145 ; Reversed Retraction
G1 F3000.0 X-6.9 Y-16.29798 E1838.63044
G1 F3000.0 X-6.9 Y-0.67258 E1839.15015
G1 F3000.0 X6.9 Y-0.67258 E1839.60914
G1 F3000.0 X6.9 Y-16.29798 E1840.12884
;Internal Infill
G1 F2400.0 E1835.12884 ; Retraction
G0 F7200.0 X6.0 Y-15.89798
G1 F2400.0 E1840.12884 ; Reversed Retraction
G1 F3000.0 X6.0 Y-1.07258 E1840.62193
G1 F2400.0 E1835.62193 ; Retraction
G0 F7200.0 X6.90004 Y-1.95884
G1 F2400.0 E1840.62193 ; Reversed Retraction
G1 F3000.0 X-6.90004 Y-9.92632 E1841.15193
G1 F2400.0 E1836.15193 ; Retraction
G0 F7200.0 X-6.90004 Y-8.88705
G1 F2400.0 E1841.15193 ; Reversed Retraction
G1 F3000.0 X5.24325 Y-15.89798 E1841.6183
G1 F2400.0 E1836.6183 ; Retraction
G0 F7200.0 X0.0 Y-15.89798
G1 F2400.0 E1841.6183 ; Reversed Retraction
G1 F3000.0 X0.0 Y-1.07258 E1842.1114
G1 F2400.0 E1837.1114 ; Retraction
G0 F7200.0 X3.56491 Y-1.07258
G1 F2400.0 E1842.1114 ; Reversed Retraction
G1 F3000.0 X6.90004 Y-2.99812 E1842.23948
G1 F2400.0 E1837.23948 ; Retraction
G0 F7200.0 X6.90004 Y-8.88705
G1 F2400.0 E1842.23948 ; Reversed Retraction
G1 F3000.0 X-5.24325 Y-15.89798 E1842.70585
G1 F2400.0 E1837.70585 ; Retraction
G0 F7200.0 X-6.0 Y-15.89798
G1 F2400.0 E1842.70585 ; Reversed Retraction
G1 F3000.0 X-6.0 Y-1.07258 E1843.19895
G1 F2400.0 E1838.19895 ; Retraction
G0 F7200.0 X-6.90004 Y-1.95884
G1 F2400.0 E1843.19895 ; Reversed Retraction
G1 F3000.0 X6.90004 Y-9.92632 E1843.72895
G1 F2400.0 E1838.72895 ; Retraction
G0 F7200.0 X-3.56491 Y-1.07258
G1 F2400.0 E1843.72895 ; Reversed Retraction
G1 F3000.0 X-6.90004 Y-2.99812 E1843.85703
;Layer 114
G0 F1440.0 Z42.79899
;Shell(s)
G1 F2400.0 E1838.85703 ; Retraction
G0 F7200.0 X7.3 Y-16.49798
G1 F2400.0 E1843.85703 ; Reversed Retraction
G1 F3000.0 X-7.3 Y-16.49798 E1844.34263
G1 F3000.0 X-7.3 Y-0.47258 E1844.87564
G1 F3000.0 X7.3 Y-0.47258 E1845.36124
G1 F3000.0 X7.3 Y-16.49798 E1845.89424
G1 F2400.0 E1840.89424 ; Retraction
G0 F7200.0 X6.9 Y-16.09798
G1 F2400.0 E1845.89424 ; Reversed Retraction
G1 F3000.0 X-6.9 Y-16.09798 E1846.35323
G1 F3000.0 X-6.9 Y-0.87258 E1846.85963
G1 F3000.0 X6.9 Y-0.87258 E1847.31862
G1 F3000.0 X6.9 Y-16.09798 E1847.82502
;Internal Infill
G1 F2400.0 E1842.82502 ; Retraction
G0 F7200.0 X6.0 Y-15.69798
G1 F2400.0 E1847.82502 ; Reversed Retraction
G1 F3000.0 X6.0 Y-1.27258 E1848.30481
G1 F2400.0 E1843.30481 ; Retraction
G0 F7200.0 X6.90004 Y-2.99812
G1 F2400.0 E1848.30481 ; Reversed Retraction
G1 F3000.0 X3.91132 Y-1.27258 E1848.41959
G1 F2400.0 E1843.41959 ; Retraction
G0 F7200.0 X6.90004 Y-1.95884
G1 F2400.0 E1848.41959 ; Reversed Retraction
G1 F3000.0 X-6.90004 Y-9.92632 E1848.94959
G1 F2400.0 E1843.94959 ; Retraction
G0 F7200.0 X-6.90004 Y-8.88705
G1 F2400.0 E1848.94959 ; Reversed Retraction
G1 F3000.0 X4.89684 Y-15.69798 E1849.40266
G1 F2400.0 E1844.40266 ; Retraction
G0 F7200.0 X0.0 Y-15.69798
G1 F2400.0 E1849.40266 ; Reversed Retraction
G1 F3000.0 X0.0 Y-1.27258 E1849.88245
G1 F2400.0 E1844.88245 ; Retraction
G0 F7200.0 X-3.91132 Y-1.27258
G1 F2400.0 E1849.88245 ; Reversed Retraction
G1 F3000.0 X-6.90004 Y-2.99812 E1849.99723
G1 F2400.0 E1844.99723 ; Retraction
G0 F7200.0 X-6.90004 Y-1.95884
G1 F2400.0 E1849.99723 ; Reversed Retraction
G1 F3000.0 X6.90004 Y-9.92632 E1850.52723
G1 F2400.0 E1845.52723 ; Retraction
G0 F7200.0 X6.90004 Y-8.88705
G1 F2400.0 E1850.52723 ; Reversed Retraction
G1 F3000.0 X-4.89684 Y-15.69798 E1850.9803
G1 F2400.0 E1845.9803 ; Retraction
G0 F7200.0 X-6.0 Y-15.69798
G1 F2400.0 E1850.9803 ; Reversed Retraction
G1 F3000.0 X-6.0 Y-1.27258 E1851.46009
;Layer 115
G0 F1440.0 Z42.99899
;Shell(s)
G1 F2400.0 E1846.46009 ; Retraction
G0 F7200.0 X7.3 Y-16.29798
G1 F2400.0 E1851.46009 ; Reversed Retraction
G1 F3000.0 X-7.3 Y-16.29798 E1851.94569
G1 F3000.0 X-7.3 Y-0.67258 E1852.46539
G1 F3000.0 X7.3 Y-0.67258 E1852.95099
G1 F3000.0 X7.3 Y-16.29798 E1853.47069
G1 F2400.0 E1848.47069 ; Retraction
G0 F7200.0 X6.9 Y-15.89798
G1 F2400.0 E1853.47069 ; Reversed Retraction
G1 F3000.0 X-6.9 Y-15.89798 E1853.92968
G1 F3000.0 X-6.9 Y-1.07258 E1854.42277
G1 F3000.0 X6.9 Y-1.07258 E1854.88176
G1 F3000.0 X6.9 Y-15.89798 E1855.37486
;Internal Infill
G1 F2400.0 E1850.37486 ; Retraction
G0 F7200.0 X6.0 Y-15.49798
G1 F2400.0 E1855.37486 ; Reversed Retraction
G1 F3000.0 X6.0 Y-1.47258 E1855.84134
G1 F2400.0 E1850.84134 ; Retraction
G0 F7200.0 X4.25773 Y-1.47258
G1 F2400.0 E1855.84134 ; Reversed Retraction
G1 F3000.0 X6.90004 Y-2.99812 E1855.94282
G1 F2400.0 E1850.94282 ; Retraction
G0 F7200.0 X6.90004 Y-1.95884
G1 F2400.0 E1855.94282 ; Reversed Retraction
G1 F3000.0 X-6.90004 Y-9.92632 E1856.47282
G1 F2400.0 E1851.47282 ; Retraction
G0 F7200.0 X-6.90004 Y-8.88705
G1 F2400.0 E1856.47282 ; Reversed Retraction
G1 F3000.0 X4.55043 Y-15.49798 E1856.91258
G1 F2400.0 E1851.91258 ; Retraction
G0 F7200.0 X6.90004 Y-8.88705
G1 F2400.0 E1856.91258 ; Reversed Retraction
G1 F3000.0 X-4.55043 Y-15.49798 E1857.35234
G1 F2400.0 E1852.35234 ; Retraction
G0 F7200.0 X-6.0 Y-15.49798
G1 F2400.0 E1857.35234 ; Reversed Retraction
G1 F3000.0 X-6.0 Y-1.47258 E1857.81883
G1 F2400.0 E1852.81883 ; Retraction
G0 F7200.0 X-4.25773 Y-1.47258
G1 F2400.0 E1857.81883 ; Reversed Retraction
G1 F3000.0 X-6.90004 Y-2.99812 E1857.92031
G1 F2400.0 E1852.92031 ; Retraction
G0 F7200.0 X-6.90004 Y-1.95884
G1 F2400.0 E1857.92031 ; Reversed Retraction
G1 F3000.0 X6.90004 Y-9.92632 E1858.45031
G1 F2400.0 E1853.45031 ; Retraction
G0 F7200.0 X0.0 Y-15.49798
G1 F2400.0 E1858.45031 ; Reversed Retraction
G1 F3000.0 X0.0 Y-1.47258 E1858.9168
;Layer 116
G0 F1440.0 Z43.19899
;Shell(s)
G1 F2400.0 E1853.9168 ; Retraction
G0 F7200.0 X7.3 Y-16.09798
G1 F2400.0 E1858.9168 ; Reversed Retraction
G1 F3000.0 X-7.3 Y-16.09798 E1859.40239
G1 F3000.0 X-7.3 Y-0.87258 E1859.90879
G1 F3000.0 X7.3 Y-0.87258 E1860.39439
G1 F3000.0 X7.3 Y-16.09798 E1860.90079
G1 F2400.0 E1855.90079 ; Retraction
G0 F7200.0 X6.9 Y-15.69798
G1 F2400.0 E1860.90079 ; Reversed Retraction
G1 F3000.0 X-6.9 Y-15.69798 E1861.35978
G1 F3000.0 X-6.9 Y-1.27258 E1861.83957
G1 F3000.0 X6.9 Y-1.27258 E1862.29856
G1 F3000.0 X6.9 Y-15.69798 E1862.77835
;Internal Infill
G1 F2400.0 E1857.77835 ; Retraction
G0 F7200.0 X6.0 Y-15.29798
G1 F2400.0 E1862.77835 ; Reversed Retraction
G1 F3000.0 X6.0 Y-1.67258 E1863.23153
G1 F2400.0 E1858.23153 ; Retraction
G0 F7200.0 X4.60414 Y-1.67258
G1 F2400.0 E1863.23153 ; Reversed Retraction
G1 F3000.0 X6.90004 Y-2.99812 E1863.31971
G1 F2400.0 E1858.31971 ; Retraction
G0 F7200.0 X6.90004 Y-1.95884
G1 F2400.0 E1863.31971 ; Reversed Retraction
G1 F3000.0 X-6.90004 Y-9.92632 E1863.84971
G1 F2400.0 E1858.84971 ; Retraction
G0 F7200.0 X-6.90004 Y-8.88705
G1 F2400.0 E1863.84971 ; Reversed Retraction
G1 F3000.0 X4.20402 Y-15.29798 E1864.27617
G1 F2400.0 E1859.27617 ; Retraction
G0 F7200.0 X6.90004 Y-8.88705
G1 F2400.0 E1864.27617 ; Reversed Retraction
G1 F3000.0 X-4.20402 Y-15.29798 E1864.70262
G1 F2400.0 E1859.70262 ; Retraction
G0 F7200.0 X-6.0 Y-15.29798
G1 F2400.0 E1864.70262 ; Reversed Retraction
G1 F3000.0 X-6.0 Y-1.67258 E1865.1558
G1 F2400.0 E1860.1558 ; Retraction
G0 F7200.0 X-4.60414 Y-1.67258
G1 F2400.0 E1865.1558 ; Reversed Retraction
G1 F3000.0 X-6.90004 Y-2.99812 E1865.24398
G1 F2400.0 E1860.24398 ; Retraction
G0 F7200.0 X-6.90004 Y-1.95884
G1 F2400.0 E1865.24398 ; Reversed Retraction
G1 F3000.0 X6.90004 Y-9.92632 E1865.77398
G1 F2400.0 E1860.77398 ; Retraction
G0 F7200.0 X0.0 Y-15.29798
G1 F2400.0 E1865.77398 ; Reversed Retraction
G1 F3000.0 X0.0 Y-1.67258 E1866.22716
;Layer 117
G0 F1440.0 Z43.39899
;Shell(s)
G1 F2400.0 E1861.22716 ; Retraction
G0 F7200.0 X7.3 Y-15.89798
G1 F2400.0 E1866.22716 ; Reversed Retraction
G1 F3000.0 X-7.3 Y-15.89798 E1866.71276
G1 F3000.0 X-7.3 Y-1.07258 E1867.20585
G1 F3000.0 X7.3 Y-1.07258 E1867.69145
G1 F3000.0 X7.3 Y-15.89798 E1868.18455
G1 F2400.0 E1863.18455 ; Retraction
G0 F7200.0 X6.9 Y-15.49798
G1 F2400.0 E1868.18455 ; Reversed Retraction
G1 F3000.0 X-6.9 Y-15.49798 E1868.64354
G1 F3000.0 X-6.9 Y-1.47258 E1869.11002
G1 F3000.0 X6.9 Y-1.47258 E1869.56901
G1 F3000.0 X6.9 Y-15.49798 E1870.0355
;Internal Infill
G1 F2400.0 E1865.0355 ; Retraction
G0 F7200.0 X6.0 Y-15.09798
G1 F2400.0 E1870.0355 ; Reversed Retraction
G1 F3000.0 X6.0 Y-1.87258 E1870.47538
G1 F2400.0 E1865.47538 ; Retraction
G0 F7200.0 X4.95055 Y-1.87258
G1 F2400.0 E1870.47538 ; Reversed Retraction
G1 F3000.0 X6.90004 Y-2.99812 E1870.55025
G1 F2400.0 E1865.55025 ; Retraction
G0 F7200.0 X6.90004 Y-1.95884
G1 F2400.0 E1870.55025 ; Reversed Retraction
G1 F3000.0 X-6.90004 Y-9.92632 E1871.08025
G1 F2400.0 E1866.08025 ; Retraction
G0 F7200.0 X-6.90004 Y-8.88705
G1 F2400.0 E1871.08025 ; Reversed Retraction
G1 F3000.0 X3.85761 Y-15.09798 E1871.4934
G1 F2400.0 E1866.4934 ; Retraction
G0 F7200.0 X6.90004 Y-8.88705
G1 F2400.0 E1871.4934 ; Reversed Retraction
G1 F3000.0 X-3.85761 Y-15.09798 E1871.90655
G1 F2400.0 E1866.90655 ; Retraction
G0 F7200.0 X-6.0 Y-15.09798
G1 F2400.0 E1871.90655 ; Reversed Retraction
G1 F3000.0 X-6.0 Y-1.87258 E1872.34643
G1 F2400.0 E1867.34643 ; Retraction
G0 F7200.0 X-4.95055 Y-1.87258
G1 F2400.0 E1872.34643 ; Reversed Retraction
G1 F3000.0 X-6.90004 Y-2.99812 E1872.4213
G1 F2400.0 E1867.4213 ; Retraction
G0 F7200.0 X-6.90004 Y-1.95884
G1 F2400.0 E1872.4213 ; Reversed Retraction
G1 F3000.0 X6.90004 Y-9.92632 E1872.9513
G1 F2400.0 E1867.9513 ; Retraction
G0 F7200.0 X0.0 Y-15.09798
G1 F2400.0 E1872.9513 ; Reversed Retraction
G1 F3000.0 X0.0 Y-1.87258 E1873.39118
;Layer 118
G0 F1440.0 Z43.59899
;Shell(s)
G1 F2400.0 E1868.39118 ; Retraction
G0 F7200.0 X7.3 Y-15.69798
G1 F2400.0 E1873.39118 ; Reversed Retraction
G1 F3000.0 X-7.3 Y-15.69798 E1873.87678
G1 F3000.0 X-7.3 Y-1.27258 E1874.35657
G1 F3000.0 X-5.60392 Y-1.27258 E1874.41298
G1 F3000.0 X7.3 Y-1.27258 E1874.84217
G1 F3000.0 X7.3 Y-15.69798 E1875.32196
G1 F2400.0 E1870.32196 ; Retraction
G0 F7200.0 X6.9 Y-15.29798
G1 F2400.0 E1875.32196 ; Reversed Retraction
G1 F3000.0 X-6.9 Y-15.29798 E1875.78095
G1 F3000.0 X-6.9 Y-1.67258 E1876.23413
G1 F3000.0 X-5.60392 Y-1.67258 E1876.27724
G1 F3000.0 X6.9 Y-1.67258 E1876.69312
G1 F3000.0 X6.9 Y-15.29798 E1877.1463
;Internal Infill
G1 F2400.0 E1872.1463 ; Retraction
G0 F7200.0 X6.0 Y-14.89798
G1 F2400.0 E1877.1463 ; Reversed Retraction
G1 F3000.0 X6.0 Y-2.07258 E1877.57288
G1 F2400.0 E1872.57288 ; Retraction
G0 F7200.0 X5.29696 Y-2.07258
G1 F2400.0 E1877.57288 ; Reversed Retraction
G1 F3000.0 X6.90004 Y-2.99812 E1877.63445
G1 F2400.0 E1872.63445 ; Retraction
G0 F7200.0 X6.70304 Y-2.07258
G1 F2400.0 E1877.63445 ; Reversed Retraction
G1 F3000.0 X-6.90004 Y-9.92632 E1878.15688
G1 F2400.0 E1873.15688 ; Retraction
G0 F7200.0 X-6.90004 Y-8.88705
G1 F2400.0 E1878.15688 ; Reversed Retraction
G1 F3000.0 X3.5112 Y-14.89798 E1878.55673
G1 F2400.0 E1873.55673 ; Retraction
G0 F7200.0 X0.0 Y-14.89798
G1 F2400.0 E1878.55673 ; Reversed Retraction
G1 F3000.0 X0.0 Y-2.07258 E1878.9833
G1 F2400.0 E1873.9833 ; Retraction
G0 F7200.0 X-6.70304 Y-2.07258
G1 F2400.0 E1878.9833 ; Reversed Retraction
G1 F3000.0 X6.90004 Y-9.92632 E1879.50574
G1 F2400.0 E1874.50574 ; Retraction
G0 F7200.0 X6.90004 Y-8.88705
G1 F2400.0 E1879.50574 ; Reversed Retraction
G1 F3000.0 X-3.5112 Y-14.89798 E1879.90558
G1 F2400.0 E1874.90558 ; Retraction
G0 F7200.0 X-6.0 Y-14.89798
G1 F2400.0 E1879.90558 ; Reversed Retraction
G1 F3000.0 X-6.0 Y-2.07258 E1880.33216
G1 F2400.0 E1875.33216 ; Retraction
G0 F7200.0 X-5.29696 Y-2.07258
G1 F2400.0 E1880.33216 ; Reversed Retraction
G1 F3000.0 X-6.90004 Y-2.99812 E1880.39373
;Layer 119
G0 F1440.0 Z43.79899
;Shell(s)
G1 F2400.0 E1875.39373 ; Retraction
G0 F7200.0 X7.3 Y-15.49798
G1 F2400.0 E1880.39373 ; Reversed Retraction
G1 F3000.0 X-7.3 Y-15.49798 E1880.87932
G1 F3000.0 X-7.3 Y-1.47258 E1881.34581
G1 F3000.0 X7.3 Y-1.47258 E1881.83141
G1 F3000.0 X7.3 Y-15.49798 E1882.29789
G1 F2400.0 E1877.29789 ; Retraction
G0 F7200.0 X6.9 Y-15.09798
G1 F2400.0 E1882.29789 ; Reversed Retraction
G1 F3000.0 X-6.9 Y-15.09798 E1882.75688
G1 F3000.0 X-6.9 Y-1.87258 E1883.19676
G1 F3000.0 X6.9 Y-1.87258 E1883.65575
G1 F3000.0 X6.9 Y-15.09798 E1884.09563
;Internal Infill
G1 F2400.0 E1879.09563 ; Retraction
G0 F7200.0 X6.0 Y-14.69798
G1 F2400.0 E1884.09563 ; Reversed Retraction
G1 F3000.0 X6.0 Y-2.27258 E1884.5089
G1 F2400.0 E1879.5089 ; Retraction
G0 F7200.0 X6.35663 Y-2.27258
G1 F2400.0 E1884.5089 ; Reversed Retraction
G1 F3000.0 X-6.90004 Y-9.92632 E1885.01803
G1 F2400.0 E1880.01803 ; Retraction
G0 F7200.0 X-6.90004 Y-8.88705
G1 F2400.0 E1885.01803 ; Reversed Retraction
G1 F3000.0 X3.16479 Y-14.69798 E1885.40458
G1 F2400.0 E1880.40458 ; Retraction
G0 F7200.0 X0.0 Y-14.69798
G1 F2400.0 E1885.40458 ; Reversed Retraction
G1 F3000.0 X0.0 Y-2.27258 E1885.81785
G1 F2400.0 E1880.81785 ; Retraction
G0 F7200.0 X-6.35663 Y-2.27258
G1 F2400.0 E1885.81785 ; Reversed Retraction
G1 F3000.0 X6.90004 Y-9.92632 E1886.32698
G1 F2400.0 E1881.32698 ; Retraction
G0 F7200.0 X6.90004 Y-8.88705
G1 F2400.0 E1886.32698 ; Reversed Retraction
G1 F3000.0 X-3.16479 Y-14.69798 E1886.71352
G1 F2400.0 E1881.71352 ; Retraction
G0 F7200.0 X-6.0 Y-14.69798
G1 F2400.0 E1886.71352 ; Reversed Retraction
G1 F3000.0 X-6.0 Y-2.27258 E1887.12679
G1 F2400.0 E1882.12679 ; Retraction
G0 F7200.0 X-5.64337 Y-2.27258
G1 F2400.0 E1887.12679 ; Reversed Retraction
G1 F3000.0 X-6.90004 Y-2.99812 E1887.17505
G1 F2400.0 E1882.17505 ; Retraction
G0 F7200.0 X5.64337 Y-2.27258
G1 F2400.0 E1887.17505 ; Reversed Retraction
G1 F3000.0 X6.90004 Y-2.99812 E1887.22332
;Layer 120
G0 F1440.0 Z43.99899
;Shell(s)
G1 F2400.0 E1882.22332 ; Retraction
G0 F7200.0 X7.3 Y-15.29798
G1 F2400.0 E1887.22332 ; Reversed Retraction
G1 F3000.0 X-7.3 Y-15.29798 E1887.70891
G1 F3000.0 X-7.3 Y-1.67258 E1888.1621
G1 F3000.0 X7.3 Y-1.67258 E1888.6477
G1 F3000.0 X7.3 Y-15.29798 E1889.10088
G1 F2400.0 E1884.10088 ; Retraction
G0 F7200.0 X6.9 Y-14.89798
G1 F2400.0 E1889.10088 ; Reversed Retraction
G1 F3000.0 X-6.9 Y-14.89798 E1889.55987
G1 F3000.0 X-6.9 Y-2.07258 E1889.98644
G1 F3000.0 X6.9 Y-2.07258 E1890.44543
G1 F3000.0 X6.9 Y-14.89798 E1890.87201
;Internal Infill
G1 F2400.0 E1885.87201 ; Retraction
G0 F7200.0 X6.0 Y-14.49798
G1 F2400.0 E1890.87201 ; Reversed Retraction
G1 F3000.0 X6.0 Y-2.47258 E1891.27197
G1 F2400.0 E1886.27197 ; Retraction
G0 F7200.0 X5.98978 Y-2.47258
G1 F2400.0 E1891.27197 ; Reversed Retraction
G1 F3000.0 X6.90004 Y-2.99812 E1891.30693
G1 F2400.0 E1886.30693 ; Retraction
G0 F7200.0 X6.01022 Y-2.47258
G1 F2400.0 E1891.30693 ; Reversed Retraction
G1 F3000.0 X-6.90004 Y-9.92632 E1891.80276
G1 F2400.0 E1886.80276 ; Retraction
G0 F7200.0 X-6.90004 Y-8.88705
G1 F2400.0 E1891.80276 ; Reversed Retraction
G1 F3000.0 X2.81838 Y-14.49798 E1892.176
G1 F2400.0 E1887.176 ; Retraction
G0 F7200.0 X0.0 Y-14.49798
G1 F2400.0 E1892.176 ; Reversed Retraction
G1 F3000.0 X0.0 Y-2.47258 E1892.57596
G1 F2400.0 E1887.57596 ; Retraction
G0 F7200.0 X-6.01022 Y-2.47258
G1 F2400.0 E1892.57596 ; Reversed Retraction
G1 F3000.0 X6.90004 Y-9.92632 E1893.07179
G1 F2400.0 E1888.07179 ; Retraction
G0 F7200.0 X6.90004 Y-8.88705
G1 F2400.0 E1893.07179 ; Reversed Retraction
G1 F3000.0 X-2.81838 Y-14.49798 E1893.44503
G1 F2400.0 E1888.44503 ; Retraction
G0 F7200.0 X-6.0 Y-14.49798
G1 F2400.0 E1893.44503 ; Reversed Retraction
G1 F3000.0 X-6.0 Y-2.47258 E1893.845
G1 F2400.0 E1888.845 ; Retraction
G0 F7200.0 X-5.98978 Y-2.47258
G1 F2400.0 E1893.845 ; Reversed Retraction
G1 F3000.0 X-6.90004 Y-2.99812 E1893.87996
;Layer 121
G0 F1440.0 Z44.19899
;Shell(s)
G1 F2400.0 E1888.87996 ; Retraction
G0 F7200.0 X7.3 Y-15.09798
G1 F2400.0 E1893.87996 ; Reversed Retraction
G1 F3000.0 X-7.3 Y-15.09798 E1894.36555
G1 F3000.0 X-7.3 Y-1.87258 E1894.80543
G1 F3000.0 X-4.54326 Y-1.87258 E1894.89712
G1 F3000.0 X7.3 Y-1.87258 E1895.29103
G1 F3000.0 X7.3 Y-15.09798 E1895.73091
G1 F2400.0 E1890.73091 ; Retraction
G0 F7200.0 X6.9 Y-14.69798
G1 F2400.0 E1895.73091 ; Reversed Retraction
G1 F3000.0 X-6.9 Y-14.69798 E1896.1899
G1 F3000.0 X-6.9 Y-2.27258 E1896.60317
G1 F3000.0 X-4.54326 Y-2.27258 E1896.68155
G1 F3000.0 X6.9 Y-2.27258 E1897.06216
G1 F3000.0 X6.9 Y-14.69798 E1897.47543
;Internal Infill
G1 F2400.0 E1892.47543 ; Retraction
G0 F7200.0 X6.0 Y-14.29798
G1 F2400.0 E1897.47543 ; Reversed Retraction
G1 F3000.0 X6.0 Y-2.67258 E1897.86209
G1 F2400.0 E1892.86209 ; Retraction
G0 F7200.0 X5.66381 Y-2.67258
G1 F2400.0 E1897.86209 ; Reversed Retraction
G1 F3000.0 X-6.90004 Y-9.92632 E1898.34461
G1 F2400.0 E1893.34461 ; Retraction
G0 F7200.0 X-6.90004 Y-8.88705
G1 F2400.0 E1898.34461 ; Reversed Retraction
G1 F3000.0 X2.47197 Y-14.29798 E1898.70455
G1 F2400.0 E1893.70455 ; Retraction
G0 F7200.0 X-2.47197 Y-14.29798
G1 F2400.0 E1898.70455 ; Reversed Retraction
G1 F3000.0 X6.90004 Y-8.88705 E1899.06449
G1 F2400.0 E1894.06449 ; Retraction
G0 F7200.0 X6.90004 Y-9.92632
G1 F2400.0 E1899.06449 ; Reversed Retraction
G1 F3000.0 X-5.66381 Y-2.67258 E1899.54701
G1 F2400.0 E1894.54701 ; Retraction
G0 F7200.0 X-6.0 Y-2.67258
G1 F2400.0 E1899.54701 ; Reversed Retraction
G1 F3000.0 X-6.0 Y-14.29798 E1899.93367
G1 F2400.0 E1894.93367 ; Retraction
G0 F7200.0 X0.0 Y-14.29798
G1 F2400.0 E1899.93367 ; Reversed Retraction
G1 F3000.0 X0.0 Y-2.67258 E1900.32033
;Layer 122
G0 F1440.0 Z44.39899
;Shell(s)
G1 F2400.0 E1895.32033 ; Retraction
G0 F7200.0 X7.3 Y-14.89798
G1 F2400.0 E1900.32033 ; Reversed Retraction
G1 F3000.0 X-7.3 Y-14.89798 E1900.80593
G1 F3000.0 X-7.3 Y-2.07258 E1901.2325
G1 F3000.0 X7.3 Y-2.07258 E1901.7181
G1 F3000.0 X7.3 Y-14.89798 E1902.14468
G1 F2400.0 E1897.14468 ; Retraction
G0 F7200.0 X6.9 Y-14.49798
G1 F2400.0 E1902.14468 ; Reversed Retraction
G1 F3000.0 X-6.9 Y-14.49798 E1902.60367
G1 F3000.0 X-6.9 Y-2.47258 E1903.00363
G1 F3000.0 X6.9 Y-2.47258 E1903.46262
G1 F3000.0 X6.9 Y-14.49798 E1903.86259
;Internal Infill
G1 F2400.0 E1898.86259 ; Retraction
G0 F7200.0 X6.0 Y-14.09798
G1 F2400.0 E1903.86259 ; Reversed Retraction
G1 F3000.0 X6.0 Y-2.87258 E1904.23595
G1 F2400.0 E1899.23595 ; Retraction
G0 F7200.0 X5.3174 Y-2.87258
G1 F2400.0 E1904.23595 ; Reversed Retraction
G1 F3000.0 X-6.90004 Y-9.92632 E1904.70516
G1 F2400.0 E1899.70516 ; Retraction
G0 F7200.0 X-6.90004 Y-8.88705
G1 F2400.0 E1904.70516 ; Reversed Retraction
G1 F3000.0 X2.12556 Y-14.09798 E1905.0518
G1 F2400.0 E1900.0518 ; Retraction
G0 F7200.0 X0.0 Y-14.09798
G1 F2400.0 E1905.0518 ; Reversed Retraction
G1 F3000.0 X0.0 Y-2.87258 E1905.42515
G1 F2400.0 E1900.42515 ; Retraction
G0 F7200.0 X-5.3174 Y-2.87258
G1 F2400.0 E1905.42515 ; Reversed Retraction
G1 F3000.0 X6.90004 Y-9.92632 E1905.89437
G1 F2400.0 E1900.89437 ; Retraction
G0 F7200.0 X6.90004 Y-8.88705
G1 F2400.0 E1905.89437 ; Reversed Retraction
G1 F3000.0 X-2.12556 Y-14.09798 E1906.241
G1 F2400.0 E1901.241 ; Retraction
G0 F7200.0 X-6.0 Y-14.09798
G1 F2400.0 E1906.241 ; Reversed Retraction
G1 F3000.0 X-6.0 Y-2.87258 E1906.61436
;Layer 123
G0 F1440.0 Z44.59899
;Shell(s)
G1 F2400.0 E1901.61436 ; Retraction
G0 F7200.0 X7.3 Y-14.69798
G1 F2400.0 E1906.61436 ; Reversed Retraction
G1 F3000.0 X-7.3 Y-14.69798 E1907.09996
G1 F3000.0 X-7.3 Y-2.27258 E1907.51323
G1 F3000.0 X7.3 Y-2.27258 E1907.99883
G1 F3000.0 X7.3 Y-14.69798 E1908.4121
G1 F2400.0 E1903.4121 ; Retraction
G0 F7200.0 X6.9 Y-14.29798
G1 F2400.0 E1908.4121 ; Reversed Retraction
G1 F3000.0 X-6.9 Y-14.29798 E1908.87109
G1 F3000.0 X-6.9 Y-2.67258 E1909.25775
G1 F3000.0 X6.9 Y-2.67258 E1909.71674
G1 F3000.0 X6.9 Y-14.29798 E1910.1034
;Internal Infill
G1 F2400.0 E1905.1034 ; Retraction
G0 F7200.0 X6.0 Y-13.89798
G1 F2400.0 E1910.1034 ; Reversed Retraction
G1 F3000.0 X6.0 Y-3.07258 E1910.46346
G1 F2400.0 E1905.46346 ; Retraction
G0 F7200.0 X4.97099 Y-3.07258
G1 F2400.0 E1910.46346 ; Reversed Retraction
G1 F3000.0 X-6.90004 Y-9.92632 E1910.91937
G1 F2400.0 E1905.91937 ; Retraction
G0 F7200.0 X-6.90004 Y-8.88705
G1 F2400.0 E1910.91937 ; Reversed Retraction
G1 F3000.0 X1.77915 Y-13.89798 E1911.2527
G1 F2400.0 E1906.2527 ; Retraction
G0 F7200.0 X-1.77915 Y-13.89798
G1 F2400.0 E1911.2527 ; Reversed Retraction
G1 F3000.0 X6.90004 Y-8.88705 E1911.58603
G1 F2400.0 E1906.58603 ; Retraction
G0 F7200.0 X6.90004 Y-9.92632
G1 F2400.0 E1911.58603 ; Reversed Retraction
G1 F3000.0 X-4.97099 Y-3.07258 E1912.04194
G1 F2400.0 E1907.04194 ; Retraction
G0 F7200.0 X-6.0 Y-3.07258
G1 F2400.0 E1912.04194 ; Reversed Retraction
G1 F3000.0 X-6.0 Y-13.89798 E1912.402
G1 F2400.0 E1907.402 ; Retraction
G0 F7200.0 X0.0 Y-13.89798
G1 F2400.0 E1912.402 ; Reversed Retraction
G1 F3000.0 X0.0 Y-3.07258 E1912.76205
;Layer 124
G0 F1440.0 Z44.79899
;Shell(s)
G1 F2400.0 E1907.76205 ; Retraction
G0 F7200.0 X7.3 Y-14.49798
G1 F2400.0 E1912.76205 ; Reversed Retraction
G1 F3000.0 X-7.3 Y-14.49798 E1913.24765
G1 F3000.0 X-7.3 Y-2.47258 E1913.64761
G1 F3000.0 X7.3 Y-2.47258 E1914.13321
G1 F3000.0 X7.3 Y-14.49798 E1914.53318
G1 F2400.0 E1909.53318 ; Retraction
G0 F7200.0 X6.9 Y-14.09798
G1 F2400.0 E1914.53318 ; Reversed Retraction
G1 F3000.0 X-6.9 Y-14.09798 E1914.99217
G1 F3000.0 X-6.9 Y-2.87258 E1915.36553
G1 F3000.0 X6.9 Y-2.87258 E1915.82452
G1 F3000.0 X6.9 Y-14.09798 E1916.19787
;Internal Infill
G1 F2400.0 E1911.19787 ; Retraction
G0 F7200.0 X6.0 Y-13.69798
G1 F2400.0 E1916.19787 ; Reversed Retraction
G1 F3000.0 X6.0 Y-3.27258 E1916.54462
G1 F2400.0 E1911.54462 ; Retraction
G0 F7200.0 X4.62458 Y-3.27258
G1 F2400.0 E1916.54462 ; Reversed Retraction
G1 F3000.0 X-6.90004 Y-9.92632 E1916.98723
G1 F2400.0 E1911.98723 ; Retraction
G0 F7200.0 X-6.90004 Y-8.88705
G1 F2400.0 E1916.98723 ; Reversed Retraction
G1 F3000.0 X1.43274 Y-13.69798 E1917.30726
G1 F2400.0 E1912.30726 ; Retraction
G0 F7200.0 X-1.43274 Y-13.69798
G1 F2400.0 E1917.30726 ; Reversed Retraction
G1 F3000.0 X6.90004 Y-8.88705 E1917.62728
G1 F2400.0 E1912.62728 ; Retraction
G0 F7200.0 X6.90004 Y-9.92632
G1 F2400.0 E1917.62728 ; Reversed Retraction
G1 F3000.0 X-4.62458 Y-3.27258 E1918.06989
G1 F2400.0 E1913.06989 ; Retraction
G0 F7200.0 X-6.0 Y-3.27258
G1 F2400.0 E1918.06989 ; Reversed Retraction
G1 F3000.0 X-6.0 Y-13.69798 E1918.41664
G1 F2400.0 E1913.41664 ; Retraction
G0 F7200.0 X0.0 Y-13.69798
G1 F2400.0 E1918.41664 ; Reversed Retraction
G1 F3000.0 X0.0 Y-3.27258 E1918.76339
;Layer 125
G0 F1440.0 Z44.99899
;Shell(s)
G1 F2400.0 E1913.76339 ; Retraction
G0 F7200.0 X7.3 Y-14.29798
G1 F2400.0 E1918.76339 ; Reversed Retraction
G1 F3000.0 X-7.3 Y-14.29798 E1919.24899
G1 F3000.0 X-7.3 Y-2.67258 E1919.63565
G1 F3000.0 X7.3 Y-2.67258 E1920.12125
G1 F3000.0 X7.3 Y-14.29798 E1920.50791
G1 F2400.0 E1915.50791 ; Retraction
G0 F7200.0 X6.9 Y-13.89798
G1 F2400.0 E1920.50791 ; Reversed Retraction
G1 F3000.0 X-6.9 Y-13.89798 E1920.9669
G1 F3000.0 X-6.9 Y-3.07258 E1921.32696
G1 F3000.0 X6.9 Y-3.07258 E1921.78595
G1 F3000.0 X6.9 Y-13.89798 E1922.146
;Internal Infill
G1 F2400.0 E1917.146 ; Retraction
G0 F7200.0 X6.0 Y-13.49798
G1 F2400.0 E1922.146 ; Reversed Retraction
G1 F3000.0 X6.0 Y-3.47258 E1922.47945
G1 F2400.0 E1917.47945 ; Retraction
G0 F7200.0 X4.27817 Y-3.47258
G1 F2400.0 E1922.47945 ; Reversed Retraction
G1 F3000.0 X-6.90004 Y-9.92632 E1922.90875
G1 F2400.0 E1917.90875 ; Retraction
G0 F7200.0 X-6.90004 Y-8.88705
G1 F2400.0 E1922.90875 ; Reversed Retraction
G1 F3000.0 X1.08633 Y-13.49798 E1923.21547
G1 F2400.0 E1918.21547 ; Retraction
G0 F7200.0 X0.0 Y-13.49798
G1 F2400.0 E1923.21547 ; Reversed Retraction
G1 F3000.0 X0.0 Y-3.47258 E1923.54892
G1 F2400.0 E1918.54892 ; Retraction
G0 F7200.0 X-4.27817 Y-3.47258
G1 F2400.0 E1923.54892 ; Reversed Retraction
G1 F3000.0 X6.90004 Y-9.92632 E1923.97822
G1 F2400.0 E1918.97822 ; Retraction
G0 F7200.0 X6.90004 Y-8.88705
G1 F2400.0 E1923.97822 ; Reversed Retraction
G1 F3000.0 X-1.08633 Y-13.49798 E1924.28494
G1 F2400.0 E1919.28494 ; Retraction
G0 F7200.0 X-6.0 Y-13.49798
G1 F2400.0 E1924.28494 ; Reversed Retraction
G1 F3000.0 X-6.0 Y-3.47258 E1924.61839
;Layer 126
G0 F1440.0 Z45.19899
;Shell(s)
G1 F2400.0 E1919.61839 ; Retraction
G0 F7200.0 X7.3 Y-14.09798
G1 F2400.0 E1924.61839 ; Reversed Retraction
G1 F3000.0 X-3.3898 Y-14.09798 E1924.97393
G1 F3000.0 X-7.3 Y-14.09798 E1925.10399
G1 F3000.0 X-7.3 Y-2.87258 E1925.47735
G1 F3000.0 X7.3 Y-2.87258 E1925.96294
G1 F3000.0 X7.3 Y-14.09798 E1926.3363
G1 F2400.0 E1921.3363 ; Retraction
G0 F7200.0 X6.9 Y-13.69798
G1 F2400.0 E1926.3363 ; Reversed Retraction
G1 F3000.0 X-3.3898 Y-13.69798 E1926.67854
G1 F3000.0 X-6.9 Y-13.69798 E1926.79529
G1 F3000.0 X-6.9 Y-3.27258 E1927.14204
G1 F3000.0 X6.9 Y-3.27258 E1927.60103
G1 F3000.0 X6.9 Y-13.69798 E1927.94778
;Internal Infill
G1 F2400.0 E1922.94778 ; Retraction
G0 F7200.0 X6.0 Y-13.29798
G1 F2400.0 E1927.94778 ; Reversed Retraction
G1 F3000.0 X6.0 Y-3.67258 E1928.26792
G1 F2400.0 E1923.26792 ; Retraction
G0 F7200.0 X3.93176 Y-3.67258
G1 F2400.0 E1928.26792 ; Reversed Retraction
G1 F3000.0 X-6.90004 Y-9.92632 E1928.68392
G1 F2400.0 E1923.68392 ; Retraction
G0 F7200.0 X-6.0 Y-13.29798
G1 F2400.0 E1928.68392 ; Reversed Retraction
G1 F3000.0 X-6.0 Y-3.67258 E1929.00407
G1 F2400.0 E1924.00407 ; Retraction
G0 F7200.0 X-3.93176 Y-3.67258
G1 F2400.0 E1929.00407 ; Reversed Retraction
G1 F3000.0 X6.90004 Y-9.92632 E1929.42007
G1 F2400.0 E1924.42007 ; Retraction
G0 F7200.0 X6.90004 Y-8.88705
G1 F2400.0 E1929.42007 ; Reversed Retraction
G1 F3000.0 X-0.73992 Y-13.29798 E1929.71348
G1 F2400.0 E1924.71348 ; Retraction
G0 F7200.0 X0.0 Y-13.29798
G1 F2400.0 E1929.71348 ; Reversed Retraction
G1 F3000.0 X0.0 Y-3.67258 E1930.03363
G1 F2400.0 E1925.03363 ; Retraction
G0 F7200.0 X-6.90004 Y-8.88705
G1 F2400.0 E1930.03363 ; Reversed Retraction
G1 F3000.0 X0.73992 Y-13.29798 E1930.32704
;Layer 127
G0 F1440.0 Z45.39899
;Shell(s)
G1 F2400.0 E1925.32704 ; Retraction
G0 F7200.0 X7.3 Y-13.89798
G1 F2400.0 E1930.32704 ; Reversed Retraction
G1 F3000.0 X-7.3 Y-13.89798 E1930.81264
G1 F3000.0 X-7.3 Y-3.07258 E1931.17269
G1 F3000.0 X7.3 Y-3.07258 E1931.65829
G1 F3000.0 X7.3 Y-13.89798 E1932.01835
G1 F2400.0 E1927.01835 ; Retraction
G0 F7200.0 X6.9 Y-13.49798
G1 F2400.0 E1932.01835 ; Reversed Retraction
G1 F3000.0 X-6.9 Y-13.49798 E1932.47734
G1 F3000.0 X-6.9 Y-3.47258 E1932.81078
G1 F3000.0 X6.9 Y-3.47258 E1933.26977
G1 F3000.0 X6.9 Y-13.49798 E1933.60322
;Internal Infill
G1 F2400.0 E1928.60322 ; Retraction
G0 F7200.0 X6.0 Y-13.09798
G1 F2400.0 E1933.60322 ; Reversed Retraction
G1 F3000.0 X6.0 Y-3.87258 E1933.91006
G1 F2400.0 E1928.91006 ; Retraction
G0 F7200.0 X3.58535 Y-3.87258
G1 F2400.0 E1933.91006 ; Reversed Retraction
G1 F3000.0 X-6.90004 Y-9.92632 E1934.31275
G1 F2400.0 E1929.31275 ; Retraction
G0 F7200.0 X-6.90004 Y-8.88705
G1 F2400.0 E1934.31275 ; Reversed Retraction
G1 F3000.0 X0.39351 Y-13.09798 E1934.59287
G1 F2400.0 E1929.59287 ; Retraction
G0 F7200.0 X-0.39351 Y-13.09798
G1 F2400.0 E1934.59287 ; Reversed Retraction
G1 F3000.0 X6.90004 Y-8.88705 E1934.87298
G1 F2400.0 E1929.87298 ; Retraction
G0 F7200.0 X6.90004 Y-9.92632
G1 F2400.0 E1934.87298 ; Reversed Retraction
G1 F3000.0 X-3.58535 Y-3.87258 E1935.27567
G1 F2400.0 E1930.27567 ; Retraction
G0 F7200.0 X-6.0 Y-3.87258
G1 F2400.0 E1935.27567 ; Reversed Retraction
G1 F3000.0 X-6.0 Y-13.09798 E1935.58251
G1 F2400.0 E1930.58251 ; Retraction
G0 F7200.0 X0.0 Y-13.09798
G1 F2400.0 E1935.58251 ; Reversed Retraction
G1 F3000.0 X0.0 Y-3.87258 E1935.88935
;Layer 128
G0 F1440.0 Z45.59899
;Shell(s)
G1 F2400.0 E1930.88935 ; Retraction
G0 F7200.0 X7.3 Y-13.69798
G1 F2400.0 E1935.88935 ; Reversed Retraction
G1 F3000.0 X-7.3 Y-13.69798 E1936.37495
G1 F3000.0 X-7.3 Y-3.27258 E1936.7217
G1 F3000.0 X-2.06839 Y-3.27258 E1936.8957
G1 F3000.0 X7.3 Y-3.27258 E1937.2073
G1 F3000.0 X7.3 Y-13.69798 E1937.55405
G1 F2400.0 E1932.55405 ; Retraction
G0 F7200.0 X6.9 Y-13.29798
G1 F2400.0 E1937.55405 ; Reversed Retraction
G1 F3000.0 X-6.9 Y-13.29798 E1938.01304
G1 F3000.0 X-6.9 Y-3.67258 E1938.33318
G1 F3000.0 X-2.06839 Y-3.67258 E1938.49388
G1 F3000.0 X6.9 Y-3.67258 E1938.79217
G1 F3000.0 X6.9 Y-13.29798 E1939.11231
;Internal Infill
G1 F2400.0 E1934.11231 ; Retraction
G0 F7200.0 X6.0 Y-12.89798
G1 F2400.0 E1939.11231 ; Reversed Retraction
G1 F3000.0 X6.0 Y-4.07258 E1939.40585
G1 F2400.0 E1934.40585 ; Retraction
G0 F7200.0 X3.23894 Y-4.07258
G1 F2400.0 E1939.40585 ; Reversed Retraction
G1 F3000.0 X-6.90004 Y-9.92632 E1939.79524
G1 F2400.0 E1934.79524 ; Retraction
G0 F7200.0 X-6.90004 Y-8.88705
G1 F2400.0 E1939.79524 ; Reversed Retraction
G1 F3000.0 X0.0471 Y-12.89798 E1940.06205
G1 F2400.0 E1935.06205 ; Retraction
G0 F7200.0 X0.0 Y-12.89798
G1 F2400.0 E1940.06205 ; Reversed Retraction
G1 F3000.0 X0.0 Y-4.07258 E1940.35558
G1 F2400.0 E1935.35558 ; Retraction
G0 F7200.0 X-3.23894 Y-4.07258
G1 F2400.0 E1940.35558 ; Reversed Retraction
G1 F3000.0 X6.90004 Y-9.92632 E1940.74497
G1 F2400.0 E1935.74497 ; Retraction
G0 F7200.0 X6.90004 Y-8.88705
G1 F2400.0 E1940.74497 ; Reversed Retraction
G1 F3000.0 X-0.0471 Y-12.89798 E1941.01178
G1 F2400.0 E1936.01178 ; Retraction
G0 F7200.0 X-6.0 Y-12.89798
G1 F2400.0 E1941.01178 ; Reversed Retraction
G1 F3000.0 X-6.0 Y-4.07258 E1941.30531
;Layer 129
G0 F1440.0 Z45.79899
;Shell(s)
G1 F2400.0 E1936.30531 ; Retraction
G0 F7200.0 X7.3 Y-13.49798
G1 F2400.0 E1941.30531 ; Reversed Retraction
G1 F3000.0 X-7.3 Y-13.49798 E1941.79091
G1 F3000.0 X-7.3 Y-3.47258 E1942.12436
G1 F3000.0 X7.3 Y-3.47258 E1942.60996
G1 F3000.0 X7.3 Y-13.49798 E1942.9434
G1 F2400.0 E1937.9434 ; Retraction
G0 F7200.0 X6.9 Y-13.09798
G1 F2400.0 E1942.9434 ; Reversed Retraction
G1 F3000.0 X-6.9 Y-13.09798 E1943.40239
G1 F3000.0 X-6.9 Y-3.87258 E1943.70923
G1 F3000.0 X6.9 Y-3.87258 E1944.16822
G1 F3000.0 X6.9 Y-13.09798 E1944.47506
;Internal Infill
G1 F2400.0 E1939.47506 ; Retraction
G0 F7200.0 X6.0 Y-12.69798
G1 F2400.0 E1944.47506 ; Reversed Retraction
G1 F3000.0 X6.0 Y-4.27258 E1944.75529
G1 F2400.0 E1939.75529 ; Retraction
G0 F7200.0 X2.89253 Y-4.27258
G1 F2400.0 E1944.75529 ; Reversed Retraction
G1 F3000.0 X-6.90004 Y-9.92632 E1945.13138
G1 F2400.0 E1940.13138 ; Retraction
G0 F7200.0 X-6.0 Y-12.69798
G1 F2400.0 E1945.13138 ; Reversed Retraction
G1 F3000.0 X-6.0 Y-4.27258 E1945.41161
G1 F2400.0 E1940.41161 ; Retraction
G0 F7200.0 X-2.89253 Y-4.27258
G1 F2400.0 E1945.41161 ; Reversed Retraction
G1 F3000.0 X6.90004 Y-9.92632 E1945.7877
G1 F2400.0 E1940.7877 ; Retraction
G0 F7200.0 X6.90004 Y-8.88705
G1 F2400.0 E1945.7877 ; Reversed Retraction
G1 F3000.0 X0.29931 Y-12.69798 E1946.0412
G1 F2400.0 E1941.0412 ; Retraction
G0 F7200.0 X0.0 Y-12.69798
G1 F2400.0 E1946.0412 ; Reversed Retraction
G1 F3000.0 X0.0 Y-4.27258 E1946.32143
G1 F2400.0 E1941.32143 ; Retraction
G0 F7200.0 X-6.90004 Y-8.88705
G1 F2400.0 E1946.32143 ; Reversed Retraction
G1 F3000.0 X-0.29931 Y-12.69798 E1946.57493
;Layer 130
G0 F1440.0 Z45.99899
;Shell(s)
G1 F2400.0 E1941.57493 ; Retraction
G0 F7200.0 X7.3 Y-13.29798
G1 F2400.0 E1946.57493 ; Reversed Retraction
G1 F3000.0 X-7.3 Y-13.29798 E1947.06053
G1 F3000.0 X-7.3 Y-3.67258 E1947.38067
G1 F3000.0 X7.3 Y-3.67258 E1947.86627
G1 F3000.0 X7.3 Y-13.29798 E1948.18641
G1 F2400.0 E1943.18641 ; Retraction
G0 F7200.0 X6.9 Y-12.89798
G1 F2400.0 E1948.18641 ; Reversed Retraction
G1 F3000.0 X-6.9 Y-12.89798 E1948.6454
G1 F3000.0 X-6.9 Y-4.07258 E1948.93894
G1 F3000.0 X6.9 Y-4.07258 E1949.39793
G1 F3000.0 X6.9 Y-12.89798 E1949.69146
;Internal Infill
G1 F2400.0 E1944.69146 ; Retraction
G0 F7200.0 X6.0 Y-12.49798
G1 F2400.0 E1949.69146 ; Reversed Retraction
G1 F3000.0 X6.0 Y-4.47258 E1949.95839
G1 F2400.0 E1944.95839 ; Retraction
G0 F7200.0 X2.54612 Y-4.47258
G1 F2400.0 E1949.95839 ; Reversed Retraction
G1 F3000.0 X-6.90004 Y-9.92632 E1950.32117
G1 F2400.0 E1945.32117 ; Retraction
G0 F7200.0 X-6.90004 Y-8.88705
G1 F2400.0 E1950.32117 ; Reversed Retraction
G1 F3000.0 X-0.64572 Y-12.49798 E1950.56137
G1 F2400.0 E1945.56137 ; Retraction
G0 F7200.0 X0.0 Y-12.49798
G1 F2400.0 E1950.56137 ; Reversed Retraction
G1 F3000.0 X0.0 Y-4.47258 E1950.8283
G1 F2400.0 E1945.8283 ; Retraction
G0 F7200.0 X-2.54612 Y-4.47258
G1 F2400.0 E1950.8283 ; Reversed Retraction
G1 F3000.0 X6.90004 Y-9.92632 E1951.19108
G1 F2400.0 E1946.19108 ; Retraction
G0 F7200.0 X6.90004 Y-8.88705
G1 F2400.0 E1951.19108 ; Reversed Retraction
G1 F3000.0 X0.64572 Y-12.49798 E1951.43128
G1 F2400.0 E1946.43128 ; Retraction
G0 F7200.0 X-6.0 Y-12.49798
G1 F2400.0 E1951.43128 ; Reversed Retraction
G1 F3000.0 X-6.0 Y-4.47258 E1951.69821
;Layer 131
G0 F1440.0 Z46.19899
;Shell(s)
G1 F2400.0 E1946.69821 ; Retraction
G0 F7200.0 X7.3 Y-13.09798
G1 F2400.0 E1951.69821 ; Reversed Retraction
G1 F3000.0 X-7.3 Y-13.09798 E1952.18381
G1 F3000.0 X-7.3 Y-3.87258 E1952.49064
G1 F3000.0 X7.3 Y-3.87258 E1952.97624
G1 F3000.0 X7.3 Y-13.09798 E1953.28308
G1 F2400.0 E1948.28308 ; Retraction
G0 F7200.0 X6.9 Y-12.69798
G1 F2400.0 E1953.28308 ; Reversed Retraction
G1 F3000.0 X-6.9 Y-12.69798 E1953.74207
G1 F3000.0 X-6.9 Y-4.27258 E1954.0223
G1 F3000.0 X6.9 Y-4.27258 E1954.48129
G1 F3000.0 X6.9 Y-12.69798 E1954.76152
;Internal Infill
G1 F2400.0 E1949.76152 ; Retraction
G0 F7200.0 X6.0 Y-12.29798
G1 F2400.0 E1954.76152 ; Reversed Retraction
G1 F3000.0 X6.0 Y-4.67258 E1955.01514
G1 F2400.0 E1950.01514 ; Retraction
G0 F7200.0 X2.19971 Y-4.67258
G1 F2400.0 E1955.01514 ; Reversed Retraction
G1 F3000.0 X-6.90004 Y-9.92632 E1955.36462
G1 F2400.0 E1950.36462 ; Retraction
G0 F7200.0 X-6.90004 Y-8.88705
G1 F2400.0 E1955.36462 ; Reversed Retraction
G1 F3000.0 X-0.99213 Y-12.29798 E1955.59152
G1 F2400.0 E1950.59152 ; Retraction
G0 F7200.0 X0.0 Y-12.29798
G1 F2400.0 E1955.59152 ; Reversed Retraction
G1 F3000.0 X0.0 Y-4.67258 E1955.84514
G1 F2400.0 E1950.84514 ; Retraction
G0 F7200.0 X-2.19971 Y-4.67258
G1 F2400.0 E1955.84514 ; Reversed Retraction
G1 F3000.0 X6.90004 Y-9.92632 E1956.19462
G1 F2400.0 E1951.19462 ; Retraction
G0 F7200.0 X6.90004 Y-8.88705
G1 F2400.0 E1956.19462 ; Reversed Retraction
G1 F3000.0 X0.99213 Y-12.29798 E1956.42152
G1 F2400.0 E1951.42152 ; Retraction
G0 F7200.0 X-6.0 Y-12.29798
G1 F2400.0 E1956.42152 ; Reversed Retraction
G1 F3000.0 X-6.0 Y-4.67258 E1956.67514
;Layer 132
G0 F1440.0 Z46.39899
;Shell(s)
G1 F2400.0 E1951.67514 ; Retraction
G0 F7200.0 X7.3 Y-12.89798
G1 F2400.0 E1956.67514 ; Reversed Retraction
G1 F3000.0 X-4.23833 Y-12.89798 E1957.05891
G1 F3000.0 X-7.3 Y-12.89798 E1957.16074
G1 F3000.0 X-7.3 Y-4.07258 E1957.45427
G1 F3000.0 X7.3 Y-4.07258 E1957.93987
G1 F3000.0 X7.3 Y-12.89798 E1958.2334
G1 F2400.0 E1953.2334 ; Retraction
G0 F7200.0 X6.9 Y-12.49798
G1 F2400.0 E1958.2334 ; Reversed Retraction
G1 F3000.0 X-4.23833 Y-12.49798 E1958.60387
G1 F3000.0 X-6.9 Y-12.49798 E1958.69239
G1 F3000.0 X-6.9 Y-4.47258 E1958.95932
G1 F3000.0 X6.9 Y-4.47258 E1959.41831
G1 F3000.0 X6.9 Y-12.49798 E1959.68523
;Internal Infill
G1 F2400.0 E1954.68523 ; Retraction
G0 F7200.0 X6.0 Y-12.09798
G1 F2400.0 E1959.68523 ; Reversed Retraction
G1 F3000.0 X6.0 Y-4.87258 E1959.92555
G1 F2400.0 E1954.92555 ; Retraction
G0 F7200.0 X6.90004 Y-9.92632
G1 F2400.0 E1959.92555 ; Reversed Retraction
G1 F3000.0 X-1.8533 Y-4.87258 E1960.26173
G1 F2400.0 E1955.26173 ; Retraction
G0 F7200.0 X0.0 Y-4.87258
G1 F2400.0 E1960.26173 ; Reversed Retraction
G1 F3000.0 X0.0 Y-12.09798 E1960.50205
G1 F2400.0 E1955.50205 ; Retraction
G0 F7200.0 X-1.33854 Y-12.09798
G1 F2400.0 E1960.50205 ; Reversed Retraction
G1 F3000.0 X-6.90004 Y-8.88705 E1960.71564
G1 F2400.0 E1955.71564 ; Retraction
G0 F7200.0 X-6.90004 Y-9.92632
G1 F2400.0 E1960.71564 ; Reversed Retraction
G1 F3000.0 X1.8533 Y-4.87258 E1961.05181
G1 F2400.0 E1956.05181 ; Retraction
G0 F7200.0 X6.90004 Y-8.88705
G1 F2400.0 E1961.05181 ; Reversed Retraction
G1 F3000.0 X1.33854 Y-12.09798 E1961.26541
G1 F2400.0 E1956.26541 ; Retraction
G0 F7200.0 X-6.0 Y-12.09798
G1 F2400.0 E1961.26541 ; Reversed Retraction
G1 F3000.0 X-6.0 Y-4.87258 E1961.50572
;Layer 133
G0 F1440.0 Z46.59899
;Shell(s)
G1 F2400.0 E1956.50572 ; Retraction
G0 F7200.0 X7.3 Y-12.69798
G1 F2400.0 E1961.50572 ; Reversed Retraction
G1 F3000.0 X-7.3 Y-12.69798 E1961.99132
G1 F3000.0 X-7.3 Y-4.27258 E1962.27155
G1 F3000.0 X7.3 Y-4.27258 E1962.75715
G1 F3000.0 X7.3 Y-12.69798 E1963.03738
G1 F2400.0 E1958.03738 ; Retraction
G0 F7200.0 X6.9 Y-12.29798
G1 F2400.0 E1963.03738 ; Reversed Retraction
G1 F3000.0 X-6.9 Y-12.29798 E1963.49637
G1 F3000.0 X-6.9 Y-4.67258 E1963.74999
G1 F3000.0 X6.9 Y-4.67258 E1964.20898
G1 F3000.0 X6.9 Y-12.29798 E1964.4626
;Internal Infill
G1 F2400.0 E1959.4626 ; Retraction
G0 F7200.0 X6.0 Y-11.89798
G1 F2400.0 E1964.4626 ; Reversed Retraction
G1 F3000.0 X6.0 Y-5.07258 E1964.68962
G1 F2400.0 E1959.68962 ; Retraction
G0 F7200.0 X6.90004 Y-9.92632
G1 F2400.0 E1964.68962 ; Reversed Retraction
G1 F3000.0 X-1.50688 Y-5.07258 E1965.01249
G1 F2400.0 E1960.01249 ; Retraction
G0 F7200.0 X0.0 Y-5.07258
G1 F2400.0 E1965.01249 ; Reversed Retraction
G1 F3000.0 X0.0 Y-11.89798 E1965.2395
G1 F2400.0 E1960.2395 ; Retraction
G0 F7200.0 X-1.68495 Y-11.89798
G1 F2400.0 E1965.2395 ; Reversed Retraction
G1 F3000.0 X-6.90004 Y-8.88705 E1965.43979
G1 F2400.0 E1960.43979 ; Retraction
G0 F7200.0 X-6.90004 Y-9.92632
G1 F2400.0 E1965.43979 ; Reversed Retraction
G1 F3000.0 X1.50688 Y-5.07258 E1965.76266
G1 F2400.0 E1960.76266 ; Retraction
G0 F7200.0 X6.90004 Y-8.88705
G1 F2400.0 E1965.76266 ; Reversed Retraction
G1 F3000.0 X1.68495 Y-11.89798 E1965.96295
G1 F2400.0 E1960.96295 ; Retraction
G0 F7200.0 X-6.0 Y-11.89798
G1 F2400.0 E1965.96295 ; Reversed Retraction
G1 F3000.0 X-6.0 Y-5.07258 E1966.18997
;Layer 134
G0 F1440.0 Z46.79899
;Shell(s)
G1 F2400.0 E1961.18997 ; Retraction
G0 F7200.0 X7.3 Y-12.49798
G1 F2400.0 E1966.18997 ; Reversed Retraction
G1 F3000.0 X-7.3 Y-12.49798 E1966.67556
G1 F3000.0 X-7.3 Y-4.47258 E1966.94249
G1 F3000.0 X7.3 Y-4.47258 E1967.42809
G1 F3000.0 X7.3 Y-12.49798 E1967.69501
G1 F2400.0 E1962.69501 ; Retraction
G0 F7200.0 X6.9 Y-12.09798
G1 F2400.0 E1967.69501 ; Reversed Retraction
G1 F3000.0 X-6.9 Y-12.09798 E1968.154
G1 F3000.0 X-6.9 Y-4.87258 E1968.39432
G1 F3000.0 X6.9 Y-4.87258 E1968.85331
G1 F3000.0 X6.9 Y-12.09798 E1969.09363
;Internal Infill
G1 F2400.0 E1964.09363 ; Retraction
G0 F7200.0 X6.0 Y-11.69798
G1 F2400.0 E1969.09363 ; Reversed Retraction
G1 F3000.0 X6.0 Y-5.27258 E1969.30734
G1 F2400.0 E1964.30734 ; Retraction
G0 F7200.0 X6.90004 Y-9.92632
G1 F2400.0 E1969.30734 ; Reversed Retraction
G1 F3000.0 X-1.16047 Y-5.27258 E1969.61691
G1 F2400.0 E1964.61691 ; Retraction
G0 F7200.0 X1.16047 Y-5.27258
G1 F2400.0 E1969.61691 ; Reversed Retraction
G1 F3000.0 X-6.90004 Y-9.92632 E1969.92647
G1 F2400.0 E1964.92647 ; Retraction
G0 F7200.0 X-6.90004 Y-8.88705
G1 F2400.0 E1969.92647 ; Reversed Retraction
G1 F3000.0 X-2.03136 Y-11.69798 E1970.11346
G1 F2400.0 E1965.11346 ; Retraction
G0 F7200.0 X0.0 Y-11.69798
G1 F2400.0 E1970.11346 ; Reversed Retraction
G1 F3000.0 X0.0 Y-5.27258 E1970.32717
G1 F2400.0 E1965.32717 ; Retraction
G0 F7200.0 X-6.0 Y-5.27258
G1 F2400.0 E1970.32717 ; Reversed Retraction
G1 F3000.0 X-6.0 Y-11.69798 E1970.54088
G1 F2400.0 E1965.54088 ; Retraction
G0 F7200.0 X2.03136 Y-11.69798
G1 F2400.0 E1970.54088 ; Reversed Retraction
G1 F3000.0 X6.90004 Y-8.88705 E1970.72786
;Layer 135
G0 F1440.0 Z46.99899
;Shell(s)
G1 F2400.0 E1965.72786 ; Retraction
G0 F7200.0 X7.3 Y-12.29798
G1 F2400.0 E1970.72786 ; Reversed Retraction
G1 F3000.0 X-7.3 Y-12.29798 E1971.21346
G1 F3000.0 X-7.3 Y-4.67258 E1971.46708
G1 F3000.0 X7.3 Y-4.67258 E1971.95268
G1 F3000.0 X7.3 Y-12.29798 E1972.2063
G1 F2400.0 E1967.2063 ; Retraction
G0 F7200.0 X6.9 Y-11.89798
G1 F2400.0 E1972.2063 ; Reversed Retraction
G1 F3000.0 X-6.9 Y-11.89798 E1972.66529
G1 F3000.0 X-6.9 Y-5.07258 E1972.8923
G1 F3000.0 X6.9 Y-5.07258 E1973.35129
G1 F3000.0 X6.9 Y-11.89798 E1973.57831
;Internal Infill
G1 F2400.0 E1968.57831 ; Retraction
G0 F7200.0 X6.0 Y-11.49798
G1 F2400.0 E1973.57831 ; Reversed Retraction
G1 F3000.0 X6.0 Y-5.47258 E1973.77871
G1 F2400.0 E1968.77871 ; Retraction
G0 F7200.0 X6.90004 Y-9.92632
G1 F2400.0 E1973.77871 ; Reversed Retraction
G1 F3000.0 X-0.81406 Y-5.47258 E1974.07498
G1 F2400.0 E1969.07498 ; Retraction
G0 F7200.0 X0.81406 Y-5.47258
G1 F2400.0 E1974.07498 ; Reversed Retraction
G1 F3000.0 X-6.90004 Y-9.92632 E1974.37124
G1 F2400.0 E1969.37124 ; Retraction
G0 F7200.0 X-6.90004 Y-8.88705
G1 F2400.0 E1974.37124 ; Reversed Retraction
G1 F3000.0 X-2.37777 Y-11.49798 E1974.54492
G1 F2400.0 E1969.54492 ; Retraction
G0 F7200.0 X0.0 Y-11.49798
G1 F2400.0 E1974.54492 ; Reversed Retraction
G1 F3000.0 X0.0 Y-5.47258 E1974.74533
G1 F2400.0 E1969.74533 ; Retraction
G0 F7200.0 X-6.0 Y-5.47258
G1 F2400.0 E1974.74533 ; Reversed Retraction
G1 F3000.0 X-6.0 Y-11.49798 E1974.94573
G1 F2400.0 E1969.94573 ; Retraction
G0 F7200.0 X2.37777 Y-11.49798
G1 F2400.0 E1974.94573 ; Reversed Retraction
G1 F3000.0 X6.90004 Y-8.88705 E1975.11941
;Layer 136
G0 F1440.0 Z47.19899
;Shell(s)
G1 F2400.0 E1970.11941 ; Retraction
G0 F7200.0 X7.3 Y-12.09798
G1 F2400.0 E1975.11941 ; Reversed Retraction
G1 F3000.0 X-7.3 Y-12.09798 E1975.60501
G1 F3000.0 X-7.3 Y-4.87258 E1975.84533
G1 F3000.0 X7.3 Y-4.87258 E1976.33093
G1 F3000.0 X7.3 Y-12.09798 E1976.57124
G1 F2400.0 E1971.57124 ; Retraction
G0 F7200.0 X6.9 Y-11.69798
G1 F2400.0 E1976.57124 ; Reversed Retraction
G1 F3000.0 X-6.9 Y-11.69798 E1977.03023
G1 F3000.0 X-6.9 Y-5.27258 E1977.24394
G1 F3000.0 X6.9 Y-5.27258 E1977.70293
G1 F3000.0 X6.9 Y-11.69798 E1977.91664
;Internal Infill
G1 F2400.0 E1972.91664 ; Retraction
G0 F7200.0 X6.0 Y-11.29798
G1 F2400.0 E1977.91664 ; Reversed Retraction
G1 F3000.0 X6.0 Y-5.67258 E1978.10374
G1 F2400.0 E1973.10374 ; Retraction
G0 F7200.0 X6.90004 Y-9.92632
G1 F2400.0 E1978.10374 ; Reversed Retraction
G1 F3000.0 X-0.46765 Y-5.67258 E1978.3867
G1 F2400.0 E1973.3867 ; Retraction
G0 F7200.0 X0.0 Y-5.67258
G1 F2400.0 E1978.3867 ; Reversed Retraction
G1 F3000.0 X0.0 Y-11.29798 E1978.57381
G1 F2400.0 E1973.57381 ; Retraction
G0 F7200.0 X-2.72418 Y-11.29798
G1 F2400.0 E1978.57381 ; Reversed Retraction
G1 F3000.0 X-6.90004 Y-8.88705 E1978.73418
G1 F2400.0 E1973.73418 ; Retraction
G0 F7200.0 X-6.90004 Y-9.92632
G1 F2400.0 E1978.73418 ; Reversed Retraction
G1 F3000.0 X0.46765 Y-5.67258 E1979.01714
G1 F2400.0 E1974.01714 ; Retraction
G0 F7200.0 X2.72418 Y-11.29798
G1 F2400.0 E1979.01714 ; Reversed Retraction
G1 F3000.0 X6.90004 Y-8.88705 E1979.17752
G1 F2400.0 E1974.17752 ; Retraction
G0 F7200.0 X-6.0 Y-11.29798
G1 F2400.0 E1979.17752 ; Reversed Retraction
G1 F3000.0 X-6.0 Y-5.67258 E1979.36462
;Layer 137
G0 F1440.0 Z47.39899
;Shell(s)
G1 F2400.0 E1974.36462 ; Retraction
G0 F7200.0 X7.3 Y-11.89798
G1 F2400.0 E1979.36462 ; Reversed Retraction
G1 F3000.0 X-7.3 Y-11.89798 E1979.85022
G1 F3000.0 X-7.3 Y-5.07258 E1980.07723
G1 F3000.0 X7.3 Y-5.07258 E1980.56283
G1 F3000.0 X7.3 Y-11.89798 E1980.78984
G1 F2400.0 E1975.78984 ; Retraction
G0 F7200.0 X6.9 Y-11.49798
G1 F2400.0 E1980.78984 ; Reversed Retraction
G1 F3000.0 X-6.9 Y-11.49798 E1981.24883
G1 F3000.0 X-6.9 Y-5.47258 E1981.44924
G1 F3000.0 X6.9 Y-5.47258 E1981.90823
G1 F3000.0 X6.9 Y-11.49798 E1982.10863
;Internal Infill
G1 F2400.0 E1977.10863 ; Retraction
G0 F7200.0 X6.0 Y-11.09798
G1 F2400.0 E1982.10863 ; Reversed Retraction
G1 F3000.0 X6.0 Y-5.87258 E1982.28243
G1 F2400.0 E1977.28243 ; Retraction
G0 F7200.0 X6.90004 Y-9.92632
G1 F2400.0 E1982.28243 ; Reversed Retraction
G1 F3000.0 X-0.12124 Y-5.87258 E1982.55209
G1 F2400.0 E1977.55209 ; Retraction
G0 F7200.0 X0.0 Y-5.87258
G1 F2400.0 E1982.55209 ; Reversed Retraction
G1 F3000.0 X0.0 Y-11.09798 E1982.72588
G1 F2400.0 E1977.72588 ; Retraction
G0 F7200.0 X-3.07059 Y-11.09798
G1 F2400.0 E1982.72588 ; Reversed Retraction
G1 F3000.0 X-6.90004 Y-8.88705 E1982.87296
G1 F2400.0 E1977.87296 ; Retraction
G0 F7200.0 X-6.90004 Y-9.92632
G1 F2400.0 E1982.87296 ; Reversed Retraction
G1 F3000.0 X0.12124 Y-5.87258 E1983.14261
G1 F2400.0 E1978.14261 ; Retraction
G0 F7200.0 X3.07059 Y-11.09798
G1 F2400.0 E1983.14261 ; Reversed Retraction
G1 F3000.0 X6.90004 Y-8.88705 E1983.28968
G1 F2400.0 E1978.28968 ; Retraction
G0 F7200.0 X-6.0 Y-11.09798
G1 F2400.0 E1983.28968 ; Reversed Retraction
G1 F3000.0 X-6.0 Y-5.87258 E1983.46348
;Layer 138
G0 F1440.0 Z47.59899
;Shell(s)
G1 F2400.0 E1978.46348 ; Retraction
G0 F7200.0 X7.3 Y-11.69798
G1 F2400.0 E1983.46348 ; Reversed Retraction
G1 F3000.0 X-7.3 Y-11.69798 E1983.94908
G1 F3000.0 X-7.3 Y-5.27258 E1984.16279
G1 F3000.0 X7.3 Y-5.27258 E1984.64839
G1 F3000.0 X7.3 Y-11.69798 E1984.8621
G1 F2400.0 E1979.8621 ; Retraction
G0 F7200.0 X6.9 Y-11.29798
G1 F2400.0 E1984.8621 ; Reversed Retraction
G1 F3000.0 X-6.9 Y-11.29798 E1985.32109
G1 F3000.0 X-6.9 Y-5.67258 E1985.50819
G1 F3000.0 X6.9 Y-5.67258 E1985.96718
G1 F3000.0 X6.9 Y-11.29798 E1986.15428
;Internal Infill
G1 F2400.0 E1981.15428 ; Retraction
G0 F7200.0 X6.0 Y-10.89798
G1 F2400.0 E1986.15428 ; Reversed Retraction
G1 F3000.0 X6.0 Y-6.07258 E1986.31477
G1 F2400.0 E1981.31477 ; Retraction
G0 F7200.0 X6.90004 Y-9.92632
G1 F2400.0 E1986.31477 ; Reversed Retraction
G1 F3000.0 X0.22517 Y-6.07258 E1986.57112
G1 F2400.0 E1981.57112 ; Retraction
G0 F7200.0 X0.0 Y-6.07258
G1 F2400.0 E1986.57112 ; Reversed Retraction
G1 F3000.0 X0.0 Y-10.89798 E1986.73162
G1 F2400.0 E1981.73162 ; Retraction
G0 F7200.0 X-3.417 Y-10.89798
G1 F2400.0 E1986.73162 ; Reversed Retraction
G1 F3000.0 X-6.90004 Y-8.88705 E1986.86539
G1 F2400.0 E1981.86539 ; Retraction
G0 F7200.0 X-6.90004 Y-9.92632
G1 F2400.0 E1986.86539 ; Reversed Retraction
G1 F3000.0 X-0.22517 Y-6.07258 E1987.12174
G1 F2400.0 E1982.12174 ; Retraction
G0 F7200.0 X-6.0 Y-6.07258
G1 F2400.0 E1987.12174 ; Reversed Retraction
G1 F3000.0 X-6.0 Y-10.89798 E1987.28223
G1 F2400.0 E1982.28223 ; Retraction
G0 F7200.0 X3.417 Y-10.89798
G1 F2400.0 E1987.28223 ; Reversed Retraction
G1 F3000.0 X6.90004 Y-8.88705 E1987.416
;Layer 139
G0 F1440.0 Z47.79899
;Shell(s)
G1 F2400.0 E1982.416 ; Retraction
G0 F7200.0 X7.3 Y-11.49798
G1 F2400.0 E1987.416 ; Reversed Retraction
G1 F3000.0 X-7.3 Y-11.49798 E1987.9016
G1 F3000.0 X-7.3 Y-5.47258 E1988.102
G1 F3000.0 X7.3 Y-5.47258 E1988.5876
G1 F3000.0 X7.3 Y-11.49798 E1988.78801
G1 F2400.0 E1983.78801 ; Retraction
G0 F7200.0 X6.9 Y-11.09798
G1 F2400.0 E1988.78801 ; Reversed Retraction
G1 F3000.0 X-6.9 Y-11.09798 E1989.247
G1 F3000.0 X-6.9 Y-5.87258 E1989.42079
G1 F3000.0 X6.9 Y-5.87258 E1989.87978
G1 F3000.0 X6.9 Y-11.09798 E1990.05358
;Internal Infill
G1 F2400.0 E1985.05358 ; Retraction
G0 F7200.0 X6.0 Y-10.69798
G1 F2400.0 E1990.05358 ; Reversed Retraction
G1 F3000.0 X6.0 Y-6.27258 E1990.20077
G1 F2400.0 E1985.20077 ; Retraction
G0 F7200.0 X6.90004 Y-9.92632
G1 F2400.0 E1990.20077 ; Reversed Retraction
G1 F3000.0 X0.57158 Y-6.27258 E1990.44382
G1 F2400.0 E1985.44382 ; Retraction
G0 F7200.0 X0.0 Y-6.27258
G1 F2400.0 E1990.44382 ; Reversed Retraction
G1 F3000.0 X0.0 Y-10.69798 E1990.59101
G1 F2400.0 E1985.59101 ; Retraction
G0 F7200.0 X-3.76341 Y-10.69798
G1 F2400.0 E1990.59101 ; Reversed Retraction
G1 F3000.0 X-6.90004 Y-8.88705 E1990.71147
G1 F2400.0 E1985.71147 ; Retraction
G0 F7200.0 X-6.90004 Y-9.92632
G1 F2400.0 E1990.71147 ; Reversed Retraction
G1 F3000.0 X-0.57158 Y-6.27258 E1990.95452
G1 F2400.0 E1985.95452 ; Retraction
G0 F7200.0 X-6.0 Y-6.27258
G1 F2400.0 E1990.95452 ; Reversed Retraction
G1 F3000.0 X-6.0 Y-10.69798 E1991.10171
G1 F2400.0 E1986.10171 ; Retraction
G0 F7200.0 X3.76341 Y-10.69798
G1 F2400.0 E1991.10171 ; Reversed Retraction
G1 F3000.0 X6.90004 Y-8.88705 E1991.22217
;Layer 140
G0 F1440.0 Z47.99899
;Shell(s)
G1 F2400.0 E1986.22217 ; Retraction
G0 F7200.0 X7.3 Y-11.29798
G1 F2400.0 E1991.22217 ; Reversed Retraction
G1 F3000.0 X-7.3 Y-11.29798 E1991.70777
G1 F3000.0 X-7.3 Y-5.67258 E1991.89487
G1 F3000.0 X7.3 Y-5.67258 E1992.38047
G1 F3000.0 X7.3 Y-11.29798 E1992.56757
G1 F2400.0 E1987.56757 ; Retraction
G0 F7200.0 X6.9 Y-10.89798
G1 F2400.0 E1992.56757 ; Reversed Retraction
G1 F3000.0 X-6.9 Y-10.89798 E1993.02656
G1 F3000.0 X-6.9 Y-6.07258 E1993.18705
G1 F3000.0 X6.9 Y-6.07258 E1993.64604
G1 F3000.0 X6.9 Y-10.89798 E1993.80654
;Internal Infill
G1 F2400.0 E1988.80654 ; Retraction
G0 F7200.0 X6.90004 Y-9.92632
G1 F2400.0 E1993.80654 ; Reversed Retraction
G1 F3000.0 X0.91799 Y-6.47258 E1994.03628
G1 F2400.0 E1989.03628 ; Retraction
G0 F7200.0 X0.0 Y-6.47258
G1 F2400.0 E1994.03628 ; Reversed Retraction
G1 F3000.0 X0.0 Y-10.49798 E1994.17017
G1 F2400.0 E1989.17017 ; Retraction
G0 F7200.0 X-0.91799 Y-6.47258
G1 F2400.0 E1994.17017 ; Reversed Retraction
G1 F3000.0 X-6.90004 Y-9.92632 E1994.39991
G1 F2400.0 E1989.39991 ; Retraction
G0 F7200.0 X-6.0 Y-10.49798
G1 F2400.0 E1994.39991 ; Reversed Retraction
G1 F3000.0 X-6.0 Y-6.47258 E1994.5338
G1 F2400.0 E1989.5338 ; Retraction
G0 F7200.0 X-6.90004 Y-8.88705
G1 F2400.0 E1994.5338 ; Reversed Retraction
G1 F3000.0 X-4.10982 Y-10.49798 E1994.64096
G1 F2400.0 E1989.64096 ; Retraction
G0 F7200.0 X4.10982 Y-10.49798
G1 F2400.0 E1994.64096 ; Reversed Retraction
G1 F3000.0 X6.90004 Y-8.88705 E1994.74811
G1 F2400.0 E1989.74811 ; Retraction
G0 F7200.0 X6.0 Y-10.49798
G1 F2400.0 E1994.74811 ; Reversed Retraction
G1 F3000.0 X6.0 Y-6.47258 E1994.882
;Layer 141
G0 F1440.0 Z48.19899
;Shell(s)
G1 F2400.0 E1989.882 ; Retraction
G0 F7200.0 X7.3 Y-11.09798
G1 F2400.0 E1994.882 ; Reversed Retraction
G1 F3000.0 X-7.3 Y-11.09798 E1995.3676
G1 F3000.0 X-7.3 Y-5.87258 E1995.5414
G1 F3000.0 X7.3 Y-5.87258 E1996.02699
G1 F3000.0 X7.3 Y-11.09798 E1996.20079
G1 F2400.0 E1991.20079 ; Retraction
G0 F7200.0 X6.9 Y-10.69798
G1 F2400.0 E1996.20079 ; Reversed Retraction
G1 F3000.0 X-6.9 Y-10.69798 E1996.65978
G1 F3000.0 X-6.9 Y-6.27258 E1996.80697
G1 F3000.0 X6.9 Y-6.27258 E1997.26596
G1 F3000.0 X6.9 Y-10.69798 E1997.41315
;Internal Infill
G1 F2400.0 E1992.41315 ; Retraction
G0 F7200.0 X6.90004 Y-9.92632
G1 F2400.0 E1997.41315 ; Reversed Retraction
G1 F3000.0 X1.2644 Y-6.67258 E1997.62959
G1 F2400.0 E1992.62959 ; Retraction
G0 F7200.0 X0.0 Y-6.67258
G1 F2400.0 E1997.62959 ; Reversed Retraction
G1 F3000.0 X0.0 Y-10.29798 E1997.75017
G1 F2400.0 E1992.75017 ; Retraction
G0 F7200.0 X-1.2644 Y-6.67258
G1 F2400.0 E1997.75017 ; Reversed Retraction
G1 F3000.0 X-6.90004 Y-9.92632 E1997.96661
G1 F2400.0 E1992.96661 ; Retraction
G0 F7200.0 X-6.0 Y-10.29798
G1 F2400.0 E1997.96661 ; Reversed Retraction
G1 F3000.0 X-6.0 Y-6.67258 E1998.08719
G1 F2400.0 E1993.08719 ; Retraction
G0 F7200.0 X-6.90004 Y-8.88705
G1 F2400.0 E1998.08719 ; Reversed Retraction
G1 F3000.0 X-4.45623 Y-10.29798 E1998.18105
G1 F2400.0 E1993.18105 ; Retraction
G0 F7200.0 X4.45623 Y-10.29798
G1 F2400.0 E1998.18105 ; Reversed Retraction
G1 F3000.0 X6.90004 Y-8.88705 E1998.2749
G1 F2400.0 E1993.2749 ; Retraction
G0 F7200.0 X6.0 Y-10.29798
G1 F2400.0 E1998.2749 ; Reversed Retraction
G1 F3000.0 X6.0 Y-6.67258 E1998.39548
;Layer 142
G0 F1440.0 Z48.39899
;Shell(s)
G1 F2400.0 E1993.39548 ; Retraction
G0 F7200.0 X7.3 Y-10.89798
G1 F2400.0 E1998.39548 ; Reversed Retraction
G1 F3000.0 X-7.3 Y-10.89798 E1998.88108
G1 F3000.0 X-7.3 Y-6.07258 E1999.04158
G1 F3000.0 X7.3 Y-6.07258 E1999.52717
G1 F3000.0 X7.3 Y-10.89798 E1999.68767
G1 F2400.0 E1994.68767 ; Retraction
G0 F7200.0 X6.9 Y-10.49798
G1 F2400.0 E1999.68767 ; Reversed Retraction
G1 F3000.0 X-6.9 Y-10.49798 E2000.14666
G1 F3000.0 X-6.9 Y-6.47258 E2000.28054
G1 F3000.0 X6.9 Y-6.47258 E2000.73953
G1 F3000.0 X6.9 Y-10.49798 E2000.87342
;Internal Infill
G1 F2400.0 E1995.87342 ; Retraction
G0 F7200.0 X6.90004 Y-9.92632
G1 F2400.0 E2000.87342 ; Reversed Retraction
G1 F3000.0 X1.61081 Y-6.87258 E2001.07655
G1 F2400.0 E1996.07655 ; Retraction
G0 F7200.0 X0.0 Y-6.87258
G1 F2400.0 E2001.07655 ; Reversed Retraction
G1 F3000.0 X0.0 Y-10.09798 E2001.18383
G1 F2400.0 E1996.18383 ; Retraction
G0 F7200.0 X-1.61081 Y-6.87258
G1 F2400.0 E2001.18383 ; Reversed Retraction
G1 F3000.0 X-6.90004 Y-9.92632 E2001.38697
G1 F2400.0 E1996.38697 ; Retraction
G0 F7200.0 X-6.0 Y-10.09798
G1 F2400.0 E2001.38697 ; Reversed Retraction
G1 F3000.0 X-6.0 Y-6.87258 E2001.49424
G1 F2400.0 E1996.49424 ; Retraction
G0 F7200.0 X-6.90004 Y-8.88705
G1 F2400.0 E2001.49424 ; Reversed Retraction
G1 F3000.0 X-4.80264 Y-10.09798 E2001.57479
G1 F2400.0 E1996.57479 ; Retraction
G0 F7200.0 X4.80264 Y-10.09798
G1 F2400.0 E2001.57479 ; Reversed Retraction
G1 F3000.0 X6.90004 Y-8.88705 E2001.65535
G1 F2400.0 E1996.65535 ; Retraction
G0 F7200.0 X6.0 Y-10.09798
G1 F2400.0 E2001.65535 ; Reversed Retraction
G1 F3000.0 X6.0 Y-6.87258 E2001.76262
;Layer 143
G0 F1440.0 Z48.59899
;Shell(s)
G1 F2400.0 E1996.76262 ; Retraction
G0 F7200.0 X7.3 Y-10.69798
G1 F2400.0 E2001.76262 ; Reversed Retraction
G1 F3000.0 X-7.3 Y-10.69798 E2002.24822
G1 F3000.0 X-7.3 Y-6.27258 E2002.39541
G1 F3000.0 X7.3 Y-6.27258 E2002.88101
G1 F3000.0 X7.3 Y-10.69798 E2003.0282
G1 F2400.0 E1998.0282 ; Retraction
G0 F7200.0 X6.9 Y-10.29798
G1 F2400.0 E2003.0282 ; Reversed Retraction
G1 F3000.0 X-6.9 Y-10.29798 E2003.48719
G1 F3000.0 X-6.9 Y-6.67258 E2003.60777
G1 F3000.0 X6.9 Y-6.67258 E2004.06676
G1 F3000.0 X6.9 Y-10.29798 E2004.18734
;Internal Infill
G1 F2400.0 E1999.18734 ; Retraction
G0 F7200.0 X6.85095 Y-9.89798
G1 F2400.0 E2004.18734 ; Reversed Retraction
G1 F3000.0 X1.95722 Y-7.07258 E2004.37529
G1 F2400.0 E1999.37529 ; Retraction
G0 F7200.0 X0.0 Y-7.07258
G1 F2400.0 E2004.37529 ; Reversed Retraction
G1 F3000.0 X0.0 Y-9.89798 E2004.46926
G1 F2400.0 E1999.46926 ; Retraction
G0 F7200.0 X-1.95722 Y-7.07258
G1 F2400.0 E2004.46926 ; Reversed Retraction
G1 F3000.0 X-6.85095 Y-9.89798 E2004.65721
G1 F2400.0 E1999.65721 ; Retraction
G0 F7200.0 X-6.90004 Y-8.88705
G1 F2400.0 E2004.65721 ; Reversed Retraction
G1 F3000.0 X-5.14905 Y-9.89798 E2004.72445
G1 F2400.0 E1999.72445 ; Retraction
G0 F7200.0 X-6.0 Y-9.89798
G1 F2400.0 E2004.72445 ; Reversed Retraction
G1 F3000.0 X-6.0 Y-7.07258 E2004.81843
G1 F2400.0 E1999.81843 ; Retraction
G0 F7200.0 X5.14905 Y-9.89798
G1 F2400.0 E2004.81843 ; Reversed Retraction
G1 F3000.0 X6.90004 Y-8.88705 E2004.88567
G1 F2400.0 E1999.88567 ; Retraction
G0 F7200.0 X6.0 Y-9.89798
G1 F2400.0 E2004.88567 ; Reversed Retraction
G1 F3000.0 X6.0 Y-7.07258 E2004.97965
;Layer 144
G0 F1440.0 Z48.79899
;Shell(s)
G1 F2400.0 E1999.97965 ; Retraction
G0 F7200.0 X7.3 Y-10.49798
G1 F2400.0 E2004.97965 ; Reversed Retraction
G1 F3000.0 X-7.3 Y-10.49798 E2005.46525
G1 F3000.0 X-7.3 Y-6.47258 E2005.59913
G1 F3000.0 X7.3 Y-6.47258 E2006.08473
G1 F3000.0 X7.3 Y-10.49798 E2006.21861
G1 F2400.0 E2001.21861 ; Retraction
G0 F7200.0 X6.9 Y-10.09798
G1 F2400.0 E2006.21861 ; Reversed Retraction
G1 F3000.0 X-6.9 Y-10.09798 E2006.6776
G1 F3000.0 X-6.9 Y-6.87258 E2006.78488
G1 F3000.0 X6.9 Y-6.87258 E2007.24387
G1 F3000.0 X6.9 Y-10.09798 E2007.35115
;Internal Infill
G1 F2400.0 E2002.35115 ; Retraction
G0 F7200.0 X6.50454 Y-9.69798
G1 F2400.0 E2007.35115 ; Reversed Retraction
G1 F3000.0 X2.30363 Y-7.27258 E2007.51249
G1 F2400.0 E2002.51249 ; Retraction
G0 F7200.0 X0.0 Y-7.27258
G1 F2400.0 E2007.51249 ; Reversed Retraction
G1 F3000.0 X0.0 Y-9.69798 E2007.59316
G1 F2400.0 E2002.59316 ; Retraction
G0 F7200.0 X-2.30363 Y-7.27258
G1 F2400.0 E2007.59316 ; Reversed Retraction
G1 F3000.0 X-6.50454 Y-9.69798 E2007.75449
G1 F2400.0 E2002.75449 ; Retraction
G0 F7200.0 X-6.0 Y-9.69798
G1 F2400.0 E2007.75449 ; Reversed Retraction
G1 F3000.0 X-6.0 Y-7.27258 E2007.83516
G1 F2400.0 E2002.83516 ; Retraction
G0 F7200.0 X-6.90004 Y-8.88705
G1 F2400.0 E2007.83516 ; Reversed Retraction
G1 F3000.0 X-5.49546 Y-9.69798 E2007.88911
G1 F2400.0 E2002.88911 ; Retraction
G0 F7200.0 X5.49546 Y-9.69798
G1 F2400.0 E2007.88911 ; Reversed Retraction
G1 F3000.0 X6.90004 Y-8.88705 E2007.94305
G1 F2400.0 E2002.94305 ; Retraction
G0 F7200.0 X6.0 Y-9.69798
G1 F2400.0 E2007.94305 ; Reversed Retraction
G1 F3000.0 X6.0 Y-7.27258 E2008.02372
;Layer 145
G0 F1440.0 Z48.99899
;Shell(s)
G1 F2400.0 E2003.02372 ; Retraction
G0 F7200.0 X7.3 Y-10.29798
G1 F2400.0 E2008.02372 ; Reversed Retraction
G1 F3000.0 X-7.3 Y-10.29798 E2008.50932
G1 F3000.0 X-7.3 Y-6.67258 E2008.6299
G1 F3000.0 X7.3 Y-6.67258 E2009.1155
G1 F3000.0 X7.3 Y-10.29798 E2009.23608
G1 F2400.0 E2004.23608 ; Retraction
G0 F7200.0 X6.9 Y-9.89798
G1 F2400.0 E2009.23608 ; Reversed Retraction
G1 F3000.0 X-6.9 Y-9.89798 E2009.69507
G1 F3000.0 X-6.9 Y-7.07258 E2009.78904
G1 F3000.0 X6.9 Y-7.07258 E2010.24803
G1 F3000.0 X6.9 Y-9.89798 E2010.342
;Internal Infill
G1 F2400.0 E2005.342 ; Retraction
G0 F7200.0 X6.15813 Y-9.49798
G1 F2400.0 E2010.342 ; Reversed Retraction
G1 F3000.0 X2.65004 Y-7.47258 E2010.47673
G1 F2400.0 E2005.47673 ; Retraction
G0 F7200.0 X0.0 Y-7.47258
G1 F2400.0 E2010.47673 ; Reversed Retraction
G1 F3000.0 X0.0 Y-9.49798 E2010.5441
G1 F2400.0 E2005.5441 ; Retraction
G0 F7200.0 X-2.65004 Y-7.47258
G1 F2400.0 E2010.5441 ; Reversed Retraction
G1 F3000.0 X-6.15813 Y-9.49798 E2010.67883
G1 F2400.0 E2005.67883 ; Retraction
G0 F7200.0 X-5.84187 Y-9.49798
G1 F2400.0 E2010.67883 ; Reversed Retraction
G1 F3000.0 X-6.90004 Y-8.88705 E2010.71947
G1 F2400.0 E2005.71947 ; Retraction
G0 F7200.0 X-6.0 Y-9.49798
G1 F2400.0 E2010.71947 ; Reversed Retraction
G1 F3000.0 X-6.0 Y-7.47258 E2010.78683
G1 F2400.0 E2005.78683 ; Retraction
G0 F7200.0 X6.0 Y-7.47258
G1 F2400.0 E2010.78683 ; Reversed Retraction
G1 F3000.0 X6.0 Y-9.49798 E2010.8542
G1 F2400.0 E2005.8542 ; Retraction
G0 F7200.0 X5.84187 Y-9.49798
G1 F2400.0 E2010.8542 ; Reversed Retraction
G1 F3000.0 X6.90004 Y-8.88705 E2010.89484
;Layer 146
G0 F1440.0 Z49.19899
;Shell(s)
G1 F2400.0 E2005.89484 ; Retraction
G0 F7200.0 X7.3 Y-10.09798
G1 F2400.0 E2010.89484 ; Reversed Retraction
G1 F3000.0 X-7.3 Y-10.09798 E2011.38044
G1 F3000.0 X-7.3 Y-6.87258 E2011.48771
G1 F3000.0 X7.3 Y-6.87258 E2011.97331
G1 F3000.0 X7.3 Y-10.09798 E2012.08059
G1 F2400.0 E2007.08059 ; Retraction
G0 F7200.0 X6.9 Y-9.69798
G1 F2400.0 E2012.08059 ; Reversed Retraction
G1 F3000.0 X-6.9 Y-9.69798 E2012.53958
G1 F3000.0 X-6.9 Y-7.27258 E2012.62025
G1 F3000.0 X6.9 Y-7.27258 E2013.07924
G1 F3000.0 X6.9 Y-9.69798 E2013.15991
;Internal Infill
G1 F2400.0 E2008.15991 ; Retraction
G0 F7200.0 X6.90004 Y-8.88705
G1 F2400.0 E2013.15991 ; Reversed Retraction
G1 F3000.0 X6.18828 Y-9.29798 E2013.18724
G1 F2400.0 E2008.18724 ; Retraction
G0 F7200.0 X6.0 Y-9.29798
G1 F2400.0 E2013.18724 ; Reversed Retraction
G1 F3000.0 X6.0 Y-7.67258 E2013.2413
G1 F2400.0 E2008.2413 ; Retraction
G0 F7200.0 X5.81172 Y-9.29798
G1 F2400.0 E2013.2413 ; Reversed Retraction
G1 F3000.0 X2.99645 Y-7.67258 E2013.34942
G1 F2400.0 E2008.34942 ; Retraction
G0 F7200.0 X0.0 Y-7.67258
G1 F2400.0 E2013.34942 ; Reversed Retraction
G1 F3000.0 X0.0 Y-9.29798 E2013.40349
G1 F2400.0 E2008.40349 ; Retraction
G0 F7200.0 X-2.99645 Y-7.67258
G1 F2400.0 E2013.40349 ; Reversed Retraction
G1 F3000.0 X-5.81172 Y-9.29798 E2013.51161
G1 F2400.0 E2008.51161 ; Retraction
G0 F7200.0 X-6.0 Y-9.29798
G1 F2400.0 E2013.51161 ; Reversed Retraction
G1 F3000.0 X-6.0 Y-7.67258 E2013.56567
G1 F2400.0 E2008.56567 ; Retraction
G0 F7200.0 X-6.90004 Y-8.88705
G1 F2400.0 E2013.56567 ; Reversed Retraction
G1 F3000.0 X-6.18828 Y-9.29798 E2013.593
;Layer 147
G0 F1440.0 Z49.39899
;Shell(s)
G1 F2400.0 E2008.593 ; Retraction
G0 F7200.0 X7.3 Y-9.89798
G1 F2400.0 E2013.593 ; Reversed Retraction
G1 F3000.0 X-7.3 Y-9.89798 E2014.0786
G1 F3000.0 X-7.3 Y-7.07258 E2014.17257
G1 F3000.0 X7.3 Y-7.07258 E2014.65817
G1 F3000.0 X7.3 Y-9.89798 E2014.75215
G1 F2400.0 E2009.75215 ; Retraction
G0 F7200.0 X6.9 Y-9.49798
G1 F2400.0 E2014.75215 ; Reversed Retraction
G1 F3000.0 X-6.9 Y-9.49798 E2015.21114
G1 F3000.0 X-6.9 Y-7.47258 E2015.2785
G1 F3000.0 X6.9 Y-7.47258 E2015.73749
G1 F3000.0 X6.9 Y-9.49798 E2015.80486
;Internal Infill
G1 F2400.0 E2010.80486 ; Retraction
G0 F7200.0 X6.0 Y-9.09798
G1 F2400.0 E2015.80486 ; Reversed Retraction
G1 F3000.0 X6.0 Y-7.87258 E2015.84561
G1 F2400.0 E2010.84561 ; Retraction
G0 F7200.0 X5.46531 Y-9.09798
G1 F2400.0 E2015.84561 ; Reversed Retraction
G1 F3000.0 X3.34286 Y-7.87258 E2015.92713
G1 F2400.0 E2010.92713 ; Retraction
G0 F7200.0 X0.0 Y-7.87258
G1 F2400.0 E2015.92713 ; Reversed Retraction
G1 F3000.0 X0.0 Y-9.09798 E2015.96788
G1 F2400.0 E2010.96788 ; Retraction
G0 F7200.0 X-3.34286 Y-7.87258
G1 F2400.0 E2015.96788 ; Reversed Retraction
G1 F3000.0 X-5.46531 Y-9.09798 E2016.0494
G1 F2400.0 E2011.0494 ; Retraction
G0 F7200.0 X-6.0 Y-9.09798
G1 F2400.0 E2016.0494 ; Reversed Retraction
G1 F3000.0 X-6.0 Y-7.87258 E2016.09015
;Layer 148
G0 F1440.0 Z49.59899
;Shell(s)
G1 F2400.0 E2011.09015 ; Retraction
G0 F7200.0 X7.3 Y-9.69798
G1 F2400.0 E2016.09015 ; Reversed Retraction
G1 F3000.0 X-7.3 Y-9.69798 E2016.57575
G1 F3000.0 X-7.3 Y-7.27258 E2016.65642
G1 F3000.0 X7.3 Y-7.27258 E2017.14202
G1 F3000.0 X7.3 Y-9.69798 E2017.22269
G1 F2400.0 E2012.22269 ; Retraction
G0 F7200.0 X6.9 Y-9.29798
G1 F2400.0 E2017.22269 ; Reversed Retraction
G1 F3000.0 X-6.9 Y-9.29798 E2017.68168
G1 F3000.0 X-6.9 Y-7.67258 E2017.73574
G1 F3000.0 X6.9 Y-7.67258 E2018.19473
G1 F3000.0 X6.9 Y-9.29798 E2018.24879
;Internal Infill
G1 F2400.0 E2013.24879 ; Retraction
G0 F7200.0 X6.0 Y-8.89798
G1 F2400.0 E2018.24879 ; Reversed Retraction
G1 F3000.0 X6.0 Y-8.07258 E2018.27624
G1 F2400.0 E2013.27624 ; Retraction
G0 F7200.0 X5.1189 Y-8.89798
G1 F2400.0 E2018.27624 ; Reversed Retraction
G1 F3000.0 X3.68927 Y-8.07258 E2018.33115
G1 F2400.0 E2013.33115 ; Retraction
G0 F7200.0 X0.0 Y-8.07258
G1 F2400.0 E2018.33115 ; Reversed Retraction
G1 F3000.0 X0.0 Y-8.89798 E2018.3586
G1 F2400.0 E2013.3586 ; Retraction
G0 F7200.0 X-3.68927 Y-8.07258
G1 F2400.0 E2018.3586 ; Reversed Retraction
G1 F3000.0 X-5.1189 Y-8.89798 E2018.41351
G1 F2400.0 E2013.41351 ; Retraction
G0 F7200.0 X-6.0 Y-8.89798
G1 F2400.0 E2018.41351 ; Reversed Retraction
G1 F3000.0 X-6.0 Y-8.07258 E2018.44096
;Layer 149
G0 F1440.0 Z49.79899
;Shell(s)
G1 F2400.0 E2013.44096 ; Retraction
G0 F7200.0 X7.3 Y-9.49798
G1 F2400.0 E2018.44096 ; Reversed Retraction
G1 F3000.0 X-7.3 Y-9.49798 E2018.92656
G1 F3000.0 X-7.3 Y-7.47258 E2018.99392
G1 F3000.0 X7.3 Y-7.47258 E2019.47952
G1 F3000.0 X7.3 Y-9.49798 E2019.54689
G1 F2400.0 E2014.54689 ; Retraction
G0 F7200.0 X6.9 Y-9.09798
G1 F2400.0 E2019.54689 ; Reversed Retraction
G1 F3000.0 X-6.9 Y-9.09798 E2020.00588
G1 F3000.0 X-6.9 Y-7.87258 E2020.04663
G1 F3000.0 X6.9 Y-7.87258 E2020.50562
G1 F3000.0 X6.9 Y-9.09798 E2020.54638
;Internal Infill
G1 F2400.0 E2015.54638 ; Retraction
G0 F7200.0 X4.77249 Y-8.69798
G1 F2400.0 E2020.54638 ; Reversed Retraction
G1 F3000.0 X4.03568 Y-8.27258 E2020.57468
G1 F2400.0 E2015.57468 ; Retraction
G0 F7200.0 X-4.03568 Y-8.27258
G1 F2400.0 E2020.57468 ; Reversed Retraction
G1 F3000.0 X-4.77249 Y-8.69798 E2020.60298
;Layer 150
G0 F1440.0 Z49.99899
;Shell(s)
G1 F2400.0 E2015.60298 ; Retraction
G0 F7200.0 X7.3 Y-9.29798
G1 F2400.0 E2020.60298 ; Reversed Retraction
G1 F3000.0 X-7.3 Y-9.29798 E2021.08857
G1 F3000.0 X-7.3 Y-7.67258 E2021.14263
G1 F3000.0 X7.3 Y-7.67258 E2021.62823
G1 F3000.0 X7.3 Y-9.29798 E2021.68229
G1 F2400.0 E2016.68229 ; Retraction
G0 F7200.0 X6.9 Y-8.89798
G1 F2400.0 E2021.68229 ; Reversed Retraction
G1 F3000.0 X-6.9 Y-8.89798 E2022.14128
G1 F3000.0 X-6.9 Y-8.07258 E2022.16874
G1 F3000.0 X6.9 Y-8.07258 E2022.62773
G1 F3000.0 X6.9 Y-8.89798 E2022.65518
;Layer 151
G0 F1440.0 Z50.19899
;Shell(s)
G1 F2400.0 E2017.65518 ; Retraction
G0 F7200.0 X7.3 Y-9.09798
G1 F2400.0 E2022.65518 ; Reversed Retraction
G1 F3000.0 X-7.3 Y-9.09798 E2023.14078
G1 F3000.0 X-7.3 Y-7.87258 E2023.18153
G1 F3000.0 X7.3 Y-7.87258 E2023.66713
G1 F3000.0 X7.3 Y-9.09798 E2023.70789
G1 F2400.0 E2018.70789 ; Retraction
G0 F7200.0 X6.9 Y-8.69798
G1 F2400.0 E2023.70789 ; Reversed Retraction
G1 F3000.0 X-6.9 Y-8.69798 E2024.16688
G1 F3000.0 X-6.9 Y-8.27258 E2024.18103
G1 F3000.0 X6.9 Y-8.27258 E2024.64002
G1 F3000.0 X6.9 Y-8.69798 E2024.65417
;Layer 152
G0 F1440.0 Z50.39899
;Shell(s)
G1 F2400.0 E2019.65417 ; Retraction
G0 F7200.0 X7.3 Y-8.89798
G1 F2400.0 E2024.65417 ; Reversed Retraction
G1 F3000.0 X-7.3 Y-8.89798 E2025.13976
G1 F3000.0 X-7.3 Y-8.07258 E2025.16722
G1 F3000.0 X7.3 Y-8.07258 E2025.65282
G1 F3000.0 X7.3 Y-8.89798 E2025.68027
G1 F2400.0 E2020.68027 ; Retraction
G0 F7200.0 X6.9 Y-8.49798
G1 F2400.0 E2025.68027 ; Reversed Retraction
G1 F3000.0 X-6.9 Y-8.49798 E2026.13926
G1 F3000.0 X-6.9 Y-8.47258 E2026.1401
G1 F3000.0 X6.9 Y-8.47258 E2026.59909
G1 F3000.0 X6.9 Y-8.49798 E2026.59994
;Layer 153
G0 F1440.0 Z50.59899
;Shell(s)
G1 F2400.0 E2021.59994 ; Retraction
G0 F7200.0 X7.3 Y-8.69798
G1 F2400.0 E2026.59994 ; Reversed Retraction
G1 F3000.0 X-7.3 Y-8.69798 E2027.08554
G1 F3000.0 X-7.3 Y-8.27258 E2027.09968
G1 F3000.0 X7.3 Y-8.27258 E2027.58528
G1 F3000.0 X7.3 Y-8.69798 E2027.59943
;Layer 154
G0 F1440.0 Z50.79899
;Shell(s)
G1 F2400.0 E2022.59943 ; Retraction
G0 F7200.0 X7.3 Y-8.49798
G1 F2400.0 E2027.59943 ; Reversed Retraction
G1 F3000.0 X-7.3 Y-8.49798 E2028.08503
G1 F3000.0 X-7.3 Y-8.47258 E2028.08587
G1 F3000.0 X7.3 Y-8.47258 E2028.57147
G1 F3000.0 X7.3 Y-8.49798 E2028.57232
;FOOTER:
G1 F2400.0 E2026.57232 ; Retract for end of print
G0 F1440.0 Z50.99899
M140 S0       ;Set bed temp to zero
M104 S0       ;Set nozzle temp to zero
G28 Y         ;Home X-Axis
G28 X         ;Home X-Axis
MANUAL_STEPPER STEPPER=stepper_a MOVE=0.0 SPEED=22.36068 SYNC=0
MANUAL_STEPPER STEPPER=stepper_b MOVE=0.0 SPEED=11.18034 SYNC=1 STOP_ON_ENDSTOP=2
;A & B Axes Homed
;End of GCODE
